pair_id,kn_word,te_word,kn_iso,te_iso,synset_id,gloss_en,candidate_source,label,origin,annotator,notes
B000000,.,.,.,.,,"kn: ಯಾವುದೇ ಕೆಲಸ, ಸ್ಪರ್ಧೆ ಮುಂತಾದವುಗಳಲ್ಲಿ ಯಾರೋ ಒಬ್ಬರಿಗಿಂತ ಮುಂದೆ ಹೋಗಲು ಆಗದೆ ಅಥವಾ ಸಮಾ ಸಮಾ ಮಾಡಲು ಆಗದೆ ಇರುವ ಪ್ರಕ್ರಿಯೆ || te: ఈ సయయములో వచ్చి హాజరై ఉండిన",form_similar,,,,
B000001,000,000,000,000,,kn: ನೂರು-ನೂರುಗಳನ್ನು ಕೂಡುವಿಕೆಯಿಂದ ಪ್ರಾಪ್ತವಾಗು ಸಂಖ್ಯೆ || te: బ్రహ్మకు ఒక రోజుకు పట్టు కాలం,form_similar,,,,
B000002,100000000000000000,100000000000000000,100000000000000000,100000000000000000,,kn: ಒಂದರ ಮುಂದೆ ಹದಿನೇಳು ಸೊನ್ನೆಗಳನ್ನು ಹಾಕುವುದರಿಂದ ಪ್ರಾಪ್ತವಾಗುವ ಸಂಖ್ಯೆ || te: పది లక్షల పదివేలకోట్లు,form_similar,,,,
B000003,100000000000000000,౧౦౦౦౦౦౦౦౦౦౦౦౦౦౦౦౦౦,100000000000000000,100000000000000000,,kn: ಒಂದರ ಮುಂದೆ ಹದಿನೇಳು ಸೊನ್ನೆಗಳನ್ನು ಹಾಕುವುದರಿಂದ ಪ್ರಾಪ್ತವಾಗುವ ಸಂಖ್ಯೆ || te: పది లక్షల పదివేలకోట్లు,form_similar,,,,
B000004,20,20,20,20,,kn: ಹತ್ತು ಮತ್ತು ಹತ್ತು || te: పదునైదుకు ఐదు జోడిస్తే వచ్చే సంఖ్య,form_similar,,,,
B000005,ಅಂಕೆ,అంకె,aṁke,aṁke,,"kn: ಒಂದು, ಎರಡು, ಮೂರು ಕ್ರಮಾನುಗತ ಎಣಿಕೆಯ || te: లెక్క చూచిక",form_similar,,,,
B000006,ಅಂಗಚ್ಚೇದನ,అంగచ్చేదన,aṁgaccēdana,aṁgaccēdana,,"kn: ಶರೀರದ ಯಾವುದೇ ಅಂಗ ಅಥವಾ ಅವಯವಗಳನ್ನು ಕತ್ತರಿಸಲ್ಪಟ್ಟಿರುವುದು ಅಥವಾ ಕತ್ತರಿಸುವುದು, ಇಲ್ಲವೆ ತುಂಡರಿಸಿರುವುದು || te: శరీరంలో నుండి ఒక అవయవాన్ని తీసేయడం",form_similar,,,,
B000007,ಅಂಗದ,అంగద,aṁgada,aṁgada,,kn: ರಾಮನ ಸೇನೆಯಲ್ಲಿರುವ ಒಬ್ಬ ವಾನರನು ಬಾಲಿಯ ಮಗನಾಗಿದ್ದ || te: కడుపు ఖాళీగా ఉన్నప్పుడు కలిగే  బాధ,form_similar,,,,
B000008,ಅಂಗಾಲು,అంగాలు,aṁgālu,aṁgālu,,kn: ಕಾಲಿನ ಕೆಳಗೆಯ ಭಾಗ ನೆಡೆಯುವಾಗ ಭೂಮಿಯ ಮೇಲೆ ಇರುತ್ತದೆ || te: శరీరంలో ఉండే అన్నీ అంగాలు.,form_similar,,,,
B000009,ಅಂಜಲಿ,అంజలి,aṁjali,aṁjali,,kn: ಎರಡೂ ಕೈಯನ್ನು ಸೇರಿಸಿ ಬಗ್ಗಿಸಿದಾಗ ಆಗುವಂತಹ ಕಂದಕದಿಂದ ಏನನ್ನಾದರು ತುಂಬಲು ಅಥವಾ ಕೊಡಲು ಉಪಯೋಗಿಸುತ್ತಾರೆ || te: వినయపూర్వకముగా అభివాదము చేయు క్రియ.,form_similar,,,,
B000010,ಅಂಟು,అంటు,aṁṭu,aṁṭu,,"kn: ವನಸ್ಪತಿಯ ಮರದಿಂದ ಹೊರಬರುವ ಜಿಡು-ಜಿಡ್ಡಾದ ಅಂಟಿನ ಅಥವಾ ಚಿಗುಟಾದ ಸ್ರಾವ, ರಸ || te: తడి వస్తువు యొక్క ముద్దను అంటించడం.",form_similar,,,,
B000011,ಅಂತಸ್ತು,అంతస్తు,aṁtastu,aṁtastu,,"kn: ಯೋಗ್ಯತೆ, ಕರ್ತವ್ಯ ಇತ್ಯಾದಿಗಳಲ್ಲಿ ಮಾಡಿರುವ ವಿಭಾಗ || te: ఒకదాని మీద మరోకటి ఇల్లు కట్టడం",form_similar,,,,
B000012,ಅಂತಿಮ,అంతిమ,aṁtima,aṁtima,,kn: ಯಾವುದಾದರೂ ಸಂಗತಿ ಮತ್ತು ವಸ್ತುವಿನ ಮುಕ್ತಾಯದ ಅಥವಾ ಮುಗಿಯುವ ಹಂತವನ್ನು ಗುರುತಿಸುವುದು || te: అంతం వరకు వెళ్ళిటేటువంటి,form_similar,,,,
B000013,ಅಚಲ,అచల,acala,acala,,kn: ಚಂಚಲತೆ ಇಲ್ಲದೆ ಅಥವಾ ಸ್ಥಿರ ಅಥವಾ ಅಚಲವಾಗಿ ನಿಂತಿರುವ ಸ್ಥಿತಿ ಕ್ರಿಯೆ ಅಥವಾ ಭಾವನೆ || te: పంచ భూతలలో ఒక గ్రహం,form_similar,,,,
B000014,ಅಜ್ಞಾನಿ,అజ్ఞాని,ajñāni,ajñāni,,"kn: ಒಬ್ಬ ವ್ಯಕ್ತಿಗೆ ಯಾವುದಾದರು ವಿಶೇಷವಾದ ಕ್ಷೇತ್ರದ ಜ್ಞಾನ, ಅನುಭವ ಕಡಿಮೆ ಇರುವುದು || te: వివేక జ్ఞానం లేనివారు.",form_similar,,,,
B000015,ಅಟವಿ,అటవి,aṭavi,aṭavi,,kn: ದೊಡ್ಡ ಮತ್ತು ದಡ್ಡವಾದ ಕಾಡುಗಳ ಕ್ಷೇತ್ರದಲ್ಲಿರುವ ಮರ-ಗಿಡ ಅಥವಾ ಬೇರೆ ವನಸ್ಪತಿಗಳು || te: దట్టమైన చెట్లపొదలతో క్రూరమృగాలతో ఉండే స్థలం,form_similar,,,,
B000016,ಅಟ್ಟ,అట్ట,aṭṭa,aṭṭa,,kn: ಮನೆಯ ಮೇಲಿನ ಭಾಗ || te: పుస్తకాలు చినగకుండా ఉండటానికి చేసేది,form_similar,,,,
B000017,ಅಟ್ಟು,అట్టు,aṭṭu,aṭṭu,,"kn: ಹೆದರಿಸಿ ಯಾರನ್ನಾದರು ಎಲ್ಲಿಂದಾದರು ಓಡಿಸುವ ಕ್ರಿಯೆ || te: బియ్యం పిండి, మినప పప్పు కలిపి చేసే దక్షిణ భారతీయ వంటకం",form_similar,,,,
B000018,ಅಟ್ಟೆ,అట్టె,aṭṭe,aṭṭe,,kn: ಚಪ್ಪಲಿಯ ಕೆಳಭಾಗ ನೆಡೆಯುವಾಗ ಭೂಮಿಯ ಮೇಲೆ ಪದರಕ್ಕೆ ತಾಕುತ್ತದೆ || te: ఎనిమిది చుక్కలున్న పేకముక్క,form_similar,,,,
B000019,ಅಡಲು,అడలు,aḍalu,aḍalu,,kn: ವಿಪ್ಪತ್ತು ಅಥವಾ ಅನಿಷ್ಟ ಭಯದಿಂದ ಮನಸ್ಸಿನಲ್ಲಿ ಉತ್ಪತ್ತಿಯಾಗುವ ಮನಸ್ಸಿನ ಬದಲಾವಣೆ ಅಥವಾ ಭಾವ || te: జరగబోవు కీడు తెలిసినప్పుడు మనస్సులో కలిగే భావన.,form_similar,,,,
B000020,ಅತ್ತ,అత్త,atta,atta,,kn: ಇನ್ನೊಂದು ದಿಕ್ಕನ್ನು ನಿರ್ದೇಶಿಸುವುದು || te: భర్త లేక భార్య యొక్క తల్లి,form_similar,,,,
B000021,ಅತ್ಯಧಿಕ,అత్యధిక,atyadhika,atyadhika,,kn: ಯಾವುದಾದರೂ ನಿರ್ದಿಷ್ಟ ಸಂಖ್ಯಾ ಪ್ರಮಾಣಕ್ಕಿಂತ ಹೆಚ್ಚಾಗಿರುವ ಪ್ರಮಾಣ || te: చాలా ఎక్కువ సంఖ్యలో ఉన్న స్థితి,form_similar,,,,
B000022,ಅದುರು,అదురు,aduru,aduru,,kn: ವಿಪ್ಪತ್ತು ಅಥವಾ ಅನಿಷ್ಟ ಭಯದಿಂದ ಮನಸ್ಸಿನಲ್ಲಿ ಉತ್ಪತ್ತಿಯಾಗುವ ಮನಸ್ಸಿನ ಬದಲಾವಣೆ ಅಥವಾ ಭಾವ || te: ఆధికచలి వలన శరీరంలో వచ్చేది,form_similar,,,,
B000023,ಅಧಿಕಪ್ರಸಂಗಿ,అధికప్రసంగి,adhikaprasaṁgi,adhikaprasaṁgi,,kn: ಯಾರೋ ಒಬ್ಬರು ಅತಿಯಾಗಿ ಮಾತನಾಡುತ್ತಾರೆ || te: అనవసర మాటలు అతిగా మాట్లాడే వ్యక్తి.,form_similar,,,,
B000024,ಅಧಿಪತಿ,అధిపతి,adhipati,adhipati,,kn: ಸಭೆ ಅಥವಾ ಸಮಾಜದಲ್ಲಿ ಒಂದಾಗುವ ವ್ಯಕ್ತಿ || te: ఏపనైనా ముందుండి నడిపించువాడు,form_similar,,,,
B000025,ಅಧೋಗತಿ,అధోగతి,adhōgati,adhōgati,,"kn: ಯುದ್ಧ, ಕದನ ಮುಂತಾದ ಎದುರಾಳಿಗಳ ಅತಿಕ್ರಮಣದ ಸಂದರ್ಭದಲ್ಲಿ ಒಂದು ದೇಶ ಅಥವಾ ಪ್ರಾಂತ್ಯವು ಸೋತು ತನ್ನ ದನ ಧಾನ್ಯ ಸಂಪತ್ತು ಎಲ್ಲವನ್ನೂ ಕಳೆದುಕೊಳ್ಳುವಿಕೆ || te: పని చేయుటలో అందరి కంటే చివర ఉండటం.",form_similar,,,,
B000026,ಅಧ್ಯಕ್ಷ,అధ్యక్ష,adhyakṣa,adhyakṣa,,kn: ಸಭೆ ಅಥವಾ ಸಮಾಜದಲ್ಲಿ ಒಂದಾಗುವ ವ್ಯಕ್ತಿ || te: అధ్యక్షుడికి సంబంధించిన,form_similar,,,,
B000027,ಅಧ್ಯಾಯಿ,అధ్యాయి,adhyāyi,adhyāyi,,kn: ಯಾರೋ ಒಬ್ಬರು ಶಿಕ್ಷಣವನ್ನು ಪಡೆಯುತ್ತಿರುವರೋ || te: విద్యను అభ్యసించేవాడు,form_similar,,,,
B000028,ಅನಂತ,అనంత,anaṁta,anaṁta,,kn: ಕೊನೆಯೇ ಇಲ್ಲದಿರುವುದು || te: శివుడి యొక్క భార్య,form_similar,,,,
B000029,ಅನುಕೃತಿ,అనుకృతి,anukr̥ti,anukr̥ti,,kn: ಒಂದು ಭಾಷೆಯಲ್ಲಿ ಬರೆದಿರುವಂತಹ ವಸ್ತು ಅಥವಾ ಹೇಳಿರುವಂತಹ ಮಾತನ್ನು ಇನ್ನೊಂದು ಭಾಷೆಯಲ್ಲಿ ಬರೆಯುವ ಅಥವಾ ಹೇಳುವ ಕಾರ್ಯ || te: ఒక వస్తువు లాంటిదిగా కలిగిన మరొక వస్తువు రకము.,form_similar,,,,
B000030,ಅನುಗಾಮಿ,అనుగామి,anugāmi,anugāmi,,kn: ಆಜ್ಞೆಯನ್ನು ಪಾಲನೆ ಮಾಡುವ || te: ఎవరి సిద్ధాంతాన్నైనా ఒప్పుకొని మరియు దానికి అనుగుణంగా నడుచుకునే వ్యక్తి.,form_similar,,,,
B000031,ಅನುಚರಿ,అనుచరి,anucari,anucari,,kn: ಅವರು ಮನೆಯ ಕೆಲಸ ಮತ್ತು ಮನೆಯವರ ಸೇವೆಯನ್ನು ಮಾಡುತ್ತಾರೆ || te: ఎవరి సిద్ధాంతాన్నైనా ఒప్పుకొని మరియు దానికి అనుగుణంగా నడుచుకునే వ్యక్తి.,form_similar,,,,
B000032,ಅನುಜ,అనుజ,anuja,anuja,,kn: ವಯಸ್ಸಿನಲ್ಲಿ ಚಿಕ್ಕವನು || te: చెల్లెలు లేక అక్క.,form_similar,,,,
B000033,ಅನುರಕ್ತಿ,అనురక్తి,anurakti,anurakti,,"kn: ಸ್ತ್ರೀ ಮತ್ತು ಪುರಷರ ನಡುವಣ ಉಂಟಾಗುವ ಶೃಂಗಾರ ರೂಪದ, ಭಾವಾವಸ್ಥೆ || te: బలమైన అభిమానం",form_similar,,,,
B000034,ಅನ್ನ,అన్న,anna,anna,,kn: ತಿನ್ನುವುದಕ್ಕಾಗಿ ನೀರಿನಲ್ಲಿ ಬೇಸಿದ ಅಕ್ಕಿ || te: తమ్ముడికి ముందుపుట్టిన వాడు,form_similar,,,,
B000035,ಅನ್ಯಜಾತಿ,అన్యజాతి,anyajāti,anyajāti,,kn: ಬೇರೆ ಬೇರೆ ಜಾತಿಗೆ ಸೇರಿದವರನ್ನು ಗುರುತಿಸುವುದು || te: ఒక జాతిలో కాకుండా ఇంకోక జాతిలో పుట్టిన,form_similar,,,,
B000036,ಅಪರಾಜಿತ,అపరాజిత,aparājita,aparājita,,kn: ಸೋಲನ್ನು ಕಾಣದೇ ಇರುವಂತಹ || te: శివుడి యొక్క భార్య,form_similar,,,,
B000037,ಅಪ್ಪು,అప్పు,appu,appu,,kn: ಕಷ್ಟದ ಸಂದರ್ಭದಲ್ಲಿ ಅಥವಾ ಬಾಯಭೀತರಾದಾಗ ಒಬ್ಬರು ಇನ್ನೊಬ್ಬರನ್ನು ಆಶ್ರಯಿಸುವುದು || te: ఇతరుల దగ్గర తీసుకొను డబ్బు.,form_similar,,,,
B000038,ಅಪ್ರೀತಿ,అప్రీతి,aprīti,aprīti,,kn: ಯಾವುದೇ ಸಂಗತಿ ಮತ್ತು ವಿಷಯಗಳಲ್ಲಿ ಆಸಕ್ತಿ ಇಲ್ಲದಿರುವುದು ಅಥವಾ ಮನಸ್ಸಿಗೆ ಒಪ್ಪದಿರುವುದು || te: పనిని ఆపడానికి వ్యతిరేకంగా చేసే క్రియ,form_similar,,,,
B000039,ಅಭಿವೃದ್ಧಿ,అభివృద్ధి,abhivr̥ddhi,abhivr̥ddhi,,kn: ಇರುವ ಸ್ಥಿತಿಯನ್ನು ಉತ್ತಮಗೊಳಿಸುವುದು ಅಥವಾ ಉತ್ತಮಗೊಳ್ಳುವಂತೆ ಕೆಲವು ಕಾರ್ಯಕ್ರಮಗಳನ್ನು ಹಮ್ಮಿಕೊಂಡು ಇರುವ ಸ್ಥಿತಿಯನ್ನು ಸುಧಾರಿಸುತ್ತಾ ಹೋಗುವುದು || te: ఉన్నత స్థితికి చేరుకునే కార్యం లేదా భావన,form_similar,,,,
B000040,ಅಭ್ಯಾಸಿ,అభ్యాసి,abhyāsi,abhyāsi,,kn: ಅವನು ಯಾರಿಗಾದರು ಏನ್ನಾದರು ಸ್ವಲ್ಪ ಬರೆಯುವುದು ಅಥವಾ ಓದುವುದನ್ನು ಹೇಳಿಕೊಟ್ಟಿರುವುದು || te: విద్యను అభ్యసించేవాడు,form_similar,,,,
B000041,ಅಮುಕು,అముకు,amuku,amuku,,kn: ಯಾರೋ ಒಬ್ಬರನ್ನು ತಕ್ಷಣ ಹಿಡಿದು ಅಮುಕುವ ಕ್ರಿಯೆ ಅಥವಾ ಭಾವನೆ || te: ఒక వస్తువుపై ఒత్తిడి తీసుకొని రావడం,form_similar,,,,
B000042,ಅಮೆರಿಕಾ,అమెరికా,amerikā,amerikā,,kn: ಅಮೆರೀಕಾದ ಅಥವಾ ಅಮೆರಿಕಾಗೆ ಸಂಬಂಧಿಸಿದ || te: ఉత్తర అమెరికా యొక్క ఒక దేశము.,form_similar,,,,
B000043,ಅಯೋನಿಜ,అయోనిజ,ayōnija,ayōnija,,kn: ಯಾವುದು ಜನ್ಮವನ್ನು ಹೊಂದಿಲ್ಲವೋ || te: యోని ద్వారా వుత్పన్నం కానటువంటి,form_similar,,,,
B000044,ಅಯ್ಯೋ,అయ్యో,ayyō,ayyō,,kn: ಬಾಯಿಯಿಂದ ಹೊರಬರುವಂತಹ ನೋವಿನ/ವ್ಯಥೆಯ ಪೂರಕವಾದ ಶಬ್ದ || te: అయ్యో,form_similar,,,,
B000045,ಅರ,అర,ara,ara,,kn: ಅವನು ತುಂಬಾ ದೊಡ್ಡ ರಾಜ ಅವನ ಅಧೀನದಲ್ಲಿ ಅನೇಕ ರಾಜರುಗಳು ಮತ್ತು ರಾಜ್ಯಗಳು ಇದ್ದವು || te: ఏదైనా సంఖ్యలోని సగ భాగము.,form_similar,,,,
B000046,ಅರಚು,అరచు,aracu,aracu,,"kn: ವೇಗವಾದ, ಜೋರಾದ ಶಬ್ದ ಯಾರನ್ನಾದರು ಕರೆಯುವಿಕೆಯಾಗಿರುತ್ತದೆ || te: గట్టిగా కెవ్వుమని అరవడం",form_similar,,,,
B000047,ಅರಿ,అరి,ari,ari,,kn: ಯಾವುದಾದರು ವಿಷಯವನ್ನು ತಿಳಿದುಕೊಳ್ಳುವುದು || te: శత్రుత్వము గల మనిషి.,form_similar,,,,
B000048,ಅರುಚು,అరుచు,arucu,arucu,,kn: ಕರ್ಕಶ ಅಥವಾ ತೀಕ್ಷಣ ಸ್ವರದಿಂದ ಚೀರುವುದು-ಕಿರುಚುವುದು || te: గుర్రపు అరుపు,form_similar,,,,
B000049,ಅರ್ಜುನ,అర్జున,arjuna,arjuna,,kn: ಅಭಿಮನ್ಯು ಸುಭದ್ರೆಯ ಮಗ || te: ఎక్కువగా దేవుళ్ళకు పెట్టే పూలు,form_similar,,,,
B000050,ಅರ್ಧ,అర్ధ,ardha,ardha,,kn: ಯಾವುದಾದರು ವಸ್ತುವಿನ ಅರ್ಧ ಪ್ರಮಾಣ ಅಥವಾ ಭಾಗ || te: ఏదైనా సంఖ్యలోని సగ భాగము.,form_similar,,,,
B000051,ಅಲ್ಲಾಡು,అల్లాడు,allāḍu,allāḍu,,kn: ಅಲ್ಲಾಡುವ-ಹೊಯ್ದಾಡುವಂತಹ || te: చిన్న చిన్న పురుగులు వేగంగా అటు ఇటు తిరగడం,form_similar,,,,
B000052,ಅವಕಾಶವಾದಿ,అవకాశవాది,avakāśavādi,avakāśavādi,,kn: ಅವಕಾಶವಾದಕ್ಕೆ ಸಂಬಂಧಿಸಿದ || te: అదును చూసి కావలసింది తీసుకోవడం,form_similar,,,,
B000053,ಅವರೋಹಣ,అవరోహణ,avarōhaṇa,avarōhaṇa,,kn: ಮೇಲಿನಿಂದ ಕೆಳಕ್ಕೆ ಇಳಿಯುವ ಕ್ರಿಯೆ ಅಥವಾ ಇಳಿಮುಖವಾದ ಚಲನೆ || te: పై నుండి కిందికి వచ్ఛే స్థాయి.,form_similar,,,,
B000054,ಅವಶ್ಯ,అవశ్య,avaśya,avaśya,,kn: ಖಂಡಿತವಾಗಿ || te: శీతకాలంలో దట్టంగా వ్యాపించే గాలిలోని సూక్ష్మమైన జల కణం,form_similar,,,,
B000055,ಅವಹೇಳನ,అవహేళన,avahēḷana,avahēḷana,,kn: ಜ್ಞಾನ ಅಥವಾ ಆದೇಶವನ್ನು ಕೇಳದಂತಹ || te: ఎగతాళిగా గేలి చేసి మాట్లాడటం.,form_similar,,,,
B000056,ಅವಿಸ್ಸು,అవిస్సు,avissu,avissu,,"kn: ಮಂತ್ರ ಸಹಿತವಾಗಿ ಧೂಪ, ಸಾಮ್ರಾಣಿ ಮೊದಲಾದವುಗಳನ್ನು ಅಗ್ನಿಗೆ ಆಗುವ ಕ್ರಿಯೆ || te: కపాలం ద్వారా తయారుచేసే రొట్టె",form_similar,,,,
B000057,ಅವ್ವ,అవ్వ,avva,avva,,kn: ಜನ್ಮ ಪಡೆದ ಸ್ತ್ರೀ || te: బైబిల్ ను అనుసరించి సమస్థ మానవాలికి తల్లి లేదా ఆదాము భార్య,form_similar,,,,
B000058,ಅಶ್ವಾರೋಹಿ,అశ్వారోహి,aśvārōhi,aśvārōhi,,kn: ಯಾರೋ ಒಬ್ಬರು ಕುದುರೆಯ ಮೇಲೆ ಸವಾರಿ ಮಾಡುವರು || te: గుర్రాన్ని నడిపించువాడు.,form_similar,,,,
B000059,ಅಸಲು,అసలు,asalu,asalu,,kn: ವಸ್ತುಸ್ಥಿತಿಯ ವ್ಯಕ್ತಿನಿಷ್ಠ ಇಲ್ಲವೇ ವಸ್ತುನಿಷ್ಠ ಸತ್ಯತೆಗೆ ಅನುಸಾರವಾಗಿ || te: కూడబెట్టిన ధనము,form_similar,,,,
B000060,ಅಸಹ್ಯಕರ,అసహ్యకర,asahyakara,asahyakara,,kn: ಜುಗುಪ್ಸೆಯಿಂದ ಉಂಟಾಗುವ ಭಾವ || te: పదిమందిలో చేయకూడని పనులు లేదా మాటలు,form_similar,,,,
B000061,ಅಸುರಾರಿ,అసురారి,asurāri,asurāri,,kn: ಹಿಂಧೂಗಳ ಪ್ರಕಾರ  ಸೃಷ್ಟಿಯನ್ನು ಪಾಲನೆ ಮಾಡುತ್ತಿರುವುದು ಒಬ್ಬನೇ ದೇವರು || te: అమృతం త్రాగి అమరులై స్వర్గంలో ఉంటూ పూజలందుకునేవారు,form_similar,,,,
B000062,ಅಸ್ಪೃಶ್ಯತ,అస్పృశ్యత,aspr̥śyata,aspr̥śyata,,kn: ಮುಟ್ಟಬಾರದ ಅಥವಾ ಅಸ್ಪೃಶ್ಯ ಹೊಂದುವ ಸ್ಥಿತಿ ಅಥವಾ ಭಾವನೆ || te: ముట్టుకోవడానికి వీలుకానిది,form_similar,,,,
B000063,ಅಸ್ವೀಕೃತಿ,అస్వీకృతి,asvīkr̥ti,asvīkr̥ti,,kn: ಯಾವುದೇ ವಸ್ತು ಸಂಗತಿಯನ್ನು ಒಪ್ಪಿಕೊಳ್ಳದೆ ನಿರಾಕರಿಸುವುದು || te: స్వీకృతి లేకపోవడం.,form_similar,,,,
B000064,ಅಸ್ಸಾಮಿ,అస్సామి,assāmi,assāmi,,kn: ಅಸ್ಸಾಮ್ ರಾಜ್ಯಕ್ಕೆ ಸೇರಿದವ || te: అస్సామీ భాషను మాట్లాడేవారు,form_similar,,,,
B000065,ಅಸ್ಸಾಮೀ,అస్సామీ,assāmī,assāmī,,kn: ಅಸ್ಸಾಂ ರಾಜ್ಯದ ಭಾಷೆ || te: అస్సామీ భాషతో సంబంధించినది లేదా అస్సామీ భాష యొక్క,form_similar,,,,
B000066,ಅಹಂ,అహం,ahaṁ,ahaṁ,,kn: ತುಂಬಾ ಜಂಬದಿಂದ  ಮಾತನಾಡುವ ಕ್ರಿಯೆ || te: నేనే గొప్పవాడనే భావం,form_similar,,,,
B000067,ಅಹಂಕಾರಿ,అహంకారి,ahaṁkāri,ahaṁkāri,,kn: ದುರಭಿಮಾನ ಅಥವಾ ದರ್ಪದಿಂದ ತುಂಬಿರುವ || te: మిడిసిపాటు గల వ్యక్తి,form_similar,,,,
B000068,ಅಹಲ್ಯ,అహల్య,ahalya,ahalya,,kn: ಗೌತಮ ಋಷಿಯ ಪತ್ನಿ ಅವನ ಶಾಪದಿಂದಾಗಿ ಕಲ್ಲಾಗಿದ್ದಳು || te: దశరధుని రెండవ భార్య,form_similar,,,,
B000069,ಆಕೃತಿ,ఆకృతి,ākr̥ti,ākr̥ti,,"kn: ಯಾವುದಾದರೂ ವಸ್ತುವಿನ ಹೊರಗೆ ಮತ್ತು ದಿಶೆಯ ವಿಷಯದಲ್ಲಿ ಅದರ ಉದ್ದ, ಅಗಲ, ವಿಸ್ತಾರ, ಪ್ರಕಾರ, ಸ್ವರೂಪ ಎಲ್ಲದರ ಜ್ಞಾನ || te: ఏదైన వస్తువుకు ఆకారము లేదా ఒక రూపము కలిగి ఉండుట",form_similar,,,,
B000070,ಆಕ್ರಂದನ,ఆక్రందన,ākraṁdana,ākraṁdana,,"kn: ವೇಗವಾದ, ಜೋರಾದ ಶಬ್ದ ಯಾರನ್ನಾದರು ಕರೆಯುವಿಕೆಯಾಗಿರುತ್ತದೆ || te: బాధతోకూడినటువంటి భావన",form_similar,,,,
B000071,ಆಗು,ఆగు,āgu,āgu,,kn: ಘಟನೆಯ ರೂಪದಲ್ಲಿ ಆಗುವುದು || te: వెళ్లుతున్నప్పుడు కలిగే అవరోధం,form_similar,,,,
B000072,ಆಗ್ನೇಯ,ఆగ్నేయ,āgnēya,āgnēya,,kn: ಚಂದ್ರನು ಕೃತ್ತಿಕಾ ನಕ್ಷತ್ರಕ್ಕೆ ಬಂದಂತಹ ಸಮಯ || te: నిప్పుతో తడపడం,form_similar,,,,
B000073,ಆಡು,ఆడు,āḍu,āḍu,,kn: ಒಂದು ಬಗೆಯ ಹಾಲು ಕೊಡುವ ಹೆಣ್ಣು ಪ್ರಾಣಿ || te: మానసిక వుల్లాసం కొరకు లేదా శారీరిక వ్యాయామం చేయడానికి అటు-ఇటు పైకి క్రిందికి దూకడం లాంటివి చేయడం,form_similar,,,,
B000074,ಆದಿಶಕ್ತಿ,ఆదిశక్తి,ādiśakti,ādiśakti,,kn: ಶಿವನ ಹೆಂಡತಿ || te: సింహాన్ని వాహనంగా కలిగిన దేవత,form_similar,,,,
B000075,ಆದ್ಯ,ఆద్య,ādya,ādya,,kn: ಮಹತ್ವ ಅಥವಾ ಅವಶ್ಯಕತೆಯ ಕ್ರಮದಲ್ಲಿ ಸ್ಥಾಪಿದವ ಸ್ಥಿತಿ || te: శివుడి యొక్క భార్య,form_similar,,,,
B000076,ಆಪು,ఆపు,āpu,āpu,,kn: ಯಾವುದೇ ಕೆಲಸ ಮಾಡಲು ಉಪಯೋಗವಾಗುವ ಬಲ || te: మాట్లాడుతూ మాట్లాదుతూ ఆగి విరామం ఇవ్వడం.,form_similar,,,,
B000077,ಆಫೀಸು,ఆఫీసు,āphīsu,āphīsu,,"kn: ಆ ಜಾಗ ಯಾವುದಾದರು ವಿಷಯದ ವ್ಯಾಪಾರ ಅಥವಾ ಕಾರ್ಯಾದ ವ್ಯವಸ್ಥೆ ಮಾಡುವ ಕೆಲಸಗಾರರು ಕುಳಿತುಕೊಂಡು ಎಲ್ಲಾ ಕೆಲಸಗಳನ್ನು ಸರಿಯಾಗಿ ನಿಯಮಿತವಾದ ರೂಪದಲ್ಲಿ ಮಾಡುತ್ತಾರೆ || te: ప్రబుత్వ,ప్రవేటు కార్యక్రమాలు జరిగే చోటు",form_similar,,,,
B000078,ಆರ್ಯ,ఆర్య,ārya,ārya,,"kn: ಮನುಷ್ಯಕುಲದಲ್ಲಿ ಉತ್ತಮ ಕುಲವನ್ನು ಪ್ರತಿನಿಧಿಸುವ ಮೂಲ ಕುಲ ಅಥವಾ ತೀರಾ ಸಜ್ಜನಿಕೆಯಿಂದ ನಡೆದುಕೊಳ್ಳುವ ಉತ್ತಮ ಕುಲ ಅಥವಾ ಸಂಸ್ಕೃತ, ಲ್ಯಾಟೀನ್, ಪಾಸರ್, ಮೊದಲಾದವುಗಳನ್ನೊಳಗೊಂಡ ಇಂಡೋ ಯುರೋಪಿಯನ್ ಭಾಷಾ ಕುಲ ಅಥವಾ ಆ ಭಾಷೆಯನ್ನಾಡುವ ಜನ || te: శివుడి యొక్క భార్య",form_similar,,,,
B000079,ಆಸಕ್ತಿ,ఆసక్తి,āsakti,āsakti,,kn: ಆಸಕ್ತಿ ಹೊಂದುವ ಕ್ರಿಯೆ ಅಥವಾ ಭಾವನೆ || te: కావలనే భావనను ఎక్కవగా పెంచుకోవటం,form_similar,,,,
B000080,ಆಸ್ಟ್ರಿಯಾ,ఆస్ట్రియా,āsṭriyā,āsṭriyā,,kn: ಆಸ್ಟ್ರಿಯಾದ ಅಥವಾ ಆಸ್ಟ್ರಿಯಾಗೆ ಸಂಬಂಧಿಸಿದ || te: మధ్య ఐరోపా యొక్క ఒక పర్వత దేశం.,form_similar,,,,
B000081,ಇಂದ್ರಾಣಿ,ఇంద్రాణి,iṁdrāṇi,iṁdrāṇi,,kn: ದೇವರಾಜ ಇಂದ್ರನ ಹೆಂಡತಿ || te: సింహాన్ని వాహనంగా కలిగిన దేవత,form_similar,,,,
B000082,ಇಂಪು,ఇంపు,iṁpu,iṁpu,,kn: ಮಾದುರ್ಯದಿಂದ ಕೂಡಿದ ಸ್ಥಿತಿ ಅಥವಾ ಭಾವನೆ || te: బలమైన అభిమానం,form_similar,,,,
B000083,ಈಡು,ఈడు,īḍu,īḍu,,kn: ಯಾವುದೇ ವಸ್ತು ಮುಂತಾದವುಗಳನ್ನು ಗುರಿಯಾಗಿಸಿಕೊಂಡು  ಹೊಡೆಯುವ ಕ್ರಿಯೆ || te: ముగ్దనాయిక పూర్ణయవ్వన దశకు వచ్చింది,form_similar,,,,
B000084,ಉಗ್ಗು,ఉగ్గు,uggu,uggu,,kn: ಶಬ್ಧವನ್ನು ಸರಿಯಾದ ರೀತಿಯಲ್ಲಿ ಉಚ್ಚಾರಣೆ ಮಾಡಲಾಗದ ಕಾರಣ ಮಾತಿನ ಮಧ್ಯ-ಮಧ್ಯ ಕೆಲವು ಶಬ್ಧಗಳು ನಿಲ್ಲಿಸಿ-ನಿಲ್ಲಿಸಿ ಮಾತನಾಡುವುದು || te: పిల్లలకి తిన్నది జీర్ణం కావడానికి తాగించే మందు,form_similar,,,,
B000085,ಉಚ್ಚ,ఉచ్చ,ucca,ucca,,kn: ಎತ್ತರ/ಶ್ರೇಷ್ಠತೆಯ ವಿಸ್ತಾರತೆ ಅಥವಾ ಅದರ ಆಧಾರದಿಂದ ಒಮ್ಮೆಲೇ ಮೇಲಿನ ತನಕ ವಿಸ್ತಾರವಾಗುವ ಅಥವಾ ಎತ್ತರಕ್ಕೆ ಏರುವ ಅವಸ್ಥೆ ಅಥವಾ ಭಾವ || te: శరీరంలోని మలీన పదార్థాలు జననేంద్రియాల ద్వారా విసర్జింపబడేది,form_similar,,,,
B000086,ಉತ್ತರ,ఉత్తర,uttara,uttara,,"kn: ಯಾವುದೇ ಪ್ರಶ್ನೆ, ಸಮಸ್ಯೆಯನ್ನು ಕೇಳಿಸಿಕೊಂಡು ಅಥವಾ ಓದಿಕೊಂದು ಅದಕ್ಕೆ ಪ್ರತಿಯಾಗಿ ಸರಿಯಾದ ಸಮಜಾಯಿಸಿ ಕೊಡುವುದು || te: అభిమన్యుని భార్య",form_similar,,,,
B000087,ಉನ್ನತ_ಅಧಿಕಾರಿ,ఉన్నత_అధికారి,unnata_adhikāri,unnata_adhikāri,,kn: ಉನ್ನತವಾದ ಅಧಿಕಾರವನ್ನು ಅಲಂಕರಿಸಿರುವಾತ || te: ఎవరికి హాని చేయని ఉద్యోగి,form_similar,,,,
B000088,ಉನ್ನತಿ,ఉన్నతి,unnati,unnati,,kn: ಯಾವುದೋ ಒಂದು ಎತ್ತರದ ಮಟ್ಟಕ್ಕೆ ಬೆಳೆಯುವುದು || te: పెరిగే క్రియ.,form_similar,,,,
B000089,ಉಬ್ಬು,ఉబ్బు,ubbu,ubbu,,"kn: ಪೆಟ್ಟು, ರೋಗ ಇತ್ಯಾದಿಗಳ ಕಾರಣ ದೇಹದ ಯಾವುದೇ ಭಾಗ ಊದಿಕೊಳ್ಳುವ ಕ್ರಿಯೆ || te: ఉన్నస్థితి నుండి అధికమవడం.",form_similar,,,,
B000090,ಉರಿ,ఉరి,uri,uri,,"kn: ಉರಿಯುವ ಕಟ್ಟಿಗೆ, ಇದ್ದಲು ಮತ್ತು ಈ ತರಹದ ಬೇರೆ ವಸ್ತು ಅಥವಾ ಅಂತಹ ವಸ್ತು ಸುಟ್ಟಮೇಲೆ ಕೆಂಡ ಅಥವಾ ಜ್ವಾಲೆಯ ರೋಪದಲ್ಲಿ ಕಾಣುವ ಪ್ರಕಾಶಮಾನ ಬೆಂಕಿ || te: గొంతుకు తాడు గట్టిగా బిగించుకోవడం",form_similar,,,,
B000091,ಉಷ್ಣ,ఉష్ణ,uṣṇa,uṣṇa,,kn: ಉಷ್ಣ ಅಥವಾ ಬಿಸಿಯಾಗುವ ಅವಸ್ಥೆ ಅಥವಾ ಭಾವನೆ || te: ఉక్కపోతగా వుండే స్థితి,form_similar,,,,
B000092,ಊತ,ఊత,ūta,ūta,,kn: ಒಂದು ತರಹದ ರೋಗದಲ್ಲಿ ಕೀಲುಗಳು ಊದುವುದು || te: ఏదైన వస్తువుకు నిలబెట్టుటకు ముఖ్యంగా ఉండాల్సినది.,form_similar,,,,
B000093,ಊರು,ఊరు,ūru,ūru,,"kn: ಕುಳಿತಿರುವ ವ್ಯಕ್ತಿಯ ಸೊಂಟ ಮತ್ತು ಕಾಲುಗಳ ಮಧ್ಯ ಭಾಗದಲ್ಲಿ ಮಕ್ಕಳನ್ನು ಕೂರಿಸಿಕೊಳ್ಳುತ್ತಾರೆ ಮತ್ತು ಹೊಟ್ಟೆ, ಎದೆ ಮುಂತಾದವುಗಳ ಮುಂಭಾಗಕ್ಕೆ ಬರುತ್ತದೆ || te: కొన్ని కుటుంబాలు కలిసి నివసించే ప్రదేశం",form_similar,,,,
B000094,ಊರ್ಮಿ,ఊర్మి,ūrmi,ūrmi,,"kn: ನದಿ, ಸಮುದ್ರ ಮೊದಲಾದವುಗಳಲ್ಲಿ ಸ್ವಲ್ಪ ದೂರದವರೆಗೆ ಹೋಗಿ ಮೇಲಕ್ಕೆ ಎದ್ದು ಮತ್ತೆ ಕೆಳಗೆ ಇಳಿಯುವ ಜಲರಾಶಿ ಅದು ಮುಂದೆ ಮುಂದೆ ಸಾಗುತ್ತಿರುವ ಹಾಗೆ ಕಾಣುತ್ತದೆ || te: నోటి నుండి వచ్చే ఒక రకమైన తెల్లని జిగటగల పదార్థము.",form_similar,,,,
B000095,ಎಕ್ಕಡ,ఎక్కడ,ekkaḍa,ekkaḍa,,kn: ಸುರಕ್ಷತೆಯ ದೃಷ್ಟಿಯಿಂದ ಪಾದಗಳಿಗೆ ಹಾಕಿಕೊಳ್ಳುವಂತಹ ಚರ್ಮ ಮತ್ತು ಮೊದಲಾದವುಗಳಿಂದ ಮಾಡಿರುವಂತಹ ವಸ್ತು ಅದು ಪೂರ್ತಿಯಾಗಿ ಬೆರಳುಗಳನ್ನು ಸಹ ರಕ್ಷಿಸುತ್ತದೆ || te: ఎవరి స్థానం లో,form_similar,,,,
B000096,ಎಗುರು,ఎగురు,eguru,eguru,,kn: ಮೇಲೆ ಹಾರುವ ಕ್ರಿಯೆ ಅಥವಾ ಭಾವನೆ || te: గెంతులేయ్యడం,form_similar,,,,
B000097,ಎಡವು,ఎడవు,eḍavu,eḍavu,,kn: ನೆಡೆಯುತ್ತಿರುವ ಸಮಯದಲ್ಲಿ ಯಾವುದಾದರು ವಸ್ತುವಿನಿಂದ ಕಾಲಿಗೆ ಪೆಟ್ಟು ಬೀಳುವ ಪ್ರಕ್ರಿಯೆ || te: దగ్గరకానిది,form_similar,,,,
B000098,ಎದುರು,ఎదురు,eduru,eduru,,kn: ವ್ಯಕ್ತಿ ಅಥವಾ ಸಂಗತಿಗಳು ಹತ್ತಿರದಲ್ಲಿ ಪ್ರತ್ಯಕ್ಷವಾಗಿ ಹಾಜರಿರುವುದು || te: ఎక్కువ ప్రగతిశీలత కలిగి ఉండటం,form_similar,,,,
B000099,ಎರಗು,ఎరగు,eragu,eragu,,"kn: ಬಲಪೂರ್ವಕವಾಗಿ ಸೀಮೆಯನ್ನು ಉಲ್ಲಂಘಿಸಿ ಇನ್ನೊಂದು ರಾಜ್ಯ ಅಥವಾ ಕ್ಷೇತ್ರಕ್ಕೆ ಹೋಗುವುದು || te: ఒక వ్యక్తి తన ఊరు, పేరు, ధనము, గుణము, వృత్తి మొదలైన ప్రాథమిక విషయాలను గూర్చి ఎదుటివారికి తెలుపుకొను ప్రక్రియ.",form_similar,,,,
B000100,ಏಕಮಾತ್ರ,ఏకమాత్ర,ēkamātra,ēkamātra,,kn: ಒಂದೇ ಒಂದು ಇರುವುದು ಅಥವಾ ಇನ್ನೊಂದು ಇಲ್ಲದೇ ಇರುವ ಸ್ಥಿತಿ || te: ఏదైనా ఒక మాత్రంకు సంబంధించిన,form_similar,,,,
B000101,ಏಕಾಂಗಿ,ఏకాంగి,ēkāṁgi,ēkāṁgi,,kn: ತುಂಬಾನೇ ಕಡಿಮೆ ಅಂದರೆ ಒಂದು ಅಥವಾ ಎರಡು || te: సంసార సాగారాన్ని విడిచి సత్యన్వేషణకై దైవాన్ని అన్వేషించే వ్యక్తి,form_similar,,,,
B000102,ಏರು,ఏరు,ēru,ēru,,kn: ನದಿಯ ನೀರು ಮೊದಲಾದವುಗಳ ಮಟ್ಟ ಹೆಚ್ಚಾಗುವುದು ಅಥವಾ ಏರುವುದು || te: ఒక్కొక్కటిగా తీసుకోవడం,form_similar,,,,
B000103,ಏಸು,ఏసు,ēsu,ēsu,,kn: ಕ್ರೈಸ್ತ ಮತದ ಸಂಸ್ಥಾಪಕ || te: క్రైస్తవులు పూజించెడు దేవుడు.,form_similar,,,,
B000104,ಒಟ್ಟು,ఒట్టు,oṭṭu,oṭṭu,,"kn: ಅದು ನಿಶ್ಚಿತ ಅಥವಾ ಸ್ಥಿರವಾಗಿರುವ ಸರ್ವಸಮ್ಮತಿಯಾದ ಅಥವಾ ಮಾಪನೆಯ ಅನುಸಾರವಾಗಿ ಯಾವುದೇ ಪ್ರಕಾರದ ಯೋಗ್ಯತೆ, ಶ್ರೇಷ್ಠತೆ, ಗುಣ ಇವೆಲ್ಲದರ ಅನುಮಾನ ಅಥವಾ ಕಲ್ಪನೆ || te: ఏదైనా ఒక పనిని తప్ప చేసెదనని ధృడముగా చెప్పుట.",form_similar,,,,
B000105,ಒಡಿ,ఒడి,oḍi,oḍi,,kn: ಯಾವುದಾದರು ಅಂಗವನ್ನು ಮೂಲ ವಸ್ತುವಿನಿಂದ ಬೇರೆ ಮಾಡುವುದು || te: తల్లి బిడ్డను తన కాళ్లమీద పడుకోపెట్టుకునే ప్రదేశం.,form_similar,,,,
B000106,ಒಡಿಯಾ,ఒడియా,oḍiyā,oḍiyā,,kn: ಒಡಿಸಿ ರಾಜ್ಯದ ಭಾಷೆ || te: ఒరిస్సాకు సంబంధించిన,form_similar,,,,
B000107,ಒಡ್ಡು,ఒడ్డు,oḍḍu,oḍḍu,,"kn: ನದಿ ಮೊದಲಾದವುಗಳ ಮೇಲೆ, ಅವರನ್ನು ದಂಡದಿಂದ ಸಾಗಿಸಲು ನಾವೆ/ದೋಣಿ ಛೇದಿಸಿ, ದಪ್ಪವಾದ ಹಗ್ಗವನ್ನು ಕಟ್ಟಿ ಅಥವಾ ಕಂಬಗಳ ಮೇಲೆ ಚಿಕ್ಕ ಹಲಿಗೆ, ಉದ್ದವಾದ ಪಟ್ಟಿ ಇಟ್ಟು ಮಾಡಿರುವ ಮಾರ್ಗ ಮತ್ತು ಅದರ ಸಂಬಂಧವಾಗಿರುವಂತಹ ಎಲ್ಲಾ ರೀತಿಯ ರಚನೆ || te: నది చుట్టూ ప్రక్కన ఉండే భాగం",form_similar,,,,
B000108,ಓಟ,ఓట,ōṭa,ōṭa,,kn: ತುಂಬಾ ಜೋರಾಗಿ ಹರಿಯುವ ಕ್ರಿಯೆ || te: గెలవకపోవడం,form_similar,,,,
B000109,ಓಡ,ఓడ,ōḍa,ōḍa,,"kn: ಒಂದು ಚಿಕ್ಕ ಮತ್ತು ಹಗುರವಾದ ದೋಣಿ || te: నీళ్ళలో ప్రయాణం చేస్తూ కొయ్యలను, లోహాలను సరఫరా చేసేవి",form_similar,,,,
B000110,ಓಡು,ఓడు,ōḍu,ōḍu,,"kn: ಕಾಲನ್ನು ತುಂಬಾ ಬೇಗ-ಬೇಗ ಇಟ್ಟು ನಡೆಯುವುದು || te: పోటీలు, యుద్దము, ఆటలు మొదలైనవాటిలో విజయము పొందక పోవడము.",form_similar,,,,
B000111,ಓಲಾಡು,ఓలాడు,ōlāḍu,ōlāḍu,,kn: ಉಯ್ಯಾಲೆ ಅಥವಾ ಯಾವುದಾದರು ವಸ್ತುವಿನ ಮೇಲೆ ಕುಳಿತು ಅಥವಾ ಹಿಡಿದು ಲಯಬದ್ಧವಾಗಿ ಹಿಂದೆ ಮುಂದೆ ಆಡುವ ಇಲ್ಲವೇ ಆಡಿಸುವ ಪ್ರಕ್ರಿಯೆ || te: నీటిలో పడిపోవడం,form_similar,,,,
B000112,ಕಂಜರಿ,కంజరి,kaṁjari,kaṁjari,,kn: ಸುತ್ತಲೂ ಗೆಜ್ಜೆ ಇದ್ದು ಟಮಟೆಯ ತರಹ ಇರುವ ಒಂದು ಚಿಕ್ಕ ಚರ್ಮ ವಾದ್ಯ || te: కంజరజాతికి చెందిన మహిళ,form_similar,,,,
B000113,ಕಂಜೂಸ್,కంజూస్,kaṁjūs,kaṁjūs,,kn: ಯಾರು ಹಣವನ್ನು ಅನುಭವಿಸುದಿಲ್ಲ ವ್ಯಯ ಮಾಡುವುದಿಲ್ಲ ಅಥವಾ ಯಾರಿಗೂ ಕೂಡ ನೀಡುವುದಿಲ್ಲವೋ || te: వరికీ పెట్టనివారు,form_similar,,,,
B000114,ಕಂದ,కంద,kaṁda,kaṁda,,kn: ಜನ್ಮವಾದ ಒಂದು ಎರಡು ವರ್ಷದ ಮಗು || te: కూరవండుకునే దుంపలలో ఒకటి,form_similar,,,,
B000115,ಕಟ್ಟೆ,కట్టె,kaṭṭe,kaṭṭe,,"kn: ನದಿ ಅಥವಾ ಜಲಾಶಯದ ಜಲವನ್ನು ತಡೆಯುವುದಕ್ಕಾಗಿ ಅದರ ದಡ್ಡದಲ್ಲಿ ಮಾಡಿರುವಂತಹ ಮಣ್ಣು, ಕಲ್ಲು ಮೊದಲಾದವುಗಳ ರಚನೆ || te: ఏ ప్రాణికైన అన్ని అవయవాలు కలిపి ఉండేది",form_similar,,,,
B000116,ಕಡಕಡ,కడకడ,kaḍakaḍa,kaḍakaḍa,,kn: ಕಡಕಡ ಎಂದು ಶಬ್ದ ಮಾಡುವುದು || te: తూర్పుకు ఉత్తరానికి మధ్యలో ఉండే మూల,form_similar,,,,
B000117,ಕಡಾಯಿ,కడాయి,kaḍāyi,kaḍāyi,,kn: ಲೋಹದಲ್ಲಿ ಮಾಡಿರುವ ಒಂದು ತರಹದ ಬೋಗುಣಿ || te: వడియాలు వేయించే పాత్ర,form_similar,,,,
B000118,ಕಣ,కణ,kaṇa,kaṇa,,kn: ನೀರು ದ್ರವಪದಾರ್ಥ ಮುಂತಾದವು ಬೀಳುವ ಸಮಯದಲ್ಲಿ ಅದು ಹನಿ ಹನಿಯಾಗಿ ಚಿಕ್ಕ ಬಿಂದುಗಳಾಗಿ ಮಾರ್ಪಾಡಾಗುವುದು || te: ఒక ఎగిరే చిన్నని కీటకము.,form_similar,,,,
B000119,ಕದ,కద,kada,kada,,"kn: ಅಲ್ಲಿ ಇಲ್ಲಿ ಮಿಕ್ಕ ಸ್ಥಳದ ಮಧ್ಯದಲ್ಲಿ ಅದು ತೆರೆದಿದ್ದು ಅಲ್ಲಿಂದ ಜನರು, ಜಂತು ಇತ್ಯಾದಿ ಒಳಗೆ ಹೊರಗೆ ಹೋಗಿ-ಬಂದು ಮಾಡುವಂತಹ || te: ప్రజల మధ్యకు వెళ్ళి పరస్పర సంబంధమును లేదా విషయాన్నితెలియజేయునదివిషయాన్నితెలియజేయునదివిషయాన్నితెలియజేయునది",form_similar,,,,
B000120,ಕನ್ಯ,కన్య,kanya,kanya,,kn: ಜ್ಯೋತಿಷ್ಚಕ್ರದಲ್ಲಿ ಯೌವನದ ಹೆಣ್ಣನ್ನು ಚಿತ್ರವಾಗುಳ್ಳ ರಾಶಿ || te: యుక్త వయస్సులోకి అడుగు పెట్టిన అమ్మాయి,form_similar,,,,
B000121,ಕಪಟಿ,కపటి,kapaṭi,kapaṭi,,kn: ಕಳ್ಳತನ/ಕಳವು ಮಾಡುವ ವ್ಯಕ್ತಿ || te: తెలియక పోయిన తెలిసినట్లు నటించువాడు,form_similar,,,,
B000122,ಕಪಿ,కపి,kapi,kapi,,kn: ವಾನರಿಗೆ ಸಂಬಂಧಿಸಿದ ಅಥವಾ ವಾನರ || te: హిందువుల విశ్వాసం ప్రకారం దశావతారాలుగల దేవుడు,form_similar,,,,
B000123,ಕಪ್ಪು,కప్పు,kappu,kappu,,kn: ಕೆಳಗಿನ ಗೋಡೆ ಮತ್ತು ಅಗಲವಾದ ತಳಹದಿಯ ಒಂದು ಚಿಕ್ಕ ಪಾತ್ರೆ || te: వస్తువులపై మూయబడే వస్తువు,form_similar,,,,
B000124,ಕರಣ,కరణ,karaṇa,karaṇa,,kn: ವ್ಯಾಕರಣದಲ್ಲಿ ಕಾರಕಗಳ ಮೂಲಕ ಕರ್ತ ಯಾವುದೋ ಕ್ರಿಯೆಯನ್ನು ಮಾಡುವನು || te: తెల్ల పూలు పూచే ఒక మొక్క,form_similar,,,,
B000125,ಕರಿ,కరి,kari,kari,,kn: ಒಂದು ಶಾಕಾಹಾರಿ ಕುಜ ನಾಲ್ಕು ಕಾಲಿನ ಪ್ರಾಣಿ ಅದರ ಸ್ಥೂಲವಾದ ಮತ್ತು ವಿಶಾಲವಾದ ಆಕಾರ ಹಾಗೂ ಸೊಂಡಲಿನ ಕಾರಣ ಎಲ್ಲಾ ಪ್ರಾಣಿಗಳಿಗಿಂತ ವಿಲಕ್ಷಣ/ವಿಶಿಷ್ಟವಾಗಿರುತ್ತದೆ || te: ఇంద్రుని దగ్గర తూర్పుదిక్కున దిగ్గజంగా ఉండే తెల్ల ఏనుగు,form_similar,,,,
B000126,ಕರುಣ,కరుణ,karuṇa,karuṇa,,kn: ಅನುಕಂಪ ಅಥವಾ ದಯೆಯನ್ನು ತೋರುವ ಕ್ರಿಯೆ || te: ఇతరుల పట్ల సానుభూతి కలిగి ఉండే భావన,form_similar,,,,
B000127,ಕಳ,కళ,kaḷa,kaḷa,,kn: ಕಳ್ಳತನ/ಕಳವು ಮಾಡುವ ವ್ಯಕ್ತಿ || te: అమావాస్య ముగిసిన తర్వాత మొదటి రోజుల్లో కనిపించె చందమామ,form_similar,,,,
B000128,ಕಸಿ,కసి,kasi,kasi,,kn: ಯಾವುದೋ ಒಂದು ವಸ್ತುವನ್ನು ಯಾರೋ ಒಬ್ಬರ ಕೈಯಿಂದ ಬಲವಂತವಾಗಿ ಕಿತ್ತುಕೊಳ್ಳುವ ಪ್ರಕ್ರಿಯೆ || te: పనిని ఆపడానికి వ్యతిరేకంగా చేసే క్రియ,form_similar,,,,
B000129,ಕಸುವು,కసువు,kasuvu,kasuvu,,kn: ಯಾವುದೇ ಕೆಲಸ ಮಾಡಲು ಉಪಯೋಗವಾಗುವ ಬಲ || te: పశువులకు మేతగా వేసేది,form_similar,,,,
B000130,ಕಾಚು,కాచు,kācu,kācu,,kn: ಒಂದು ಪ್ರಕಾರದ ಜಾಲಿಮರ || te: బాగా మరగించి చిక్కగా వచ్చునట్లు చేయడం,form_similar,,,,
B000131,ಕಾಡು,కాడు,kāḍu,kāḍu,,"kn: ಒಂದು ಸ್ಥಳದಿಂದ ತುಂಬಾ ದೂರದವರೆಗೂ ಮರ-ಗಿಡ, ಪೊದೆ ಮುಂತಾದವುಗಳು ತನ್ನಷ್ಟಕ್ಕೆ ತಾನೆ ಬೆಳೆಯುವುದು || te: చనిపోయినవాళ్ళను పాతిపెట్టు స్ధలం",form_similar,,,,
B000132,ಕಾಫೀ,కాఫీ,kāphī,kāphī,,kn: ಒಂದು ವೃಕ್ಷ ಆ ಮರದ ಬೀಜಗಳನ್ನು ಪುಡಿಮಾಡಿ ಪೇಯವಾಗಿ ಉಪಯೋಗಿಸುತ್ತಾರೆ || te: టీ లాంటి ఒక తాగే పదార్ధం,form_similar,,,,
B000133,ಕಾಯಂ,కాయం,kāyaṁ,kāyaṁ,,kn: ಯಾವುದೋ ಒಂದು ತನ್ನ ಜಾಗದಿಂದ ಕದಲದೆ ಇರುವ ಅಥವಾ ಗತಿಯೆ ಇಲ್ಲದೆ ಇರುವಂತಹ || te: ఏ ప్రాణికైన అన్ని అవయవాలు కలిపి ఉండేది,form_similar,,,,
B000134,ಕಾಯಲು,కాయలు,kāyalu,kāyalu,,kn: ಕಾಯಿಸುವ ಕ್ರಿಯೆ || te: చెట్టు నుండి వచ్చే గోళీలు,form_similar,,,,
B000135,ಕಾಯು,కాయు,kāyu,kāyu,,kn: ಇನ್ನೊಬ್ಬರು ಬರುವುದನ್ನು ಕಾಯುವ ಪ್ರಕ್ರಿಯೆ || te: ఏ ఆపద కలుగకుండ చూసుకోవడం,form_similar,,,,
B000136,ಕಾರ್ಯಕರ್ತ,కార్యకర్త,kāryakarta,kāryakarta,,"kn: ಯಾವುದೇ ವಿಶೇಷ ಕೆಲಸ ಅಥವಾ ಸಂಸ್ಥೆ ಮುಂತಾದವುಗಳಲ್ಲಿ ಸಕ್ರಿಯವಾಗಿ ತೊಡಗಿಸಿಕೊಂಡು ಕೆಲಸ ಮಾಡುವವ || te: తన ఇష్టంతో , సేవాభావంతో ఏపనిలోనైనా ప్రత్యేకించి యోదుడులాగా పని చేసే వ్యక్తి",form_similar,,,,
B000137,ಕಾಲನಿ,కాలని,kālani,kālani,,"kn: ಹೊರಗಿನ/ಪರಕೀಯ/ಬೇರೆಯವರು ವಾಸ್ತವಿಕ ಸ್ಥಿತಿ, ಅದು ಕೀಟಾಣು ಮುಂತಾದವುಗಳ ಸಮೂಹ ಸೇರಿವ ಸ್ಥಳ || te: అది ఒక ప్రదేశము అక్కడ  ఇల్లును నిర్మించబడి ఉంటాయి.",form_similar,,,,
B000138,ಕಾಳರಾತ್ರಿ,కాళరాత్రి,kāḷarātri,kāḷarātri,,kn: ದುರ್ಗಿಯ ಒಂಭತ್ತು ರೂಪಗಳಲ್ಲಿ ಒಂದು ಇವಳ ಶರೀರ ಮಬ್ಬು ಕತ್ತಲೆಯ ತರಹ ಕಪ್ಪಾಗಿ ಮತ್ತು ಕೂದಲು ಚದುರಿರುತ್ತದೆ || te: వెన్నెల లేని రాత్రి,form_similar,,,,
B000139,ಕಾವಲಿ,కావలి,kāvali,kāvali,,kn: ಲೋಹದಿಂದ ಮಾಡಿರುವ ದುಂಡಾದ ಪಾತ್ರೆಯ ಮೇಲೆ ರೊಟ್ಟಿ ತಟ್ಟಿ ಬೇಯಿಸುತ್ತಾರೆ || te: కోటకు రక్షణగా వుండు వ్యక్తి,form_similar,,,,
B000140,ಕಾಶ್ಮೀರೀ,కాశ్మీరీ,kāśmīrī,kāśmīrī,,kn: ಕಾಶ್ಮೀರ ರಾಜ್ಯದಲ್ಲಿ ವಾಸಿಸುವ ವ್ಯಕ್ತಿ || te: కాశ్మీర్ లో నివసించే వారు,form_similar,,,,
B000141,ಕಾಸು,కాసు,kāsu,kāsu,,kn: ದುಡ್ಡಿನ ಮೂರನೆಯ ಭಾಗ ಮತ್ತು ಒಂದು ಚಿಕ್ಕ ರೂಪಾಯಿ || te: బంగారు కాసులు,form_similar,,,,
B000142,ಕೀಲು,కీలు,kīlu,kīlu,,"kn: ಬಂದನಿಯನ್ನು ತೆರೆದು ಯಂತ್ರವು ಕೆಲಸಮಾಡುವಂತೆ ಮಾಡುವ, ಸಾಧನ, ಮುಖ್ಯವಾಗಿ ಬಂದೂಕಿನಲ್ಲಿ ಕುದುರೆಯನ್ನು ಸಡಿಸುವ ಕೀಲು || te: శరీరం లో ముడి రూపంలో వుండే అవయవము.",form_similar,,,,
B000143,ಕುಂಡ,కుండ,kuṁḍa,kuṁḍa,,"kn: ಹೂ, ಗಿಡಗಳನ್ನು ಹಚ್ಚುವ ಮಣ್ಣಿನ ಪಾತ್ರೆ || te: పాలను వేడి చేయడానికి, పప్పును వండుకోవడానికి ఉపయోగించే మట్టితో చేయబడిన చిన్న పాత్ర",form_similar,,,,
B000144,ಕುಂಡಲಿ,కుండలి,kuṁḍali,kuṁḍali,,kn: ನಾಲ್ಕು ಕಾಲಿನ ಒಂದು ಸಸ್ಯಹಾರಿ ಅದು ಬಯಲಿನಲ್ಲಿ/ಮೈದಾನದಲ್ಲಿ ಮತ್ತು ಕಾಡಿನಲ್ಲಿ ಇರುತ್ತದೆ || te: సన్నగా మరియు పొడవుగా ఉండి నేల మీదా ప్రాకే విషంగల ప్రాణి.,form_similar,,,,
B000145,ಕುಂದು,కుందు,kuṁdu,kuṁdu,,"kn: ಈಗಾಗಲೇ ಇರುವ ಒಳ್ಳೆಯತನದ ಹೆಸರನ್ನು ಅಪಮೌಲ್ಯಗೊಳಿಸುವುದು || te: బాధ, నొప్పి కలిగినపుడు, తిట్టి, కొట్టి, అవమానించినప్పుడు కళ్లలో నుండి నీళ్ళు వచ్చే ప్రక్రియ",form_similar,,,,
B000146,ಕುಚ್ಚು,కుచ్చు,kuccu,kuccu,,kn: ಯಾವುದಾದರು ವಸ್ತುವಿನ ಹತ್ತಿರದಲ್ಲಿ ಶೋಭೆಗಾಗಿ ಮಾಡಿರುವಂತಹ ಅಥವಾ ಹಾಕಿರುವಂತಹ ಜೋಲಾಡುವ ದಂಡೆ || te: గృహోపకరణాలకు అలంకరించే వస్తువు,form_similar,,,,
B000147,ಕುಟ್ಟು,కుట్టు,kuṭṭu,kuṭṭu,,kn: ಭತ್ತವನ್ನು ಬಿಡಿಸಿ ಮತ್ತು ಕುಟ್ಟಿ ಮಾಡಿರುವಂತಹ ಚಪ್ಪಟೆಯಾದ ಧಾನ್ಯ || te: సూదిలో దారం ఎక్కించి కుట్టుట.,form_similar,,,,
B000148,ಕುಡಿ,కుడి,kuḍi,kuḍi,,kn: ನೆಲದಲ್ಲಿ ಬಿತ್ತಿದ ಬೀಜ ಜೀವೋತ್ಪತ್ತಿ ಕಾರ್ಯ ಮಾಡತೊಡಗಿದ ಮೊದಲ ಹಂತದ ಸ್ಥಿತಿ || te: ఎడమ వైపు కానిది,form_similar,,,,
B000149,ಕುಬ್ಜ,కుబ్జ,kubja,kubja,,kn: ವಯೋಮಾನಕ್ಕೆ ತಕ್ಕ ಹಾಗೆ ದೇಹದ ಬೆಳವಣಿಗೆ ಆಗದೆ ತುಂಬಾ ಕಡಿಮೆ ಎತ್ತರವುಳ್ಳ ವ್ಯಕ್ತಿ || te: అందవిహీనమైన స్త్రీ.,form_similar,,,,
B000150,ಕುರ್ತಾ,కుర్తా,kurtā,kurtā,,kn: ಸೊಂಟದವರೆಗೆ ಮುಚ್ಚಿಕೊಳ್ಳುವಂತಹ ಸ್ತ್ರೀಯರು ಹಾಕಿಕೊಳ್ಳುವಂತಹ ಬಟ್ಟೆ || te: ప్రత్యేకమైన సమయంలో ధరించు వస్త్రాలు లేదా సాంప్రదాయ దుస్తులు,form_similar,,,,
B000151,ಕೂಡು,కూడు,kūḍu,kūḍu,,"kn: ಪ್ರಾಣಿಗಳ ತಲೆಯ ಎರಡು ಕಡೆಯಿಂದ ಎಳುವ ಕೊಂಬು || te: ఖాతా, కాగితము మొదలైన వాటిలో వ్రాయుట.",form_similar,,,,
B000152,ಕೂರು,కూరు,kūru,kūru,,kn: ತಮ್ಮ ನಿತಂಬಗಳ ಮೇಲೆ ವಿಶ್ರಮಿಸುವ ಒಂದು ಬಗೆ || te: సంచిలో ఎక్కువ సమానల్ను పెట్టడం,form_similar,,,,
B000153,ಕೃಪ,కృప,kr̥pa,kr̥pa,,"kn: ಕೌರವರ ರಾಜ ಋಷಿ, ಅಶ್ವಥಾಮನ ಮಾವ ಶರದ್ವತ ಋಷಿಗಳ ಪುತ್ರ ಮತ್ತು ಮಹಾಭಾರತದ ಯುದ್ಧದಲ್ಲಿ ಕೌರವವರ ಪರವಾಗಿ ಯುದ್ಧಮಾಡಿದರು || te: ఒక మనిషి దుఖః, భాధలో ఉన్నప్పుడు మరో మనిషి చూపించేది",form_similar,,,,
B000154,ಕೇಸರಿ,కేసరి,kēsari,kēsari,,kn: ಶೀತ ದೇಶದಲ್ಲಿ ಬಿಳೆಯುವಂತಹ ಒಂದು ಹೂವಿನ ದಳದಿಂದ ಒಳ್ಳೆಯ ಸುವಾಸನೆ ಹೊರಬರುತ್ತದೆ || te: అడవికి రారాజు,form_similar,,,,
B000155,ಕೊಬ್ಬರಿ,కొబ్బరి,kobbari,kobbari,,kn: ತೆಂಗಿನಕಾಯಿ ಒಳಗಿರುವ ಮೃದುವಾದ ತಿರುಳು || te: కొబ్బరిటెంకలో తయారైనటువంటి తెల్లటి పదార్థం,form_similar,,,,
B000156,ಕೋಟ,కోట,kōṭa,kōṭa,,kn: ನಿಶ್ಚಿತವಾದ ಭಾಗ ಅಥವಾ ಅಂಶವನ್ನು ಯಾರೆಗೂ ಕೊಡುವರು ಅಥವಾ ಯಾರಿದಲೂ ಕಸಿದು ಕೊಳ್ಳುವರು || te: రాజులు మొదలైన పెద్దలు నివశించే పెద్ద భవనం,form_similar,,,,
B000157,ಕೋನ್,కోన్,kōn,kōn,,kn: ಕೋನಿನಲ್ಲಿ ತುಂಬಿರುವಂತಹ ಐಸ್ ಕ್ರೀಮ್ || te: శంకు ఆకారంలో వుండే ఒక వస్తువు,form_similar,,,,
B000158,ಕೋಪಪಡು,కోపపడు,kōpapaḍu,kōpapaḍu,,"kn: ಸಿಟ್ಟು ಅಥವಾ ಕೋಪಿಸಿಕೊಳ್ಳುವ ಪ್ರಕ್ರಿಯೆ || te: కోరిక నెరవేరనందుకు ,మాట్లాడకుండా దూరంగా ఉండు స్థితి",form_similar,,,,
B000159,ಕೋಶಾಧಿಕಾರಿ,కోశాధికారి,kōśādhikāri,kōśādhikāri,,kn: ಹಣವನ್ನು ನೋಡಿಕೊಳ್ಳವ ಅಧಿಕಾರ ಹೊಂದಿರುವ ವ್ಯಕ್ತಿ || te: జమాఖర్చుల లెక్కలను విమర్శించేవాడు.,form_similar,,,,
B000160,ಕ್ರಾಂತಿ,క్రాంతి,krāṁti,krāṁti,,kn: ಸರಕಾರದ ಅಥವಾ ರಾಜಸತ್ತೆಯ ಅಮೂಲಾಗ್ರ ಬದಲಾವಣೆಗಾಗಿ ಜರುಗುವ ಜನರ ವ್ಯಾಪಕ ಪ್ರತಿರೋಧದ ಮೊತ್ತ || te: రత్నాల నుండి వెలువడు వెలుగు.,form_similar,,,,
B000161,ಕ್ರೀಮ್,క్రీమ్,krīm,krīm,,kn: ತ್ವಚ್ಚೆಯನ್ನು ಸುಂದರವಾಗಿ ಅಥವಾ ಮೃದುವನ್ನಾಗಿ ಮಾಡುವುದಕ್ಕಾಗಿ ಉಪಯೋಗಿಸುವ ಒಂದು ಪದಾರ್ಥ || te: పుండు మానవుడికి దాని మీద పూసేది,form_similar,,,,
B000162,ಕ್ರೌಂಚಪಕ್ಷಿ,క్రౌంచపక్షి,krauṁcapakṣi,krauṁcapakṣi,,kn: ಜಲಾಶಯದ ದಡದಲ್ಲಿ ಇರುವಂತಹ ಒಂದು ಪ್ರಕಾರದ ಪಕ್ಷಿ || te: కొంగలాగ ఉండే పక్షి,form_similar,,,,
B000163,ಕ್ಷುದ್ರ,క్షుద్ర,kṣudra,kṣudra,,kn: ಅತ್ಯಂತ ಕೆಳ ಮಟ್ಟದ ನಡವಳಿಕೆಯ ಅಥವಾ ಗುಣದ || te: ఆహరపదార్థాల పైన వాలే ఎగిరే చిన్నకీటకం.,form_similar,,,,
B000164,ಖುಷಿ,ఖుషి,khuṣi,khuṣi,,kn: ಸಂತೋಷ ಹೊಂದುವ ಅವಸ್ಥೆ ಅಥವಾ ಭಾವನೆ || te: ఆనందంతో కూడిన.,form_similar,,,,
B000165,ಗಂಗಾ,గంగా,gaṁgā,gaṁgā,,kn: ಭಾರತದ ಒಂದು ಬಹಳ ಮುಖ್ಯವಾದ ನದಿ ಅಥವಾ ಧರ್ಮಗ್ರಂಥಗಳಲ್ಲಿ ಮೋಕ್ಷಸಾಧನೆಗಾಗಿ ಮೀಯಬೇಕಾದ ಪವಿತ್ರ ನದಿ ಎಂದು ಉಲ್ಲೇಖಗೊಂಡಿದೆ || te: ఉత్తర భారతంలోని ఒక నది,form_similar,,,,
B000166,ಗಂಟಲು,గంటలు,gaṁṭalu,gaṁṭalu,,kn: ಗದ್ದದ ಕೆಳಗೆ ಹಾಗು ಎದೆಯ ಮೇಲಿರುವ ಶರೀರದ ಒಂದು ಮುಖ್ಯವಾದ ಭಾಗ || te: సమయాన్ని తెలిపేది.,form_similar,,,,
B000167,ಗಂಟಿ,గంటి,gaṁṭi,gaṁṭi,,"kn: ಸಮಯವನ್ನು ಸೂಚಿಸುವುದಕ್ಕಾಗಿ ಹೊಡೆದುಕೊಳ್ಳುವ ಗಂಟೆ || te: ఏదైనా  తగులుట వలన, పడుటవలన శరీరానికిజరుగు హాని.",form_similar,,,,
B000168,ಗಟ್ಟಿ,గట్టి,gaṭṭi,gaṭṭi,,kn: ನೀರಿನ ಅಂಶ ಕಡಿಮೆಯಿರುವ || te: గట్టిగా అనుకోవడం.,form_similar,,,,
B000169,ಗಡಿ,గడి,gaḍi,gaḍi,,kn: ಯಾವುದಕ್ಕಾದರೂ ಅವಕಾಶವಿರುವ ಅಥವಾ ಸಾಧ್ಯವಿರುವ ಗರಿಷ್ಠ ಮೊತ್ತ ಅಥವಾ ದಾಟಬಾರದ ಅಥವಾ ದಾಟಲಾರದ ಪ್ರದೇಶ ಅಥವಾ ಗೆರೆ ಅಥವಾ ಬಿಂದು || te: చదరంగం ఆటలో పావులని కదుపుటకు కాగితం లేదా కలపపై తయారైన భాగం.,form_similar,,,,
B000170,ಗಡಿಯ,గడియ,gaḍiya,gaḍiya,,kn: ಸರಹದ್ದು ಅಥವಾ ಗಡಿಯಲ್ಲಿ ವಾಸಮಾಡುವ || te: ఏదైనా ఒక పని చేయుటకు ఇచ్చు సమయం.,form_similar,,,,
B000171,ಗಡ್ಡ,గడ్డ,gaḍḍa,gaḍḍa,,kn: ಗಲ್ಲದ ಮೇಲೆ ಬೆಳೆಯುವ ಕೂದಲು || te: పేరుకొనినటువంటి/తోడుకొన్న/గట్టిపడిన,form_similar,,,,
B000172,ಗತಿ,గతి,gati,gati,,"kn: ಯಾವುದೇ ವಿಷಯ, ಮಾತು ಅಥವಾ ಘಟನೆಯ ವಿಶೇಷ ಸ್ಥಿತಿ || te: తప్పకుండా జరగబోవు సంఘటన.",form_similar,,,,
B000173,ಗದ್ದೆ,గద్దె,gadde,gadde,,kn: ಯಾವುದೇ ಬೆಳೆಯನ್ನು ಬೆಳೆಯಲು ಫಲವತ್ತಾಗಿರುವ ನೆಲ ಅಥವಾ ಭೂಮಿ || te: కూర్చోడానికి మనకోసమే నిర్ణయించబడిన ఒక స్థానం.,form_similar,,,,
B000174,ಗಮ್ಮು,గమ్ము,gammu,gammu,,"kn: ವನಸ್ಪತಿಯ ಮರದಿಂದ ಹೊರಬರುವ ಜಿಡು-ಜಿಡ್ಡಾದ ಅಂಟಿನ ಅಥವಾ ಚಿಗುಟಾದ ಸ್ರಾವ, ರಸ || te: మైదాతో పేపర్లు అంటించడానికి తయారుచేసేది",form_similar,,,,
B000175,ಗಾಂಡೀವಿ,గాండీవి,gāṁḍīvi,gāṁḍīvi,,kn: ಅರ್ಜನುನ ಬಿಲ್ಲು ಬಾಣ || te: కుంతికి మధ్య పుత్రుడు,form_similar,,,,
B000176,ಗಾಡಿ,గాడి,gāḍi,gāḍi,,"kn: ಶೋಭಾಯಮಾನವಾಗುವ ಅವಸ್ಥೆ/ಸ್ಥಿತಿ ಅಥವಾ ಭಾವ || te: మట్టి, ఇటుక లేదా ఇనుముతో తయారుచేసిన దానిపై పాత్ర పెట్టి బోజనము తయారుచేసేది",form_similar,,,,
B000177,ಗಾದೆ,గాదె,gāde,gāde,,kn: ಜನಸಾಮಾನ್ಯರಲ್ಲಿ ಮನೆಮಾತಾದ ಯಾವುದೋ ಉಕ್ತಿ ಅಥವಾ ಮಾತು || te: ధాన్యాన్ని ఉంచే పెద్ద బాన,form_similar,,,,
B000178,ಗಾಯತ್ರಿ,గాయత్రి,gāyatri,gāyatri,,kn: ಇಪ್ಪತ್ನಾಲ್ಕು ಅಕ್ಷರ ಮತ್ತು ಮೂರು ಚರಣಗಳ ಒಂದು ವೈದಿಕ ಚಂದಸ್ಸು || te: సింహాన్ని వాహనంగా కలిగిన దేవత,form_similar,,,,
B000179,ಗಾಲಿ,గాలి,gāli,gāli,,kn: ತಿರುಗುವ ಅಥವಾ ತಿರುಗುತ್ತಿರುವಂಥಹ ಅಥವಾ ಆ ರೀತಿಯಾಗಿ ಕಾಣುವಂಥಹ ವಸ್ತು || te: పంచభూతాలల్లో ఒకటి కంటికి కనిపించనిది,form_similar,,,,
B000180,ಗಿರಾಕಿ,గిరాకి,girāki,girāki,,"kn: ಯಾವುದೇ ವಸ್ತುವನ್ನು ಉಪಯೋಗಿಸುವವ ಅಥವಾ ಖರೀದಿಸಿ ಬಳಸುವವ || te: ఎదేని వస్తువు, వ్యక్తి మొదలగు వాటికి ఎక్కడైన అవసరముండుట.",form_similar,,,,
B000181,ಗೀರು,గీరు,gīru,gīru,,kn: ವಾಸ್ತವಿಕ ಅಥವಾ ಕಲ್ಪಿತ ರೇಖೆ ಅದರ ಅಸ್ತಿತ್ವ ಸೀಮೆಯ ನಿರ್ಥಾರಣ ರೇಖೆಯನ್ನು ನಿಶ್ಚಯಿಸುತ್ತದೆ || te: మలిన వస్తువును లేదా వస్తువుపైన ఉన్న మలినాన్ని వేరుచేయడం,form_similar,,,,
B000182,ಗುರುಡು,గురుడు,guruḍu,guruḍu,,kn: ಗಡ ಗಡ ಎಂದು ಶಬ್ದ ಮಾಡುವ ಪ್ರಕ್ರಿಯೆ || te: సౌరకుటుంబంలో ఐదవగ్రహం ఇది భూమికి చాలా దూరంగా ఉంటుంది,form_similar,,,,
B000183,ಗುರ್ತು,గుర్తు,gurtu,gurtu,,kn: ಆ ಮಾತು ಮುಂತಾದವು ಯಾರನ್ನಾದರೂ ಯಾವುದಾದರು ವಿಷಯದ ಜ್ಞಾನ ಅಥವಾ ಪರಿಚಯವನ್ನು ಮಾಡುವುದಕ್ಕೋಸ್ಕರ ಮಾತನಾಡಲಾಗುತ್ತದೆ || te: స్మరించుకొనే జ్ఞానం.,form_similar,,,,
B000184,ಗೂನಿ,గూని,gūni,gūni,,kn: ಕಂಸನ ಆಸ್ಥಾನದ ಗೂನುಳ್ಳ ದಾಸಿಯು ಶ್ರೀಕೃಷ್ಣನ್ನು ಪ್ರೀತಿಸುತ್ತಿದ್ದಳು || te: వ్యక్తి వీపుపై ఎముక ఎత్తుగా పెరగడం,form_similar,,,,
B000185,ಗೂನು,గూను,gūnu,gūnu,,kn: ಕಂಸನ ಆಸ್ಥಾನದ ಗೂನುಳ್ಳ ದಾಸಿಯು ಶ್ರೀಕೃಷ್ಣನ್ನು ಪ್ರೀತಿಸುತ್ತಿದ್ದಳು || te: ఒంటె వీపుపై ఎత్తుగా ఉండే భాగం,form_similar,,,,
B000186,ಗೇಲಿ,గేలి,gēli,gēli,,kn: ಮನಸ್ಸು ಪ್ರಸನ್ನವಾಗುವ ಮಾತು ಅಥವಾ ಕೆಲಸ || te: నవ్వుతూ వేరొకరిని నిందించడం,form_similar,,,,
B000187,ಗೊಂದಿ,గొంది,goṁdi,goṁdi,,"kn: ನಾಲ್ಕು ದಿಕ್ಕುಗಳಲ್ಲಿಯೂ ನೀರಿನಿಂದ ಆವೃತ್ತವದಂತಹ ಸ್ಥಳ ಅಥವಾ ಭೂಮಿ ದ್ವೀಪಕ್ಕಿಂತ ಚಿಕ್ಕದಾಗಿರುವುದು || te: నగరంలో ఉండే ఒక విభాగము, అక్కడ అనేక ఇండ్లు ఉంటాయి",form_similar,,,,
B000188,ಗೊಲ್ಲ,గొల్ల,golla,golla,,kn: ಹಸು-ಎಮ್ಮೆಗಳನ್ನು ಪಾಲನೆ ಪೋಷಣೆ ಮಾಡುವ ಮತ್ತು ಹಾಲನ್ನು ಮಾರುವ ಒಂದು ಜಾತಿ || te: యదుకు సంబంధించిన,form_similar,,,,
B000189,ಗೋಡೋನು,గోడోను,gōḍōnu,gōḍōnu,,"kn: ವಸ್ತು, ಸಾಮಗ್ರಿ, ಸಾಮಾನುಗಳನ್ನು ಇಡುವ ಕೊಠಡಿ || te: ధాన్యాన్ని నిలువ ఉంచు ప్రాంతం.",form_similar,,,,
B000190,ಗೋದಾ,గోదా,gōdā,gōdā,,kn: ದಕ್ಷಿಣ ಭಾರತದ ಒಂದು ಪ್ರಸಿದ್ಧ ನದಿ || te: ప్రజలు గుమిగూడి తమ నైపుణ్యాలను ప్రదర్శించే స్థలం,form_similar,,,,
B000191,ಗೋಧಿ,గోధి,gōdhi,gōdhi,,kn: ಒಂದು ಧಾನ್ಯ ಅದರ ಹಿಟ್ಟಿನಿಂದ ರೊಟ್ಟಿಯನ್ನು ಮಾಡುತ್ತಾರೆ || te: కనుబొమ్మల పైభాగం,form_similar,,,,
B000192,ಗೋರು,గోరు,gōru,gōru,,kn: ಕೈ ಮತ್ತು ಇನ್ನಿತರ ಸಣ್ಣ ಉಪಕರಣಗಳ ಸಹಾಯದಿಂದ ಯಾವುದೇ ಇನ್ನೊಂದು ವಸ್ತು ಇಲ್ಲವೇ ವ್ಯಕ್ತಿಯ ಮೇಲೆ ಬಲಪ್ರಯೋಗ ಮಾಡುವ (ಪ್ರ)ಕ್ರಿಯೆ || te: ఖడ్గమృగానికి మొహంపైన ఉన్న కొమ్ము,form_similar,,,,
B000193,ಗೋಲ,గోల,gōla,gōla,,"kn: ಒಂದು ಸಮತಲದಲ್ಲಿ ಯಾವುದೇ ಒಂದು ಬಿಂದುವಿನಿಂದ ಸಮದೂರವಿರುವ ಬಿಂದುಗಳನ್ನೆಲ್ಲಾ ಸೇರಿಸಿದರೆ ರೂಪುಗೊಳ್ಳುವ, ತುದಿಯಲ್ಲದ ರೇಖೆ || te: ఎక్కువ శబ్దం లేక గట్టిగా అరవడం.",form_similar,,,,
B000194,ಗೋಷ್ಟಿ,గోష్టి,gōṣṭi,gōṣṭi,,kn: ಜನರು ಔಪಚಾರಿಕವಾಗಿ ಮಾಡಿಕೊಂಡಿರುವ ದಳ  ಅಥವಾ ಸಂಘಟನೆ || te: ప్రత్యేక ఉద్దేశ్యముతో కూడి  అందరూ మాట్లాడే సభ.,form_similar,,,,
B000195,ಗೋಷ್ಠಿ,గోష్ఠి,gōṣṭhi,gōṣṭhi,,kn: ಯಾವುದೇ ವಿಷಯದ ಪರಸ್ಪರ ವಿನಿಮಯ || te: రాజుల కాలంలో అప్పుడప్పుడు కార్యనిర్వహణ కొరకు నిర్వహించే బ్రాహ్మణ విద్వాంసుల సభ,form_similar,,,,
B000196,ಗ್ರಾಮ,గ్రామ,grāma,grāma,,kn: ತುಂಬಾ ಚಿಕ್ಕ ನಿವಾಸ/ವಾಸಸ್ಥಾನ || te: పల్లెకు సంబంధించిన,form_similar,,,,
B000197,ಗ್ರಾಮಪಂಚಾಯಿತಿ,గ్రామపంచాయితి,grāmapaṁcāyiti,grāmapaṁcāyiti,,"kn: ಗ್ರಾಮದಿಂದ ಚುನಾಯಿಸಿದ ಪ್ರತಿನಿಧಿಗಳ ಪಂಚಾಯಿತಿ ಅಥವಾ ಪರಿಷತ್ || te: వివాదములు, గొడవలు రూపుమాపుటకు ఎన్నుకొనే ప్రజల గుంపు",form_similar,,,,
B000198,ಗ್ರಾಮೀಣ,గ్రామీణ,grāmīṇa,grāmīṇa,,kn: ಹಳ್ಳಿಯಲ್ಲಿ ವಾಸ ಮಾಡುವವ || te: పల్లెకు సంబంధించిన,form_similar,,,,
B000199,ಘೋಷ,ఘోష,ghōṣa,ghōṣa,,kn: ಯಾವುದನ್ನು ಉಚ್ಚಾರಣೆ ಮಾಡುವ ಸಮಯದಲ್ಲಿ ಸ್ವರತಂತುಗಳು ಶಬ್ಧ ಮಾಡುತ್ತದೆಯೋ || te: జోరుగా చెప్ప బడినది.,form_similar,,,,
B000200,ಚಂದಸ್ಸು,చందస్సు,caṁdassu,caṁdassu,,kn: ಮಾತ್ರಗಣದ ಲೆಕ್ಕದ ಮೇಲೆ ನಿರ್ಮಿತವಾಗುವ ಪದ್ಯಗಳನ್ನು ನಿರ್ದೇಶಿಸುವ ಶಾಸ್ತ್ರ || te: లఘువులు గురువులుగా వుండే ఒక వ్యాకరణం,form_similar,,,,
B000201,ಚಕ್ರಿ,చక్రి,cakri,cakri,,kn: ಅವನು ತುಂಬಾ ದೊಡ್ಡ ರಾಜ ಅವನ ಅಧೀನದಲ್ಲಿ ಅನೇಕ ರಾಜರುಗಳು ಮತ್ತು ರಾಜ್ಯಗಳು ಇದ್ದವು || te: హిందువుల విశ్వాసం ప్రకారం దశావతారాలుగల దేవుడు,form_similar,,,,
B000202,ಚತುರ,చతుర,catura,catura,,kn: ಯಾರೋ ಒಬ್ಬರಲ್ಲಿ ಬಹಳ ಬುದ್ಧಿ ಅಥವಾ ತಿಳಿದುಕೊಂಡಿರುವ || te: చిరుత తర్వాత వేగంగా పరిగెత్తే జంతువు,form_similar,,,,
B000203,ಚತುರ್ದಶಿ,చతుర్దశి,caturdaśi,caturdaśi,,kn: ಯಾವುದೇ ಪಕ್ಷದ ಹದಿನಾಲ್ಕನೆ ತಿಥಿ || te: పదికి నాలుగు కలిపిన వచ్చు సంఖ్య.,form_similar,,,,
B000204,ಚತ್ರಪತಿ,చత్రపతి,catrapati,catrapati,,kn: ಒಬ್ಬ ಗೌರವಸ್ಥ ರಾಜ ಪ್ರತ್ಯೇಕ ಚಿಹ್ನೆಯ ರೋಪದಲ್ಲಿ ಛತ್ರವನ್ನು ನೀರ್ಮಿಸುತ್ತಿದ್ದ || te: రాజ్యంను పరిపాలించేవాడు,form_similar,,,,
B000205,ಚಮತ್ಕಾರಿ,చమత్కారి,camatkāri,camatkāri,,kn: ಯಾವುದೇ ಕೆಲಸ ಘಟನೆ ಮುಂತಾದವುಗಳಿಂದ ಚಕಿತಗೊಳಿಸುವಂತಹದ್ದು || te: ఏదైనా మాటకు వెంటనే తడుముకోకుండా హాస్యపూర్వకంగా జవాబు చెప్పువాడు,form_similar,,,,
B000206,ಚರಿತ್ರ,చరిత్ర,caritra,caritra,,kn: ಅವತಾರಗಳು ಅಥವಾ ದೇವತೆಗಳ ಚರಿತ್ರೆಗಳ ಅಭಿನಯ || te: జరిగిపోయిన కాలం.,form_similar,,,,
B000207,ಚರ್ಮಪತ್ರ,చర్మపత్ర,carmapatra,carmapatra,,"kn: ಆಡು, ಮೇಕೆ, ಕರು, ಕುರಿ ಮೊದಲಾದ ಪ್ರಾಣಿಗಳ ಚರ್ಮದಿಂದ ಮಾಡಲಾದ ಪತ್ರ ಅದರ ಮೇಲೆ ಬರೆಯಲಾಗುತ್ತದೆ || te: తలక్రిందులుగా వేలాడే పక్షి",form_similar,,,,
B000208,ಚರ್ವಣ,చర్వణ,carvaṇa,carvaṇa,,kn: ದನ ಅಥವಾ ಪಶುಗಳು ಅರೆಜೀರ್ಣವಾದ ಆಹಾರವನ್ನು ಮತ್ತೆ ನುರಿಸಿ ತಿನ್ನುವುದು ಅಥವಾ ಹಿಂದಿನ ವಿಷಯಗಳನ್ನು ಮತ್ತೆ ಸ್ಮರಿಸುವಿದು || te: ఆహరపదార్థాల పైన వాలే ఎగిరే చిన్నకీటకం.,form_similar,,,,
B000209,ಚಾಚು,చాచు,cācu,cācu,,kn: ಹರಡಿದ || te: కూర్చోవడానికి నేలమీద చాపను వేయడం.,form_similar,,,,
B000210,ಚಾಳಿ,చాళి,cāḷi,cāḷi,,"kn: ಮುಖ್ಯವಾಗಿ ಅಫೀಮು ಮೊದಲಾದ ಮಾದಕ ವಸ್ತುವಿನ ಅತಿಯಾದ ಸೇವನೆಯ ಪರಿಣಾಮವಾಗಿ, ಯಾವ ದುಷ್ಪರಿಣಾಮವೂ ಆಗದೆ ಚಟವನ್ನು ಬಿಡಲಾರದ ಸ್ಥಿತಿ || te: ఒక మనిషి గురించి ఇంకొక మనిషి దగ్గర చెడు భావం కలిగించే విదంగా చేప్పే క్రియ",form_similar,,,,
B000211,ಚಿಕ್ಕ,చిక్క,cikka,cikka,,kn: ಯಾವುದೋ ಒಂದರ ಆಕಾರ ಚಿಕ್ಕದಾಗಿರುವುದು || te: దట్టముగా ఉండే స్థితి లేక భావము.,form_similar,,,,
B000212,ಚಿಗುರು,చిగురు,ciguru,ciguru,,kn: ನೆಲದಲ್ಲಿ ಬಿತ್ತಿದ ಬೀಜ ಜೀವೋತ್ಪತ್ತಿ ಕಾರ್ಯ ಮಾಡತೊಡಗಿದ ಮೊದಲ ಹಂತದ ಸ್ಥಿತಿ || te: విత్తనాలు అంకురించుట.,form_similar,,,,
B000213,ಚಿಟ್ಟೆ,చిట్టె,ciṭṭe,ciṭṭe,,"kn: ಹಾರಾಡುವ ಒಂದು ಸುಂದರವಾದ ಕೀಟ ಹೂ ಮುಂತಾದವುಗಳ ಮೇಲೆ ಸುತ್ತಾ ಸುತ್ತುವುದು || te: కొన్ని రకాల చెట్లకు ఆకులు, కొమ్మలు, వేర్లు మొదలైనవి వచ్చే భాగం",form_similar,,,,
B000214,ಚಿತ್ತಾ,చిత్తా,cittā,cittā,,kn: ಚಂದ್ರನು ಚಿತ್ತಾ ನಕ್ಷತ್ರಕ್ಕೆ ಬಂದತಹ ಸಮಯ || te: ఇరవై ఏడు నక్షత్రాలలో ఒకటి,form_similar,,,,
B000215,ಚಿನ್ನ,చిన్న,cinna,cinna,,kn: ಒಂದು ಅತ್ಯಮೂಲ್ಯವಾದ ಚಿನ್ನದ ಆಭರಣ ಮುಂತಾದವುಗಳನ್ನು ಮಾಡುತ್ತಾರೆ || te: అతి చిన్నదైన అవస్థ.,form_similar,,,,
B000216,ಚೀಟಿ,చీటి,cīṭi,cīṭi,,kn: ಕಡಿಮೆ ಉದ್ದ ಮತ್ತು ಹೆಚ್ಚು ಅಗಲವಾಗಿರುವ ಹಾಳೆಯ ಮೇಲೆ ಏನನ್ನೋ ಬರೆದಿರುವರು || te: వివరాలన్ని రాసివుండే పత్రం,form_similar,,,,
B000217,ಚೀಲ,చీల,cīla,cīla,,"kn: ಬಟ್ಟೆ ಅಥವಾ ಪ್ಲಾಸ್ಟಿಕ್ ಮುಂತಾದವುಗಳನ್ನು ಬಳಸಿ ಸಾಮಾನುಗಳನ್ನು ತುಂಬಲು ಸಹಾಯವಾಗುವಂತೆ ಮೂರು ಕಡೆ ಹೊಲಿದು ಒಂದು ಕಡೆ ಬಾಯಿಯ ಹಾಗೆ ತೆರೆದಿರುವ ಒಂದು ವಸ್ತು || te: లోహముతో కూడిన ముల్లు,",form_similar,,,,
B000218,ಚುಟ್ಟ,చుట్ట,cuṭṭa,cuṭṭa,,kn: ಎಲೆಯಲ್ಲಿ ಹೊಗೆ ಸಪ್ಪಿನ ಪುಡಿಯನ್ನು ಹಾಕಿ ಸುತ್ತಿ ಚುಟ್ಟ ಮುಂತಾದವುಗಳು ಸೇದುವ ಹಗೆ ಹೊಗೆ ಎಳೆದುಕೊಂಡು  ಸೇದುವರು || te: పొగాకు లేదా గంజాయి యొక్క పొగను పీల్చె క్రియ,form_similar,,,,
B000219,ಚೂರ್ಣ,చూర్ణ,cūrṇa,cūrṇa,,kn: ಒಂದು ಪ್ರಕಾರದ ಔಷಧಿ ಅದು ಪುಡಿಯ ಅಥವಾ ಹಿಟ್ಟಿನ ರೂಪದಲ್ಲಿ ಇರುತ್ತದೆ || te: పిండిరూపంలో వుండటం,form_similar,,,,
B000220,ಚೂಲು,చూలు,cūlu,cūlu,,kn: ಪ್ರಬಲವಾದ ಕಾಮುಕ || te: గర్భధారణ నుండి  బిడ్డకు జన్మనిచ్చుటకుగల మధ్య సమయం.,form_similar,,,,
B000221,ಚೌಕ,చౌక,cauka,cauka,,kn: ಮನೆಯ ಮಧ್ಯದ ತೆರೆದ ಭಾಗ || te: వస్తువులు తక్కువ ధరకు లభించడం,form_similar,,,,
B000222,ಛಂದಸ್ಸು,ఛందస్సు,chaṁdassu,chaṁdassu,,"kn: ಶಾಸ್ತ್ರದಲ್ಲಿ ಛಂದಿಸ್ಸಿನ ಬಗೆಗೆ ವಿವರಣೆ ನೀಡಿದ್ದಾರೆ || te: గురువు, లఘువులతో గుర్తించేది",form_similar,,,,
B000223,ಛತ್ರಪತಿ,ఛత్రపతి,chatrapati,chatrapati,,kn: ಅವನು ತುಂಬಾ ದೊಡ್ಡ ರಾಜ ಅವನ ಅಧೀನದಲ್ಲಿ ಅನೇಕ ರಾಜರುಗಳು ಮತ್ತು ರಾಜ್ಯಗಳು ಇದ್ದವು || te: గౌరవశాలలో రాజుకు ప్రతీక చిహ్నం రూపం,form_similar,,,,
B000224,ಛಾತಿ,ఛాతి,chāti,chāti,,kn: ವೀರನಾಗಿರುವುದು || te: పొట్టకు మరియు గొంతుకు మధ్యలో ఉండే భాగం,form_similar,,,,
B000225,ಜಗ್ಗು,జగ్గు,jaggu,jaggu,,"kn: ಯಾವುದಾದರು ವಸ್ತು ಅದರು ಪೂರ್ಣವಾದ  ಉದ್ದ ಅಥವಾ ಅಗಲದವರೆವಿಗೂ ಎಳೆದು ತರುವುದು || te: లోటా లాంటి ఒక గిన్నె,దీనితో నీళ్ళు, టీ మొదలైనవి పెట్టుటకు పనికొస్తుంది",form_similar,,,,
B000226,ಜಡ,జడ,jaḍa,jaḍa,,kn: ಚೇತನರಹಿತವಾದ ಅಥವಾ ಜೀವವಿರದ || te: జుట్టుతో అల్లికగా వేసేది,form_similar,,,,
B000227,ಜನ್ಮ_ಭೂಮಿ,జన్మ_భూమి,janma_bhūmi,janma_bhūmi,,kn: ಯಾರೋ ಒಬ್ಬರು ಹುಟ್ಟಿದ ಸ್ಥಾನದಲ್ಲಿ ಜನ್ಮಸಿರುವರು || te: ఏ స్థానములో ఐతే పుట్టి ఉంటారో.,form_similar,,,,
B000228,ಜಮಾಕರ್ತ,జమాకర్త,jamākarta,jamākarta,,kn: ಬ್ಯಾಂಕಿನಲ್ಲಿ ಹಣ ಹಾಕುವ || te: డబ్బు వేసే వ్యక్తి,form_similar,,,,
B000229,ಜಯ,జయ,jaya,jaya,,kn: ಜಗಳ ಅಥವಾ ಆಟ ಮೊದಲಾದವುಗಳಲ್ಲಿ ಶತ್ರು ಅಥವಾ ಎದುರಾಳಿಗಳನ್ನು ಸೋಲಿಸಿಯುವುದರಿಂದ ಪ್ರಾಪ್ತಿಯಾಗುವಂತಹ ಸಫಲತೆ || te: సింహాన్ని వాహనంగా కలిగిన దేవత,form_similar,,,,
B000230,ಜರಿ,జరి,jari,jari,,"kn: ವಿಷವುಳ್ಳ ಒಂದು ಚಿಕ್ಕ ಕೀಟಾ ಅದಕ್ಕೆ ಅನೇಕ ಕಾಲುಗಳಿರುತ್ತದೆ || te: పట్టు దారాలపైన చుట్టిన వెండి, బంగారు తీగలతో తయారు చేసినది",form_similar,,,,
B000231,ಜಲಪಕ್ಷಿ,జలపక్షి,jalapakṣi,jalapakṣi,,kn: ಮಸುಕು ಅಥವಾ ಮಣ್ಣಿನ ಬಣ್ಣದ ಒಂದು ಪಕ್ಷಿ || te: నీటిలో నివశించు పక్షి,form_similar,,,,
B000232,ಜಲಾಂತರ್ಗಾಮಿ,జలాంతర్గామి,jalāṁtargāmi,jalāṁtargāmi,,kn: ನೀರಿನ ಒಳಗೆ ಸಂಚರಿಸುವ ಆಧುನಿಕ ದೋಣಿ || te: నీట మునిగిన చేపలను పట్టుకునే ఒకపక్షి,form_similar,,,,
B000233,ಜಲ್ಲಿ,జల్లి,jalli,jalli,,"kn: ಜಲಜಂತುಗಳು ನೀರಿನಲ್ಲಿ ಉಸಿರಾಡಿಸುವ ಅವಯವ, ಜಲಜಂತುಗಳ ಶ್ವಾಸ ಕೋಶ || te: ఏదైనా ద్రవపదార్థాలలోని మలినాన్ని వేరుచేసే వస్తువు",form_similar,,,,
B000234,ಜಾಕೆಟ್ಟು,జాకెట్టు,jākeṭṭu,jākeṭṭu,,kn: ಗಂಡಸಿನ ಅಥವಾ ಹೆಂಗಸಿನ ತೋಳುಳ್ಳ ನಡುವಂಗಿ || te: స్త్రీలు చీరతోపాటు వేసుకునే చిన్న వస్త్రం,form_similar,,,,
B000235,ಜಾಜಿ,జాజి,jāji,jāji,,kn: ಒಂದು ಬಗೆಯ ಸುಗಂದಿತ ಹೂವಿನ ಪೊದೆ || te: సుగంధ పుష్పాలు,form_similar,,,,
B000236,ಜಿಂಕ್,జింక్,jiṁk,jiṁk,,kn: ಸತುವಿನಿಂದ ಮಾಡಿರುವ || te: తెల్లరంగులో ఉండె ఒక జింక్ లాంటిది,form_similar,,,,
B000237,ಜಿಡ್ಡು,జిడ్డు,jiḍḍu,jiḍḍu,,"kn: ಎಣ್ಣೆ, ತುಪ್ಪ ಮೊದಲಾದವುಗಳು ಜಿಡ್ಡಾದ ಪದಾರ್ಥ || te: శరీరంపైన చేరే దుమ్ము, మట్టి కణాలు.",form_similar,,,,
B000238,ಜೀವಧಾರಿ,జీవధారి,jīvadhāri,jīvadhāri,,"kn: ಯಾವುದೇ ಜೀವಿ, ಪ್ರಾಣಿಯು ಜೀವಂತ ಸ್ಥಿತಿ ಅಥವಾ ಜಡತೆಯಿಂದ ಪ್ರತ್ತೇಕಿಸುವ ಗುಣ || te: ప్రాణంతోవున్న",form_similar,,,,
B000239,ಜೂನ್,జూన్,jūn,jūn,,kn: ಆಂಗ್ಲ ಭಾಷೆಯ ವರ್ಷದ ಲೆಕ್ಕಾಚಾರದಲ್ಲಿ ಮುವತ್ತು ದಿನಗಳಿರುವ ಆರನೇ  ತಿಂಗಳು || te: మే నెల్ తరువాత వచ్చే నెల,form_similar,,,,
B000240,ಜೂಲು,జూలు,jūlu,jūlu,,"kn: ಶರೀರದ ಮೇಲೆ ಉದ್ದವಾಗಿ ಪಸರಿಸಿದ ಕೂದಲುಳ್ಳಂತಹ || te: సింహం, లేదా గుర్రం యొక్క ముఖానికి ఉన్న దట్టమైన వెంట్రుకలు",form_similar,,,,
B000241,ಜೊಲ್ಲು,జొల్లు,jollu,jollu,,"kn: ಬಾಯಿಯಿಂದ ಬರುವ ಬಿಳಿಯಾದ, ಗಾಢವಾದ ರಸ || te: నోటి నుండి కారే ఉమ్మి",form_similar,,,,
B000242,ಜೋಕರ್,జోకర్,jōkar,jōkar,,kn: ಹಾಸ್ಯಪೂರ್ಣವಾದ ಅಭಿನಯದಿಂದ ಎಲ್ಲರನ್ನು ನಗಿಸುವ ವ್ಯಕ್ತಿ || te: తమాషా చేసేవాడు,form_similar,,,,
B000243,ಜೋಕ್,జోక్,jōk,jōk,,kn: ಚಮತ್ಕಾರಪೂರ್ಣವಾದ ಹಾಸ್ಯ ಅಥವಾ ಚುಟುಕ || te: నవ్వించడానికి చేసే పని,form_similar,,,,
B000244,ಜೋಡು,జోడు,jōḍu,jōḍu,,kn: ಸುರಕ್ಷತೆಯ ದೃಷ್ಟಿಯಿಂದ ಪಾದಗಳಿಗೆ ಹಾಕಿಕೊಳ್ಳುವಂತಹ ಚರ್ಮ ಮತ್ತು ಮೊದಲಾದವುಗಳಿಂದ ಮಾಡಿರುವಂತಹ ವಸ್ತು ಅದು ಪೂರ್ತಿಯಾಗಿ ಬೆರಳುಗಳನ್ನು ಸಹ ರಕ್ಷಿಸುತ್ತದೆ || te: రక్తసంబంధం కానిది,form_similar,,,,
B000245,ಜೋರು,జోరు,jōru,jōru,,kn: ಇಚ್ಚೆಯಿಂದ ಹಾಗೆಯೇ ನಿರಂತರವಾಗಿ ಯಾವುದಾದರು ಕೆಲಸದಲ್ಲಿ ತೊಡಗಿರುವ ಕ್ರಿಯೆ || te: శీఘ్రంగా ఉండే అవస్థ లేక భావన.,form_similar,,,,
B000246,ಜ್ಯೇಷ್ಠ,జ్యేష్ఠ,jyēṣṭha,jyēṣṭha,,kn: ವಯಸ್ಸಿನಲ್ಲಿ ದೊಡ್ಡವ || te: శివుని జఠాలం నుంచి భూమిపైకి వచ్చిన నది దీనిని చాలా పుణ్యనదిగా భావిస్తారు.,form_similar,,,,
B000247,ಜ್ಯೋತಿ,జ్యోతి,jyōti,jyōti,,kn: ಪ್ರಾತಃ ಕಾಲದಲ್ಲಿ ಸೂರ್ಯನ ಪ್ರಕಾಶದ ರೇಖೆಗಳು ಅಥವಾ ಮಧ್ಯಮ ಜ್ಯೋತಿ || te: పగటిపూట వెలుగును ఇచ్చే గ్రహం,form_similar,,,,
B000248,ಟಿ.ಬಿ.,టి.బి.,ṭi.bi.,ṭi.bi.,,kn: ಒಂದು ಅಸಾಧ್ಯ ರೋಗ ಅದು ರೋಗಿಯ ಶ್ವಾಶಕೋಶ ಕೊಳೆಯಿಸುತ್ತದೆ ಮತ್ತು ಪೂರ್ತಿ ಶರೀರ ನಿಧಾನವಾಗಿ ದುರ್ಬಲವಾಗುತ್ತಾ ಹೋಗುತ್ತದೆ || te: ఎక్కువ దగ్గు కలిగి మనిషి ఆరోగ్యం క్షీణిస్తూపోవడం.,form_similar,,,,
B000249,ಟೀ,టీ,ṭī,ṭī,,kn: ಒಂದು ಗಿದ ಅದರ ಎಲೆಗಳನ್ನು ಕುದಿಯು ನೀರಿನಲ್ಲಿ ಹಾಕಿ ಒಂದು ಕುಡಿಯಬಹುದಾದ ಪಾನೀಯ/ಪೇಯವನ್ನು ತಯಾರಿಸಲಾಗುತ್ತದೆ || te: తేయాకులతో చేసే ద్రవ పదార్థం,form_similar,,,,
B000250,ಟೆಲಿವಿಜನ್,టెలివిజన్,ṭelivijan,ṭelivijan,,kn: ಈ ದೂರ ಸಂಚಾರಿ ವ್ಯವಸ್ಥೆ ಸ್ಥಿರ ಹಾಗೂ ಅಸ್ಥಿರ ವಸ್ತುಗಳ ಚಿತ್ರಣವನ್ನು ದೂರದ ಸ್ಥಳಗಳವರಗೆ ಪ್ರಸಾರ ಮಾಡುತ್ತದೆ || te: ఈ సాధనము వలన దూరంగా జరిగే సంఘటనలను కూడా చూడవచ్చును.,form_similar,,,,
B000251,ಟೈರು,టైరు,ṭairu,ṭairu,,"kn: ವಾಹನಗಳ ನಾಲ್ಕು ಕಡೆಗಳಲ್ಲಿಯೂ ಹಾಕಿರುವಂತಹ ರಬರ್ ನ ಬಾಹ್ಯ ಆವರಣ || te: సైకిల్, స్కూటర్ చక్రాలకు వెనుక తిరగడానికి వీలుగా వుండేది",form_similar,,,,
B000252,ಡಾಬು,డాబు,ḍābu,ḍābu,,kn: ಸೊಂಟ್ಟಕ್ಕೆ ಕಟ್ಟಿಕೊಳ್ಳುವ ಒಂದು ಆಭರಣ || te: గొప్పలు చెప్పడం,form_similar,,,,
B000253,ತಂಡ,తండ,taṁḍa,taṁḍa,,kn: ಕೆಲವು ಜನರ ಒಳಗೂಡಿದ ಒಂದು ದಳದವರು ವಿಶೇಷ ಕಾರ್ಯಗಳ ನಿಮಿತ್ತವಾಗಿ ಹೊರಗೆ ಹೋಗುವರು || te: జిల్లాలో ఒక భాగం,form_similar,,,,
B000254,ತಗುಲು,తగులు,tagulu,tagulu,,kn: ಜೋರಾಗಿ ಎರಡು ವಸ್ತುಗಳು ತಗಲುವ ಕ್ರಿಯೆ || te: వెళ్తున్న సమయంలో ఏదైనా ఒక వస్తువు తగిలి కాలికి గాయమవడం,form_similar,,,,
B000255,ತಗ್ಗು,తగ్గు,taggu,taggu,,kn: ಯಾವುದೇ ವಸ್ತು ಸಂಗತಿಯ ಮುಂತಾದವುಗಳ ಲಭ್ಯತೆ ಕ್ರಮೇಣ ಇಳಿಮುಕವಾಗುತ್ತಾ ಹೋಗು || te: తక్కువ అయ్యే భావన లేక దిగే భావన.,form_similar,,,,
B000256,ತಡವು,తడవు,taḍavu,taḍavu,,kn: ಯಾವುದಾದರು ವಸ್ತು ಅಥವಾ ಶರೀರದ ಅಂಗವವನ್ನು ಮೆಲ್ಲ-ಮೆಲ್ಲನೆ ಕೈಯಿಂದ ನೇವರಿಸುವುದು || te: తొందరగా రాలేక పోవడం,form_similar,,,,
B000257,ತಡಿ,తడి,taḍi,taḍi,,"kn: ಮೆತ್ತನೆಯ ಹತ್ತಿ, ಬಟ್ಟೆ, ನಾರು ಮುಂತಾದವುಗಳನ್ನು ತುಂಬಿದ ಒರಟು ಬಟ್ಟೆಯ ಚೀಲ ಅಥವಾ ಆತರದ ಮೆತ್ತನೆಯ ಹಾಸು || te: గాలిలో ఉండే భాష్పము",form_similar,,,,
B000258,ತಪಸ್ವಿ,తపస్వి,tapasvi,tapasvi,,kn: ಒಂದು ಕಡೆ ನೆಲಸಿಲ್ಲದವ || te: సంసార మోహాన్ని వదలి ధార్మిక జీవితాన్ని ఆశించేవాడు.,form_similar,,,,
B000259,ತಬಲಾ,తబలా,tabalā,tabalā,,"kn: ತಾಳವನ್ನು ನೀಡುವ ಒಂದು ವಾದ್ಯ, ಅದನ್ನು ಎರಡೂ ಕೈಗಳು ಒಟ್ಟಿಗೆ ಬಾರಿಸುತ್ತದೆ || te: తాళం వేసే ఒక వాయిద్యం దానికి బోలైన కుండపైన చర్మంతో వాయించేటటువంటి వాయిద్యం",form_similar,,,,
B000260,ತರಿ,తరి,tari,tari,,"kn: ಮರ, ಕಲ್ಲು ಗಟ್ಟಿಯಾದ ರಬ್ಬರ್ ವಸ್ತುಇತ್ಯಾದಿ ಗಟ್ಟಿ ವಸ್ತುಗಳನ್ನು ಉಳಿ ಇತ್ಯಾದಿ ಉಪಕರಣಗಳ ಸಹಾಯದಿಂದ ಅದರ ಮೇಲ್ಮೈಯನ್ನು ಒರಟುಗೊಳಿಸುವ ಪ್ರಕ್ರಿಯೆ || te: నీళ్ళలో ప్రయాణం చేస్తూ కొయ్యలను, లోహాలను సరఫరా చేసేవి",form_similar,,,,
B000261,ತಲಾರಿ,తలారి,talāri,talāri,,kn: ಸೈನ್ಯ ಅಥವಾ ರಕ್ಷಣಾ ದಳದಲ್ಲಿ ಇದ್ದು ಯುದ್ಧಮಾಡುವ ವ್ಯಕ್ತಿ || te: ప్రభుత్వం ఉత్తర్వు అయిన మరణ దండనను అమలుపరిచేవాడు,form_similar,,,,
B000262,ತಲುಪು,తలుపు,talupu,talupu,,kn: ಒಂದು ಸ್ಥಾನದಿಂದ ಬಂದು ಇನ್ನೊಂದು ಸ್ಥಾನದಲ್ಲಿ ಉಪಸ್ಥಿತಿಯಾಗುವುದು || te: ఇంటి లోపలికి ప్రవేశించాటానికి మొదట వచ్చేది,form_similar,,,,
B000263,ತಾಕು,తాకు,tāku,tāku,,kn: ಜೋರಾಗಿ ಎರಡು ವಸ್ತುಗಳು ತಗಲುವ ಕ್ರಿಯೆ || te: ఏదేని వస్తువును  ఏదేని అంగముతో తడుముట.,form_similar,,,,
B000264,ತಾಗು,తాగు,tāgu,tāgu,,kn: ಹಿಡಿಸದ ಅಥವಾ ಯಾವುದೋ ಕೆಲಸ ಅಥವಾ ಮಾತಿನಿಂದ ಮನಸ್ಸಿಗೆ ನೋವನ್ನುಂಟು ಮಾಡು || te: పానీయాలను స్వీకరించడం,form_similar,,,,
B000265,ತಾಮಸಿ,తామసి,tāmasi,tāmasi,,kn: ಯಾವುದು ತಮೋಗುಣದಿಂದ ಕೂಡಿರುವುದೋ || te: శివుడి యొక్క భార్య,form_similar,,,,
B000266,ತಾರ,తార,tāra,tāra,,"kn: ಒಂದು ಬಿಳಿಯ ಬಣ್ಣದ, ಹೊಳೆಯುವ ಧಾತು ಅದನ್ನು ಒಡವೆ, ಆಭರಣ, ಪಾತ್ರೆ ಮೊದಲಾದವುಗಳನ್ನು ಮಾಡುವುದಕ್ಕೆ ಬಳಸುತ್ತಾರೆ || te: ఆకాశంలో రాత్రిపూట ప్రకాశించేవి",form_similar,,,,
B000267,ತಾರಕ,తారక,tāraka,tāraka,,kn: ಶಿವನ ಮಗನಾದ ಕಾರ್ತಿಕೇಯನ ಕೈಯಿಂದ ಸಾಯಿಸಲ್ಪಟ್ಟಂತಹ ಒಬ್ಬ ಅಸುರ || te: ఆకాశంలో రాత్రిపూట ప్రకాశించేవి,form_similar,,,,
B000268,ತಾರಾದೇವಿ,తారాదేవి,tārādēvi,tārādēvi,,kn: ಬ್ರುಹಸ್ಪತಿಯ ಹೆಂಡತಿ || te: తంత్ర శాస్రంలో పేర్కొన్నబడిన దేవతలలో ఒకరు,form_similar,,,,
B000269,ತಿಟ್ಟಿನ,తిట్టిన,tiṭṭina,tiṭṭina,,kn: ಮೇಲಕ್ಕೆ ಎತ್ತರಕ್ಕೆ ಹೋಗುತ್ತಿರುವುದು || te: ఎవరినైనా అసభ్యకరమైన మాటలతో దూషించడం,form_similar,,,,
B000270,ತಿರುಗಾಡು,తిరుగాడు,tirugāḍu,tirugāḍu,,kn: ಯಾರೋ ಒಬ್ಬರ ಅಕ್ಕ-ಪಕ್ಕದಲ್ಲೇ ಸುತ್ತಾಡು || te: ఏదేని ఒక వస్తువుకు దగ్గర_దగ్గరగుండుట.,form_similar,,,,
B000271,ತೀರು,తీరు,tīru,tīru,,kn: ಋಣ ಅಥವಾ ಸಾಲವನ್ನು ತೀರಿಸುವ ಪ್ರಕ್ರಿಯೆ || te: సృష్టికి మూలం,form_similar,,,,
B000272,ತೀರ್ಪು,తీర్పు,tīrpu,tīrpu,,kn: ಯಾವುದಾದರು ವ್ಯವಹಾರ ಅಥವಾ ಮೊಕದ್ದಮೆಯಲ್ಲಿ ದೋಷಿ ಅಥವಾ ನಿದ್ರೋಷಿ ಅಥವಾ ಅಧಿಕಾರಿ ಮತ್ತು ಅನಧಿಕಾರಿ/ಅಧಿಕಾರಿಯಲ್ಲದವ ಮೊದಲಾದವರುಗಳ ವಿಚಾರಣಪೂರ್ವಕ ನಿರ್ಧಾರ || te: కారణము ద్వారా ఏదైన ఒక ఉద్ధేశానికి రావటం,form_similar,,,,
B000273,ತುಂಟ,తుంట,tuṁṭa,tuṁṭa,,kn: ಚಂಚಲತೆಯನ್ನು ಹೊಂದಿರುವ  ವ್ಯಕ್ತಿ || te: కాగితము  చిరగగా లేక మొక్కలు  విరగగా మిలిన భాగము.,form_similar,,,,
B000274,ತುಕ್ಕು,తుక్కు,tukku,tukku,,kn: ಗಾಳಿ ಅಥವಾ ನೀರಿನ ಕಾರಣದಿಂದ ಲೋಹಗಳ ಮೇಲೆ ಹರಡುವ ಒಂದು ಬಗೆಯ ಕಪ್ಪು ಅಂಶ || te: పనికి రాని వస్తువులు.,form_similar,,,,
B000275,ತುಪ್ಪು,తుప్పు,tuppu,tuppu,,kn: ಮತ್ತೆ ಮತ್ತೆ ಉಗುಳುವುದು || te: యంత్రంలో ఏదేని వస్తువును వేసి గుండ్రంగా తిప్పడం,form_similar,,,,
B000276,ತುರಾಯಿ,తురాయి,turāyi,turāyi,,kn: ಕೂದಲಿನ ತುರಾಯಿಯನ್ನು ಹಿಂದೂ ಸಂಪ್ರದಾಯದ ಜನರು ತಲೆಯ ಮೇಲಿನ ಮಧ್ಯ ಭಾಗದಲ್ಲಿ ಹಾಕಿಕೊಳ್ಳುತ್ತಿದ್ದರು || te: రాజుల కిరీటం లేదా తలపాగా పైన ఉంచే విలువైన ఈక,form_similar,,,,
B000277,ತೂಗಾಡು,తూగాడు,tūgāḍu,tūgāḍu,,kn: ಉಯ್ಯಾಲೆ ಅಥವಾ ಯಾವುದಾದರು ವಸ್ತುವಿನ ಮೇಲೆ ಕುಳಿತು ಅಥವಾ ಹಿಡಿದು ಲಯಬದ್ಧವಾಗಿ ಹಿಂದೆ ಮುಂದೆ ಆಡುವ ಇಲ್ಲವೇ ಆಡಿಸುವ ಪ್ರಕ್ರಿಯೆ || te: మత్తు మొదలైనవాటివల్ల నిలబడలేకపోవడం కారణంగా అటు ఇటు ఊగడం,form_similar,,,,
B000278,ತೃತೀಯ,తృతీయ,tr̥tīya,tr̥tīya,,kn: ಸರಿಸುಮಾರು ಅಥವಾ ಹೆಚ್ಚು ಕಡಿಮೆ ಮೂರು || te: చంద్రమాసంలో ఏ పక్షంలో వచ్చే మూడవ తిధి,form_similar,,,,
B000279,ತೆಪ್ಪ,తెప్ప,teppa,teppa,,"kn: ಅನಿರೀಕ್ಷಿತ ಅಪಾಯ ಒದಗಿದಾಗ ದೋಣಿಯ ಬದಲು ಜನ ಅಥವಾ ಸರಕುಗಳನ್ನು ಸಾಗಿಸಲು ದಿಮ್ಮಿಗಳು, ಬೊಂಬುಗಳನ್ನು ಬಳಸುವರು || te: నదిని దాటడానికి ఉపయోగించే కర్రలతో చేసిన సాధనం",form_similar,,,,
B000280,ತೇರು,తేరు,tēru,tēru,,kn: ಎರಡು ಅಥವಾ ನಾಲ್ಕು ಚಕ್ರಗಳ್ಳುಲ್ಲ ಒಂದು ಪ್ರಕಾರದ ಪುರಾತನವಾದ ಸವಾರಿ ಮಾಡುವ ಗಾಡಿ ಅದು ಕುದುರೆಯಿಂದ ಎಳೆಯಲ್ಪಡುತ್ತದೆ || te: ద్రవ పదార్థాలు స్థిరంగా ఉన్నపుడు అందులో ఉన్న ఘన పదార్థం లోపలికి పోయి ద్రవాలు పైకి చేరడం,form_similar,,,,
B000281,ತೇಲು,తేలు,tēlu,tēlu,,kn: ನೀರಿನ ಧಾರೆಯಲ್ಲಿ ಬಿದ್ದು ನಿರಂತರವಾಗಿ ಅದರ ಜೊತೆಯಲ್ಲಿಯೇ ತೇಲಿ ಕೊಂಡು ಹೋಗುವುದು || te: కొండీగల విష ప్రాణి,form_similar,,,,
B000282,ತೊಡುಗು,తొడుగు,toḍugu,toḍugu,,kn: ಯಾವುದೇ ಕೆಲಸದಲ್ಲಿ ಚೆನ್ನಾಗಿ ತಲ್ಲಿನವಾಗುವ ಪ್ರಕ್ರಿಯೆ || te: యుద్ద సమయంలో శరీర రక్షణ కోసం ధరించు ఇనుప వస్త్రం.,form_similar,,,,
B000283,ತೋಚು,తోచు,tōcu,tōcu,,kn: ಲಕ್ಷಕ್ಯೆ ಬರುವಂತಹ ಕ್ರಿಯೆ || te: చూచి లేదా అనుమానంతో కొంత ఊహించడం,form_similar,,,,
B000284,ತೋಡು,తోడు,tōḍu,tōḍu,,kn: ಮೇಲ್ಭಾಗದ ಮಣ್ಣನ್ನು ತೆಗೆದು ಹಳ್ಳ ಮಾಡುವುದು || te: రక్తసంబంధం కానిది,form_similar,,,,
B000285,ತ್ರಿವೇಣಿ,త్రివేణి,trivēṇi,trivēṇi,,"kn: ಇಡಾ, ಪಿಂಗಳ ಮತ್ತು ಸುಷಮ್ನ - ಈ ಮೂರು ನಾಡಿಗಳು ಸೇರುವ ಸ್ಥಾನ || te: శివుని జఠాలం నుంచి భూమిపైకి వచ్చిన నది దీనిని చాలా పుణ్యనదిగా భావిస్తారు.",form_similar,,,,
B000286,ದಂಡ,దండ,daṁḍa,daṁḍa,,kn: ಮರದ ಅಥವಾ ಬಿದುರಿನಿಂದ ಮಾಡಿದ ಉದ್ದನೆಯ ಗಿಡ್ಡನೆಯ ನಾನಾ ಆಕಾರದ ಸ್ವರೂಪದ ವಸ್ತು || te: పూలను పక్కపక్కాగా కూర్చి కుట్టినది,form_similar,,,,
B000287,ದಂಡು,దండు,daṁḍu,daṁḍu,,kn: ಸಮವಸ್ತ್ರ ಧರಿಸಿರುವ ಸೈನಿಕರ ಗುಂಪು || te: రాజ్యాన్ని శత్రువుల దాడి నుంచి కాపాడే దళం,form_similar,,,,
B000288,ದಕ್ಷಿಣ,దక్షిణ,dakṣiṇa,dakṣiṇa,,kn: ಉತ್ತರ ದಿಕ್ಕಿನ ಮುಂದಿನ/ಸಮ್ಮುಖದ ದಿಕ್ಕು || te: మంగళకరమైన కార్యాలు చేయించడానికి పూజారికి ఇచ్చే ధనం,form_similar,,,,
B000289,ದಗಾ,దగా,dagā,dagā,,kn: ಮೋಸದಿಂದ ಕೆಲಸ ಸಾಧಿಸಿಕೊಳ್ಳಲು ತಂತ್ರ ಹೂಡುವ ವೃತ್ತಿ || te: కుయుక్తితో వంచించే భావన,form_similar,,,,
B000290,ದಡ,దడ,daḍa,daḍa,,kn: ನದಿ ಅಥವಾ ಜಲಾಶಯದ ತೀರ || te: చలి వలన మనకు కలిగేది.,form_similar,,,,
B000291,ದಬ್ಬು,దబ్బు,dabbu,dabbu,,"kn: ಯಾವುದಾದರು ಇನ್ನೊಂದು ಕಡೆ ಉನ್ನತಿಯನ್ನು ಹೊಂದುವುದಕ್ಕೆ ಪ್ರವೃತ್ತಿಯನ್ನು ಮಾಡುವುದು || te: ఏదేని వస్తువు, పని మొదలగువాటి గురించి తెలుపుట.",form_similar,,,,
B000292,ದಮ್ಮು,దమ్ము,dammu,dammu,,kn: ಇದು ಒಂದು ರೀತಿಯ ರೋಗ ಇದರಲ್ಲಿ ಉಸಿರನ್ನು ತುಂಬಾ ವೇಗವಾಗಿ ಏಳೆಯುತ್ತದೆ || te: ఎంతటి పనినైన చేయగలగడం,form_similar,,,,
B000293,ದಳಪತಿ,దళపతి,daḷapati,daḷapati,,"kn: ಸೇನೆ, ಸೈನ್ಯದ ಪ್ರಧಾನ ಮತ್ತು ದೊಡ್ಡ ಅಧಿಕಾರಿ || te: ఏపనైనా ముందుండి నడిపించువాడు",form_similar,,,,
B000294,ದಾಟಿ,దాటి,dāṭi,dāṭi,,kn: ಮುಂದಿರುವ ಎರಡನೇ ಮಗ್ಗಲು ಅಥವಾ ಎರಡನೇ ದಿಕ್ಕು || te: దూకడానికి వీలైన,form_similar,,,,
B000295,ದಾನಪಾತ್ರ,దానపాత్ర,dānapātra,dānapātra,,kn: ದಾನವನ್ನು ಪಡೆಯುವ ಅರ್ಹತೆ ಇರುವ ವ್ಯಕ್ತಿ || te: దానము వేయుటకు పెట్టబడిన పాత్ర,form_similar,,,,
B000296,ದಾರ,దార,dāra,dāra,,"kn: ಹತ್ತಿ, ರೇಷ್ಮೆ ಇತ್ಯಾದಿ ನೇಯುದು ಉದ್ದ ದಾರಗಳಾಗಿ ಮಾಡುವರು || te: ఎత్తు ఫల్లాల నుండి దిగిడు ఫల్లాలకు నీళ్ళు రావడం",form_similar,,,,
B000297,ದಾರಿತಪ್ಪು,దారితప్పు,dāritappu,dāritappu,,kn: ಭ್ರಷ್ಟನಾಗುವುದು ಅಥವಾ ಕೆಟ್ಟವರಾಗುವುದು || te: అటు_ఇటు తిరిగి వెళ్ళడం,form_similar,,,,
B000298,ದಾಸಿ,దాసి,dāsi,dāsi,,kn: ಅವರು ಮನೆಯ ಕೆಲಸ ಮತ್ತು ಮನೆಯವರ ಸೇವೆಯನ್ನು ಮಾಡುತ್ತಾರೆ || te: పని మనుషులుగా చూడటం.,form_similar,,,,
B000299,ದಿಗ್ಭ್ರಾಂತಿ,దిగ్భ్రాంతి,digbhrāṁti,digbhrāṁti,,kn: ಮನಸ್ಸಿಗೆ ಆಘಾತವನ್ನುಂಟುಮಾಡುವ ಕ್ರಿಯೆ || te: మాయలో పడటం,form_similar,,,,
B000300,ದಿನಮಣಿ,దినమణి,dinamaṇi,dinamaṇi,,kn: ಹಿಂದೂ ಧರ್ಮಗ್ರಂಥದಲ್ಲಿ ವರ್ಣಿತವಾಗಿರುವ ದೇವರು || te: పగటిపూట వెలుగును ఇచ్చే గ్రహం,form_similar,,,,
B000301,ದಿಬ್ಬ,దిబ్బ,dibba,dibba,,kn: ಸ್ವಲ್ಪ ಎತ್ತರವಿರುವ ಜಾಗ ಅಥವಾ ಸ್ಥಾನ || te: మట్టి రాతిలాగా ఏర్పడిన భూభాగం,form_similar,,,,
B000302,ದಿವಾಳಿ,దివాళి,divāḷi,divāḷi,,kn: ಯಾವುದೇ ಸಂಪತ್ತುಗಳಿಲ್ಲದ ಮನುಷ್ಯನ ಅವಸ್ಥೆ ಅಥವಾ ಪಡೆದ ಸಾಲವನ್ನು ತೀರಿಸಲಾರದ ಅಸಾಯಕ ಸ್ಥಿತಿ || te: దీపావళి,form_similar,,,,
B000303,ದಿವ್ಯದೃಷ್ಟಿ,దివ్యదృష్టి,divyadr̥ṣṭi,divyadr̥ṣṭi,,kn: ಆ ಮಾನಸಿಕ ಶಕ್ತಿಯಿಂದ ವ್ಯಕ್ತಿಯ ಗುಪ್ತ ರಹಸ್ಯವನ್ನು ತಿಳಿಯ ಬಹುದು || te: మనసుతో చూచేవాడు,form_similar,,,,
B000304,ದೀನ,దీన,dīna,dīna,,kn: ಯಾರ ಬಳಿ ಹಣ್ಣವಿಲ್ಲವೋ ಅಥವಾ ಹಣ ಕಮ್ಮಿವಿರುವುದೋ || te: స్త్రీ జాతికి చెందిన ఎలుక,form_similar,,,,
B000305,ದುಡ್ಡು,దుడ్డు,duḍḍu,duḍḍu,,"kn: ರೂಪಾಯಿ-ಪೈಸಾ, ಚಿನ್ನ-ಬೆಳ್ಳಿ, ಜಮೀನು-ಆಸ್ತಿ/ಸಂಪತ್ತು ಮುಂತಾದವು || te: రూపాయలు పైసలు వినిమయం చేయు సాధనం.",form_similar,,,,
B000306,ದುಪ್ಪಟಿ,దుప్పటి,duppaṭi,duppaṭi,,kn: ಒಂದು ತರಹದ ದುಪ್ಪಟ್ಟ ಅಥವಾ ಹೊದಿಕೆ ಅದನ್ನು ಹೊದಿಸಿಕೊಳ್ಳುತ್ತಾರೆ || te: పరుచుటకు లేదా కప్పుకొవడానికి ఉపయోగపడేవి.,form_similar,,,,
B000307,ದುರ್ಗ,దుర్గ,durga,durga,,"kn: ಶತೃಗಳ ಧಾಳಿಯನ್ನು ತಡೆಯಲು ಕಟ್ಟಿರುವಂತಹ, ಸುರಕ್ಷಿತವಾದ ಸ್ಥಳ ಅದು  ಮುಖ್ಯದ್ವಾರದೊಂದಿಗೆ ಭದ್ರವಾದ ನಾಲ್ಕುಗೋಡೆಗಳು ನಾಲ್ಕುಕಡೆಗಳಿಂದ ಸುತ್ತುವರೆಯಲ್ಪಟ್ಟಿರುತ್ತವೆ || te: సింహాన్ని వాహనంగా కలిగిన దేవత",form_similar,,,,
B000308,ದೂಕು,దూకు,dūku,dūku,,kn: ಬಲವಂತವಾಗಿ ಸಂಕಟಕ್ಕೆ  ಸುಲುಕುವಂತೆ ಮಾಡುವ ಪ್ರಕ್ರಿಯೆ || te: వేరొక చోటకు ఎగిరే క్రియ.,form_similar,,,,
B000309,ದೂರು,దూరు,dūru,dūru,,"kn: ಆ ಮಾತು, ಶಬ್ದ, ತತ್ವ, ಮುಂತಾದವುಗಳು ವ್ಯಾಪಕವಾದ ಅಥವಾ ಸಾಮಾನ್ಯ ನಿಯಮ ಮುಂತಾದುಗಳ ವಿರುದ್ಧ ಇರುವುದು || te: నిందనీయమైన మాటలు",form_similar,,,,
B000310,ದೇವರ,దేవర,dēvara,dēvara,,kn: ದೈವ ಸಮಾನವಾದ ಅಥವಾ ದೇವರಂಥ || te: ధర్మగ్రంధం ప్రకారం సృష్టిని సృష్టించి తన అదుపాజ్ఞలలో పెట్టుకునేవాడు,form_similar,,,,
B000311,ದೊರಸಾನಿ,దొరసాని,dorasāni,dorasāni,,kn: ಸ್ತ್ರೀಯರಿಗಾಗಿ ಆದರ ಸೂಚಕ ಶಬ್ದ || te: రాజు భార్య,form_similar,,,,
B000312,ದೋಟಿ,దోటి,dōṭi,dōṭi,,kn: ಉದ್ದನೆಯ ಕೋಲಿನ ತುದಿಗೆ ಕುಡುಗೋಲನ್ನು ಕಟ್ಟಿ ಎತ್ತರದ ಮರದ ಹಣ್ಣನ್ನು ಕೀಳಲು ಮತ್ತು ಸೊಪ್ಪನ್ನು ಅರೆಯಲು ಬಳಸುವಂತಹದ್ದು || te: కాయలు కోయటానికి ఒక పొడవాటి కర్రకు చిన్న పుల్ల కట్టినది,form_similar,,,,
B000313,ದೋಷಿ,దోషి,dōṣi,dōṣi,,kn: ಯಾರ ಮೇಲೆ ಯಾವುದಾದರು ಆಪಾದನೆ ಇರುವ ಅಥವಾ ದಾವೆಯನ್ನು ಹಾಕಲಾಗಿದೆಯೋ || te: నేరం చేసినవాడు.,form_similar,,,,
B000314,ದ್ವಿತಿಯ,ద్వితియ,dvitiya,dvitiya,,kn: ಏಣಿಕೆಯಲ್ಲಿ ಎರಡನೇ ಸ್ಥಾನದಲ್ಲಿ ಬರುವ ಅಂಕಿ || te: చంద్రమాసంలో వచ్చే రెండవ తిధి,form_similar,,,,
B000315,ಧರ್ಮ,ధర్మ,dharma,dharma,,"kn: ಪರಲೋಕ, ಈಶ್ವರ ಮುಂತಾದವುಗಳಿಗೆ ಸಂಬಂಧಿಸಿದಂತೆ ವಿಶೇಷವಾದ ವಿಶ್ವಾಸ ಹೊಂದಿರುವುದು ಅಥವಾ ಉಪಾಸನೆ ಮಾಡುವುದು || te: ధర్మాన్ని అనుసరించేటటువంటి",form_similar,,,,
B000316,ಧರ್ಮನಿಷ್ಠ,ధర్మనిష్ఠ,dharmaniṣṭha,dharmaniṣṭha,,kn: ಧರ್ಮದ ರಕ್ಷಣೆಗಾಗಿ ನೀಡಿರುವ ಆತ್ಮಬಲಿ || te: ధార్మిక పనులయందు నిష్ఠకలిగిన వాడు,form_similar,,,,
B000317,ಧರ್ಮಶಾಸ್ತ್ರಿ,ధర్మశాస్త్రి,dharmaśāstri,dharmaśāstri,,kn: ಯಾರಿಗೆ ಧರ್ಮದ ಬಗೆಗೆ ಚೆನ್ನಾಗಿ ತಿಳಿದಿರುತ್ತದೆಯೋ || te: ధర్మ గ్రంధాలు తెలిసిన వ్యక్తి,form_similar,,,,
B000318,ಧರ್ಮಾತ್ಮಾ,ధర్మాత్మా,dharmātmā,dharmātmā,,kn: ಪುಣ್ಯ ಮಾಡುವ ಅಥವಾ ಪುಣ್ಯ ಮಾಡುತ್ತಿರುವ || te: పంచపాండవులలో అందరికంటే పెద్ద,form_similar,,,,
B000319,ಧರ್ಮಾವಲಂಬಿ,ధర్మావలంబి,dharmāvalaṁbi,dharmāvalaṁbi,,"kn: ಯಾವುದೇ ಧರ್ಮವನ್ನು ಅನುಸರಿಸುವವ ಅಥವಾ ಧರ್ಮದ ತತ್ವದಲ್ಲಿ ನಂಬಿಕೆ ಇರಿಸಿ ಅದರಂತೆ ನಡೆಯುವವ || te: ధర్మాన్ని, న్యాయాన్ని నిష్ఠగా ఉంచుకునే వ్యక్తి",form_similar,,,,
B000320,ಧಾರ,ధార,dhāra,dhāra,,"kn: ನದಿ, ಸಮುದ್ರ ಮೊದಲಾದವುಗಳಲ್ಲಿ ಸ್ವಲ್ಪ ದೂರದವರೆಗೆ ಹೋಗಿ ಮೇಲಕ್ಕೆ ಎದ್ದು ಮತ್ತೆ ಕೆಳಗೆ ಇಳಿಯುವ ಜಲರಾಶಿ ಅದು ಮುಂದೆ ಮುಂದೆ ಸಾಗುತ್ತಿರುವ ಹಾಗೆ ಕಾಣುತ್ತದೆ || te: నీళ్ళు నిరంతరం పారడం",form_similar,,,,
B000321,ಧ್ರುವೀಕರಣ,ధ్రువీకరణ,dhruvīkaraṇa,dhruvīkaraṇa,,kn: ಒಂದು ಘಟಕದಲ್ಲಿ ಪ್ರಕಾಶಮಾನವಾದ ಅಥವಾ ಅನ್ಯ ವಿಕಿರಣದ ಕಿರಣಗಳಿಂದ ಕಂಪಿಸುವ ದಿಶೆಯಲ್ಲಿ ನಿರ್ಬಂದವಾಗಿರುತ್ತದೆ || te: ఏదేని పత్రము పై వ్రాసి హస్తాక్షరములు చేసే క్రియ యొక్క వాస్తవికత మరియు సత్యము.,form_similar,,,,
B000322,ನಂಟು,నంటు,naṁṭu,naṁṭu,,kn: ಯಾವುದೇ ಬಗೆಯ ಸಂಪರ್ಕ ಇರುವ || te: సంబంధ బాంధవ్యాలు కలిగినవారు,form_similar,,,,
B000323,ನಂದ,నంద,naṁda,naṁda,,kn: ಗೋಕುಲದಲ್ಲಿ ಗೋಪಿಯರ ಮುಖ್ಯಸ್ಥ ಮತ್ತು ವಸುದೇವನ ಮಿತ್ರ || te: సింహాన్ని వాహనంగా కలిగిన దేవత,form_similar,,,,
B000324,ನರ,నర,nara,nara,,kn: ಶರೀರದ  ರಚನೆಯಲ್ಲಿ ಒಂದು ಭಾಗ ಸಮವಾಗಿ ಕೆಲಸ ಮಾಡುವುದು ಮತ್ತು  ಕೋಶಗಳ ಜತೆ ಸೇರಿ ಆಗಿರುವುದು || te: పురుషజాతికి చెందిన,form_similar,,,,
B000325,ನಲ್ಲ,నల్ల,nalla,nalla,,kn: ಇಷ್ಟವಾಗುವ ಸ್ಥಿತಿ ಅಥವಾ ಭಾವನೆ || te: కట్టెలు కాలిన తరువాత నల్లగా ఉండేవి,form_similar,,,,
B000326,ನವೀನ,నవీన,navīna,navīna,,kn: ಆಧುನಿಕತೆಯನ್ನು ಹೊಂದುವ ಅವಸ್ಥೆ ಅಥವಾ ಭಾವ || te: ఆశ్వీయుజ కార్తీక మాసములతో ఏర్పడు ఋతువు,form_similar,,,,
B000327,ನಸುಕು,నసుకు,nasuku,nasuku,,kn: ದಿನ ಪ್ರಾರಂಭವಾಗುವ ಸಮಯ || te: సత్యం కాకపోవడం.,form_similar,,,,
B000328,ನಾಂದಿ,నాంది,nāṁdi,nāṁdi,,kn: ಈ ಮಂಗಳಾತ್ಮಕ ಶ್ಲೋಕ ಅಥವಾ ಗೀತೆಯನ್ನು ಸೂತ್ರಧಾರ ನಾಟಕದ ಆರಂಭದಲ್ಲಿ ಹೇಳುತ್ತಾನೆ || te: ఏదైన పనిని కాని విషయాన్ని కాని మొదలు పెట్టడం,form_similar,,,,
B000329,ನಾಟು,నాటు,nāṭu,nāṭu,,kn: ಚುಚ್ಚುವ ಕ್ರಿಯೆ ಅಥವಾ ಭಾವನೆ || te: ఏదైన విత్తనాలను లేక మొక్కలను మట్టిలో పెట్టడం.,form_similar,,,,
B000330,ನಾಟ್ಯಮಾಡು,నాట్యమాడు,nāṭyamāḍu,nāṭyamāḍu,,kn: ಪ್ರಸನ್ನಪೂರ್ವಕವಾಗಿ ನರ್ತಿಸುವುದು ಅಥವಾ ಕುಣಿಯುವುದು || te: సంగీతాన్ని అనుసరించి అడుగులు వేయడం.,form_similar,,,,
B000331,ನಾಡು,నాడు,nāḍu,nāḍu,,"kn: ಹಲವಾರು ಪ್ರಾಂತ್ಯ, ವಿಭಾಗ, ನಗರ, ಸಂವಿಧಾನಗಳನ್ನೊಳಗೊಂಡ ವಿಶಿಷ್ಟ ಭೂಮಿ || te: శరీర లేదా సహజమైన అవయవాలకు సంబందించిన సమూహము",form_similar,,,,
B000332,ನಾರ,నార,nāra,nāra,,kn: ಯಾವುದೋ ಒಂದು ಉದ್ದವಾದ ಮತ್ತು ತುಂಬಾ ತೆಳ್ಳಗಿರುವ ವಸ್ತು || te: పశువుల తోళ్లతో లేదా నరాలతో తయారుచేసినటువంటి తాడు,form_similar,,,,
B000333,ನಾರಿ,నారి,nāri,nāri,,"kn: ಮನುಷ್ಯನ ಜಾತಿಯ ಜೀವಿಗಳ ಎರಡು ವಿಭಜನೆ/ಭೇದಗಳಲ್ಲಿ ಒಂದು ಈ ಜೀವಿಗಳು ಗರ್ಭಧಾರಣೆಯನ್ನು ಮಾಡಿ ಸಂತಾನವನ್ನು ಉತ್ಪತ್ತಿ ಮಾಡುತ್ತವೆ || te: విల్లుకు కట్టి ఉండే తీగ, ఇది ధనస్సుని బలంగా వంచి ఉంచుతుంది.",form_similar,,,,
B000334,ನಾರು,నారు,nāru,nāru,,kn: ಯಾವುದೋ ಪ್ರಾಕೃತಿಕ ವಸ್ತುವಿನಿಂದ ಉದ್ದ ಮತ್ತು ತೆಳಗಿರುವ ವಿಶೇಷ ವಸ್ತು ದೊರೆಯುವುದು || te: మొక్క నుండి ఉత్పత్తి అయ్యే ధాన్యం,form_similar,,,,
B000335,ನಿಜ,నిజ,nija,nija,,"kn: ನ್ಯಾಯಯುತವಾದ, ಧರ್ಮಯುಕ್ತವಾದ ಅವಾಸ್ತವಿಕವಲ್ಲದ ಸಂಗತಿ || te: స్నేహితులలో అమ్మాయిలు లేక ఆడవారు",form_similar,,,,
B000336,ನಿರಾಶ,నిరాశ,nirāśa,nirāśa,,kn: ಸ್ವಲ್ಪವೂ ಆಸೆ ಉಳಿಯದಿರುವ ಅಥವಾ ಅತ್ಯಂತ ನಿರಾಶದಾಯಕವಾದ || te: ఆశ తీరనప్పుడు కలిగే భావన,form_similar,,,,
B000337,ನಿರ್ದಯ,నిర్దయ,nirdaya,nirdaya,,kn: ನಿರ್ದಯಿ ಆಗುವ ಅವಸ್ಥೆ ಅಥವಾ ಭಾವನೆ || te: దయ లేకపోవడం,form_similar,,,,
B000338,ನಿರ್ಲಜ್ಜ,నిర్లజ్జ,nirlajja,nirlajja,,kn: ಲಜ್ಜೆ ಇಲ್ಲದ ವ್ಯಕ್ತಿ ಗದರಿಕೆ-ಬೆದರಿಕೆ ಎಲ್ಲವನ್ನು ಸರಿಸಮನಾಗಿ ಅನುಭವಿಸಿಕೊಂಡು ಕೆಟ್ಟ ಮಾತು ಅಥವಾ ಸ್ವಭಾವವನ್ನು ಬಿಡದೆ ಇರುವುದು || te: తిట్టినా కూడా విదిల్చుకొని పోవడం,form_similar,,,,
B000339,ನಿಲುವು,నిలువు,niluvu,niluvu,,"kn: ನಿಲ್ಲುವ, ಕೂರುವ ಇತ್ಯಾದಿ ದೇಹದ ನಿಲುವಿಗೆ ಸಂಬಂಧಿಸಿದ ಸ್ಥಿತಿ || te: పోతూ_పోతూ నిలబడటం",form_similar,,,,
B000340,ನಿವಾಸ,నివాస,nivāsa,nivāsa,,kn: ವಾಸಮಾಡುವ ಕ್ರಿಯೆ || te: నివాసయోగ్యమైన,form_similar,,,,
B000341,ನಿಶ್ಚಲ,నిశ్చల,niścala,niścala,,kn: ಒಂದು ಕಡೆ ಸ್ಥಿರವಾಗಿ ನಿಂತಿರುವ ಭಾವ ಅಥವಾ ಸ್ಥಿತಿ || te: నీరు లేకుండా ఉండే ప్రదేశం,form_similar,,,,
B000342,ನಿಸ್ಪೃಹ,నిస్పృహ,nispr̥ha,nispr̥ha,,kn: ಯಾರೋ ಒಬ್ಬರಿಗೆ ಯಾವುದೇ ತರಹದ ಲೋಭ ಅಥವಾ ಬಯಕೆ ಇಲ್ಲದೆ ಇರುವುದು || te: ఆశ తీరనప్పుడు కలిగే భావన,form_similar,,,,
B000343,ನೂರಾರು,నూరారు,nūrāru,nūrāru,,kn: ಅನೇಕ ನೂರುಗಳು || te: ఒకటికన్నా ఎక్కువ.,form_similar,,,,
B000344,ನೆಟ್,నెట్,neṭ,neṭ,,"kn: ಬಟ್ಟೆ, ಪ್ಲಾಸ್ಟಿಕ್, ನಾರು ಮುಂತಾದವುಗಳ ಹಗ್ಗದಿಂದ ಹೆಣೆಯಲಾದ ಟೆನಿಸ್ ಮುಂತಾದ ಆಟಾಗಳಿಗಾಗಿ ಮಾಡಲಾದ ಒಂದು ಬಲೆಯಾಕಾರದ ಪಟ್ಟಿ || te: -సంగణక సంబంధమైనది,దీని ద్వారా ఇతరులు పంపే సందేశాలను ప్రపంచానికి సంబంధించిన సమాచారాన్ని క్షణాల్లో తెలుసుకోవచ్చు.",form_similar,,,,
B000345,ನೆಮ್ಮದಿ,నెమ్మది,nemmadi,nemmadi,,"kn: ಮನಸ್ಸು ಆಶಾಂತಿ, ದುಃಖ ಇತ್ಯಾದಿಗಳಿಂದ ಕೂಡಿದ್ದು ಅಥವಾ ಶಾಂತಿಯಿಂದ ಇರುವುದು || te: స్థిరచింతనతో.",form_similar,,,,
B000346,ನೆಲ,నెల,nela,nela,,kn: ಭೂಮಿಯ ನೀರಿನಿಂದ ಆವೃತವಲ್ಲದ ಪ್ರದೇಶ || te: ముప్పై రోజుల కాలం.,form_similar,,,,
B000347,ನ್ಯಾಯಬುದ್ಧಿ,న్యాయబుద్ధి,nyāyabuddhi,nyāyabuddhi,,kn: ಸ್ವರ್ಗ ಪ್ರಾಪ್ತಿ ಮತ್ತು ಶುಭ ಫಲವನ್ನು ನೀಡುವಂತಹ ಕಾರ್ಯ || te: సత్యవంతమైన భావము,form_similar,,,,
B000348,ನ್ಯಾಯಾಧಿಪತಿ,న్యాయాధిపతి,nyāyādhipati,nyāyādhipati,,kn: ದಂಡಾಧಿಕಾರಿ ಅಥವಾ ನ್ಯಾಯಾಧಿಶರ ಹುದ್ದೆ || te: కోర్టులో న్యాయం చెప్పేవాడు,form_similar,,,,
B000349,ಪಂಚ,పంచ,paṁca,paṁca,,"kn: ಯಾವುದಾದರೂ ಜಗಳ, ವ್ಯಾಜ್ಯ ಇತ್ಯಾದಿಗಳನ್ನು ತೀರ್ಮಾನಿಸಲು ನಿರ್ಮಿಸಿರುವ ಆಯ್ದ ಜನಗಳ ಗುಂಪು || te: ఇంటి ముందు నిర్మించినది",form_similar,,,,
B000350,ಪಂಚಾ,పంచా,paṁcā,paṁcā,,kn: ಕೈನ ಐದು ಬೆರಳುಗಳ ನಿಶಾನೆ ಅಥವಾ ಮುದ್ರೆ ಇದನ್ನು ಪ್ರಾಯಶಃ ಮಂಗಳ ಕಾರ್ಯಗಳಲ್ಲಿ ಗೋಡೆಗಳ ಮೇಲೆ ಹಾಕಲಾಗುತ್ತದೆ || te: భారతదేశంలోని సంప్రదాయ వస్త్రాలు,form_similar,,,,
B000351,ಪಂಚೆ,పంచె,paṁce,paṁce,,kn: ಸೊಂಟದಿಂದ ಮೊಣಕಾಲಿನ ಕೆಳಗಿನವರೆಗೂ ಮುಚ್ಚಿಕೊಳ್ಳಲು ಸೊಂಟಕ್ಕೆ ಸುತ್ತಿಕೊಂಡು ತೊಟ್ಟಿಕೊಳ್ಳುವ ಒಂದು ವಿರೋಚಿತವಾದ ಬಟ್ಟೆ || te: దక్షిణ భారతదేశంలో పురుషులు అధికంగా ధరించే వస్త్రం,form_similar,,,,
B000352,ಪಂಜಾ,పంజా,paṁjā,paṁjā,,kn: ಕೈಗಳ ಪಂಜಾಗಳ ಮುದ್ರೆ ಅದು ಬೆರಳುಗಳಿಂದ ಯಾವುದಾದರು ವಸ್ತುವನ್ನು ಹಿಡಿಯುವ ಸಮಯದಲ್ಲಿ ಆಗುತ್ತದೆ || te: కౄరమృగాల హస్తం,form_similar,,,,
B000353,ಪಕ್ಕ,పక్క,pakka,pakka,,kn: ತುಂಬಾ ಕಡಿಮೆ ದೂರವನ್ನು ಗುರುತಿಸುವುದು ಅಥವಾ ತನ್ನ ಬಳಿಯೇ ಇರುವುದನ್ನು ಸೂಚಿಸುವುದು || te: మెత్తగావుండి పడుకొవడానికి ఉపయోగపడేది,form_similar,,,,
B000354,ಪಟ್ಟು,పట్టు,paṭṭu,paṭṭu,,"kn: ಪ್ರತ್ಯೇಯದ ತರಹದ ಒಂದು ಶಬ್ಧ ಅದು ಯಾವುದಾದರು ಸಂಖ್ಯೆಯ ಅಂತ್ಯದಲ್ಲಿ ಅದೇ ತರಹದ ಮತ್ತು ಅದೇ ಸೂಚಿತವಾಗಿರುತ್ತದೆ || te: పట్టు దారాలపైన చుట్టిన వెండి, బంగారు తీగలతో తయారు చేసినది",form_similar,,,,
B000355,ಪಡು,పడు,paḍu,paḍu,,kn: ಸೂರ್ಯನು ಮುಳುಗುವ ದಿಕ್ಕು ಅಥವಾ ಪೂರ್ವದ ಎದುರಿನ ದಿಕ್ಕು || te: నివశించడానికి ఉపయోగపడే స్థలము,form_similar,,,,
B000356,ಪತಿತ,పతిత,patita,patita,,kn: ತನ್ನ ಸ್ಥಾನದಿಂದ ಪತಿತವಾದ ಅಥವಾ ಬಿದ್ದಂತಹ || te: శీలం కోల్పోయి చరిత్రహీనురాలైన స్త్రీ,form_similar,,,,
B000357,ಪದ್ದತಿ,పద్దతి,paddati,paddati,,kn: ವಾಕ್ಯ ರಚನೆಯ ವಿಶಿಷ್ಟ ಪ್ರಕಾರ ಅದು ಲೇಖಕರ ಭಾಷಾ ಸಂಬಂಧದ ವಿಶೇಷತೆಯ ಸೂಚಕವಾಗಿರುತ್ತದೆ || te: పని మొదలగునవి చేయుటకు ఉన్నటువంటి శైలి.,form_similar,,,,
B000358,ಪದ್ಧತಿ,పద్ధతి,paddhati,paddhati,,kn: ಧರ್ಮವೊಂದರಲ್ಲಿನ ಅಥವಾ ಧರ್ಮವೊಂದರಿಂದ ಜನಿಸಿದ ಧಾರ್ಮಿಕ ಶಾಖೆ || te: మంచి సమయ పాలన.,form_similar,,,,
B000359,ಪರಂಜ್ಯೋತಿ,పరంజ్యోతి,paraṁjyōti,paraṁjyōti,,"kn: ಸಹೃದಯಿ, ಧರ್ಮಿ ಮತ್ತು ಯಾವಾಗಲೂ ಬೇರೆಯರಿಗೆ ಸಹಾಯಮಾಡುವಂತಹ ವ್ಯಕ್ತಿ || te: ధర్మగ్రంధం ప్రకారం సృష్టిని సృష్టించి తన అదుపాజ్ఞలలో పెట్టుకునేవాడు",form_similar,,,,
B000360,ಪರಚು,పరచు,paracu,paracu,,kn: ಶರೀರದಲ್ಲಿರುವ ಗಾಯವು ವಾಸಿಯಾದ ನಂತರ ಕೆರೆಯಲ್ಪಡುವ ಪ್ರಕ್ರಿಯೆ || te: ఏదేని వస్తువులను పడుకోవడానికి అనుకూలంగా వేసుకోవడం,form_similar,,,,
B000361,ಪರಬ್ರಹ್ಮ,పరబ్రహ్మ,parabrahma,parabrahma,,kn: ಹಿಂದೂಗಳು ಒಬ್ಬ ದೇವನು  ಸೃಷ್ಟಿಯನ್ನು ನಿರ್ಮಿಸಿದ್ದಾರೆಂದು ನಂಬಿರುವರು || te: ధర్మగ్రంధం ప్రకారం సృష్టిని సృష్టించి తన అదుపాజ్ఞలలో పెట్టుకునేవాడు,form_similar,,,,
B000362,ಪರಮಾರ್ಥ,పరమార్థ,paramārtha,paramārtha,,"kn: ಸಹೃದಯಿ, ಧರ್ಮಿ ಮತ್ತು ಯಾವಾಗಲೂ ಬೇರೆಯರಿಗೆ ಸಹಾಯಮಾಡುವಂತಹ ವ್ಯಕ್ತಿ || te: పరులకు ఉపకారం చేసేవాళ్ళు",form_similar,,,,
B000363,ಪರಮೇಶ್ವರ,పరమేశ్వర,paramēśvara,paramēśvara,,kn: ಸೃಷ್ಠಿಯನ್ನು ನಾಶ ಮಾಡುವ ಹಿಂದು ದೇವರು || te: సింహాన్ని వాహనంగా కలిగిన దేవత,form_similar,,,,
B000364,ಪರಾಮರ್ಶ,పరామర్శ,parāmarśa,parāmarśa,,"kn: ಯಾವುದೋ ಮಾತಿನ ಕಡೆಗೆ ಯಾರ ಗಮನವೂ ಬಾರದೆ ಇದ್ದಾಗ ಅವರ ಗಮನವನ್ನು  ಅ ವಿಷಯ ಅಥವಾ ಮಾತಿನ ಕಡೆಗೆ ಗಮನ ಹರಿಸಲು ಹೇಳುವುದು || te: తమలోతాము కలిసి ఇది తెలుసుకునే క్రియ అదేమిటంటే ఏది మంచిది, ఏమి చేయాలి.",form_similar,,,,
B000365,ಪರಿಶ್ರಮ,పరిశ్రమ,pariśrama,pariśrama,,kn: ಈ ತರಹದ ಕೆಲಸ ಮಾಡಿ ಮಾಡಿ ಶರೀರ ದುರ್ಬಲವಾಗುತ್ತಾ ಹೋಗುವುದು || te: యంత్రముల ద్వారా వస్తువులను తయారుచేసే సంస్థ,form_similar,,,,
B000366,ಪಲ್ಲೆ,పల్లె,palle,palle,,kn: ಕೆಲವು ವಿಶೇಷ ಪ್ರಕಾರದ ಗಿಡಗಳು ತರಕಾರಿಯ ರೀತಿಯ ತಿನ್ನಲು ಯೋಗ್ಯವಾದ ಪದಾರ್ಥಗಳು || te: కొన్ని కుటుంబాలు కలిసి నివసించే ప్రదేశం,form_similar,,,,
B000367,ಪಾಕ,పాక,pāka,pāka,,kn: ಸಕ್ಕರೆ ಅಥವಾ ಬೆಲ್ಲವನ್ನು ಕುದಿಸಿ ತಯಾರಿಸುವ ಮಂದವಾದ ದ್ರವ ಅದರಲ್ಲಿ ಮಿಠಾಯಿಗಳನ್ನು ಮುಳುಗಿಸಲಾಗುತ್ತದೆ || te: గడ్డితో కట్టిన ఇల్లు.,form_similar,,,,
B000368,ಪಾಡು,పాడు,pāḍu,pāḍu,,"kn: ಕವಿತೆ, ಗಜಲ್ ಮುಂತಾದವುಗಳನ್ನು ಹಾಡುವ ಪ್ರಕ್ರಿಯೆ || te: ఏదైన వస్తువు శిథిలము అగుట.",form_similar,,,,
B000369,ಪಾತಾಳ,పాతాళ,pātāḷa,pātāḷa,,kn: ಪುರಾಣದ ಅನುಸಾರ ಪೃಥ್ವಿಯ ಕೆಳಗೆ ಏಳು ಲೋಕದಲ್ಲಿ ತುಂಬಾ ಕೆಳಗಿರುವ ಏಳನೇ ಲೋಕ || te: భూమి అంతర్భాగం లేదా లోపలి భాగం,form_similar,,,,
B000370,ಪಾಪ,పాప,pāpa,pāpa,,kn: ಯಾವುದೇ ಕೆಲಸವನ್ನು ವಿಧಿ ಅಥವಾ ವಿಧಾನದ ವಿರುದ್ಧವಾಗಿ ಮಾಡಿದರೆ (ಮತ್ತು) ಅದಕ್ಕಾಗಿ ಅವರಿಗೆ ಶಿಕ್ಷೆ ಆಗಬಹುದು || te: పుష్పవతి కాని ఆడపిల్ల.,form_similar,,,,
B000371,ಪಾರ,పార,pāra,pāra,,kn: ಸೈನ್ಯ ಅಥವಾ ರಕ್ಷಣಾ ದಳದಲ್ಲಿ ಇದ್ದು ಯುದ್ಧಮಾಡುವ ವ್ಯಕ್ತಿ || te: మట్టిని తవ్వడానికి ఉపయోగించే ఇనుప సాధనం,form_similar,,,,
B000372,ಪಾಲಿ,పాలి,pāli,pāli,,kn: ಅತಿ ದೊಡ್ಡ ಪಾಪವನ್ನು ಮಾಡುವಂತಹ || te: పెద్ద తాడుతో కట్టిన ఒక కొండ నుండి ఇంకొక కొండను దాటడానికి ఉపయోగపడేది,form_similar,,,,
B000373,ಪಾಲು,పాలు,pālu,pālu,,"kn: ಹಣ್ಣು ಮೊದಲಾದವುಗಳನ್ನು ಕತ್ತಿರಿಸಿದ ಅಥವಾ ಕೊಯ್ದ/ಸೀಳಿದ ಭಾಗ, ತುಂಡು || te: సంతాన పోషణ కోసం ఆడ క్షీరదాలు స్రవింపజేసే అపారదర్శకమైన తెల్లని ద్రవం/ టీ లో కలుపుటకు ఉపయోగపడే తెల్లని ద్రవ పదార్ధం.",form_similar,,,,
B000374,ಪಾಳಿ,పాళి,pāḷi,pāḷi,,kn: ಯಾವುದಾದರು ಕೆಲಸ ಅಥವಾ ಆಟವನ್ನು ಆಡುವ ಸಮಯ ಎಲ್ಲಾ ಆಟಗಾರರು ಮತ್ತೆ ಮತ್ತೆ ಸಂಧಿಸುತ್ತಾರೆ/ಸಿಗುತ್ತಾರೆ || te: రాయడానికి ఉపయోగపడే ముక్కలో ఉండే చిన్న గుండు,form_similar,,,,
B000375,ಪಿಶಾಚಿ,పిశాచి,piśāci,piśāci,,"kn: ಧರ್ಮ-ಗ್ರಂಥದಲ್ಲಿ ಆದರೀಣಿಯವಾದ ಆ ದುಷ್ಟ ಸ್ವರೂಪ ಧರ್ಮ ವಿರೋಧಿಯಾದ ಕಾರ್ಯವನ್ನು ಮಾಡುತ್ತದೆ ಹಾಗೂ ದೇವತೆಗಳು, ಋಷಿಗಳು ಮೊದಲಾದವರುಗಳ ಶತ್ರು || te: చచ్చిపోయి పీడించేవి",form_similar,,,,
B000376,ಪುಕಾರು,పుకారు,pukāru,pukāru,,kn: ಯಾವುದಾದರು ವ್ಯಕ್ತಿಯ ಬಗ್ಗೆ ಅವನ/ಅವಳ ಬೆನ್ನಹಿಂದೆ ನಿಂದನೆ ಮಾಡುವುದು || te: ఎటువంటి ఆధారములేకుండా ప్రజలలో వ్యాపించు వార్త.,form_similar,,,,
B000377,ಪುಟ,పుట,puṭa,puṭa,,kn: ಪುಸ್ತುಕ ಪುಟದ ಒಂದು ಕಡೆಯ ಆಧಾರ ಅಥವಾ ಭಾಗ || te: ఏదేని పుస్తకపు లేక కాపీ యొక్క ఒక వైపునున్న ఒక కాగితము,form_similar,,,,
B000378,ಪುಟ್ಟ,పుట్ట,puṭṭa,puṭṭa,,kn: ಯಾವುದೋ ಒಂದರ ಆಕಾರ ಚಿಕ್ಕದಾಗಿರುವುದು || te: చెదలు ఉండే పుట్ట,form_similar,,,,
B000379,ಪುನರ್ಜನ್ಮ,పునర్జన్మ,punarjanma,punarjanma,,kn: ಮರಣದ ನಂತರ ಮತ್ತೊಂದು ಶರೀರದಲ್ಲಿ ಜೀವವು ಹುಟ್ಟಿಬರುತ್ತದೆ ಎಂಬ ನಂಬಿಕೆ || te: జన్మించి చనిపోయి మరలా జన్మించడం,form_similar,,,,
B000380,ಪುರಿ,పురి,puri,puri,,kn: ಹುರಿಯಲ್ಪಟ್ಟ ಅಕ್ಕಿಯನ್ನು ಮೆಲ್ಲಲ್ಪಡುತ್ತದೆ || te: తాడును తయారుచేయడానికి చేసే అల్లిక,form_similar,,,,
B000381,ಪುಷ್ಟಿ,పుష్టి,puṣṭi,puṣṭi,,kn: ಪುಷ್ಟಿ ಅಥವಾ ಗಟ್ಟಿಯಾಗುವ ಅವಸ್ಥೆ ಅಥವಾ ಕ್ರಿಯೆ || te: ఎంతటి పనినైన చేయగలగడం,form_similar,,,,
B000382,ಪೂರೀ,పూరీ,pūrī,pūrī,,"kn: ಮೃದಂಗ, ತಬಲ, ಡೋಲು ಮೊದಲಾದವುಗಳ ಮೇಲೆ ಕೂಡಿಸಿದ ದುಂಡಾದ ತೊಗಲು || te: మృదంగం, తబలా, డోలు మొదలైన వాయిద్యాల మధ్యలో ఉండే నల్లని భాగం",form_similar,,,,
B000383,ಪೂರ್ವೋತ್ತರ,పూర్వోత్తర,pūrvōttara,pūrvōttara,,kn: ಉತ್ತರ-ಪೂರ್ವದ ಅಥವಾ ಉತ್ತರ-ಪೂರ್ವಕ್ಕೆ ಸಂಬಂಧಿಸಿದ || te: తూర్పుకు ఉత్తరానికి మధ్యలో ఉండే మూల,form_similar,,,,
B000384,ಪೂಲು,పూలు,pūlu,pūlu,,"kn: ನದಿ ಮೊದಲಾದವುಗಳ ಮೇಲೆ, ಅವರನ್ನು ದಂಡದಿಂದ ಸಾಗಿಸಲು ನಾವೆ/ದೋಣಿ ಛೇದಿಸಿ, ದಪ್ಪವಾದ ಹಗ್ಗವನ್ನು ಕಟ್ಟಿ ಅಥವಾ ಕಂಬಗಳ ಮೇಲೆ ಚಿಕ್ಕ ಹಲಿಗೆ, ಉದ್ದವಾದ ಪಟ್ಟಿ ಇಟ್ಟು ಮಾಡಿರುವ ಮಾರ್ಗ ಮತ್ತು ಅದರ ಸಂಬಂಧವಾಗಿರುವಂತಹ ಎಲ್ಲಾ ರೀತಿಯ ರಚನೆ || te: మొగ్గలు విచ్చిన స్థితి.",form_similar,,,,
B000385,ಪೃಥ್ವಿ,పృథ్వి,pr̥thvi,pr̥thvi,,"kn: ಪೃಥ್ವಿಯ ಮೇಲೆ-ಕೆಳಗೆ ಕೆಲವು ಕಾಲ್ಪನಿಕ ಸ್ಥಾನ, ಪುರಾಣದ ಅನುಸಾರವಾಗಿ ಅದರ ಸಂಖ್ಯೆ ಹದಿನಾಲ್ಕು || te: నీరు లేకుండా ఉండే ప్రదేశం",form_similar,,,,
B000386,ಪೆಟ್ಟು,పెట్టు,peṭṭu,peṭṭu,,kn: ಯಾವುದೇ ವಸ್ತು ಅಥವಾ ಸಂಗತಿಯಿಂದ ದೇಹಕ್ಕೆ ಅಥವಾ ಮನಸ್ಸಿಗೆ ನೋವಾಗುವಂತೆ ಪರಿಣಾಮ ಬೀರುವುದು || te: ఒక చోట ఉంచడం,form_similar,,,,
B000387,ಪೆದ್ದ,పెద్ద,pedda,pedda,,kn: ಯಾರು ಎಷ್ಟೇ ತಿಳುವಳಿಕೆ ಹೇಳಿದರು ಕೇಳದೆ ಇರುವರೋ ಮತ್ತು ಮೂರ್ಖ ಕೆಲಸವನ್ನು ಮಾಡುತ್ತಿರುವರೋ || te: ఎవరైతే గౌరవించడానికి అర్హులో,form_similar,,,,
B000388,ಪೆನ್ಷನ್,పెన్షన్,penṣan,penṣan,,"kn: ಯಾರೋ ಒಬ್ಬರು ಹಿಂದೆ ಅಥವಾ ತುಂಬಾ ದಿನದ ವರೆಗೂ ಸೇವೆ ಮಾಡಿರುವ, ಅವರಿಗೆ ಅಥವಾ ಅವರ ಪರಿವಾರಕ್ಕೆ ತಿಂಗಳಿಗೊಮ್ಮೆ ಅಥವಾ ವರ್ಷಕ್ಕೆ ನೀಡುವ ಧನ ಸಹಾಯ || te: ఎవరికైతె ఉపాకారం లభిస్తుంది లేదా లభించచ్చో",form_similar,,,,
B000389,ಪೇಟ,పేట,pēṭa,pēṭa,,"kn: ತಲೆಯಮೇಲೆ ಸುತ್ತಿಕೊಂಡು ಕಟ್ಟಿಕೊಳ್ಳುವಂತಹ ಒಂದು ಉದ್ದವಾದ ಬಟ್ಟೆ || te: నగరంలో ఉండే ఒక విభాగము, అక్కడ అనేక ఇండ్లు ఉంటాయి",form_similar,,,,
B000390,ಪೈಸ,పైస,paisa,paisa,,kn: ದುಡ್ಡಿನ ಮೂರನೆಯ ಭಾಗ ಮತ್ತು ಒಂದು ಚಿಕ್ಕ ರೂಪಾಯಿ || te: పది అణాలు కలిసిన భాగం,form_similar,,,,
B000391,ಪ್ರಖ್ಯಾತ,ప్రఖ్యాత,prakhyāta,prakhyāta,,kn: ಬಹು ಜನರ ನೆನಪಿನಲ್ಲಿ ಉಳಿಯುವ ಇಲ್ಲವೇ ಉಳಿದಂತಹ ಪ್ರಕ್ರಿಯೆಗೆ ಸಂಬಂಧಿಸದಂತಹ || te: జ్ఞ్జానము మొదలగు వాటిలో చాలా పెద్ద.,form_similar,,,,
B000392,ಪ್ರತಿಕೃತಿ,ప్రతికృతి,pratikr̥ti,pratikr̥ti,,kn: ಬೇರೆಯ ವಸ್ತುವಿನ ಆಕಾರದ ಮಾದರಿಯಲ್ಲೇ ತಯಾರಿಸಿದ ಇನ್ನೊಂದು ವಸ್ತು || te: రూపము ఆకారము ఒకే విధంగా ఉండుట.,form_similar,,,,
B000393,ಪ್ರತಿಪಕ್ಷಿ,ప్రతిపక్షి,pratipakṣi,pratipakṣi,,kn: ವಿರುದ್ಧವಾಗಿರುವ || te: ఒకరి వినాశనాన్ని కోరుకునేవాడు,form_similar,,,,
B000394,ಪ್ರತಿಯೋಗಿ,ప్రతియోగి,pratiyōgi,pratiyōgi,,kn: ಸ್ಪರ್ಧೆಯಲ್ಲಿ ಭಾಗವಹಿಸುವ || te: శత్రుత్వము గల మనిషి.,form_similar,,,,
B000395,ಪ್ರತಿವಾದಿ,ప్రతివాది,prativādi,prativādi,,kn: ಯಾರು ವಕೀಲವೃತ್ತಿಯ ಪರೀಕ್ಷೆಯನ್ನು ಪಾಸುಮಾಡಿರುವರೋ ಮತ್ತು ನ್ಯಾಯಾಲದಯಲ್ಲಿ ಯಾರದೋ ಪರವಾಗಿ ವಾದಮಾಡುವವ || te: ఒకరి వినాశనాన్ని కోరుకునేవాడు,form_similar,,,,
B000396,ಪ್ರತ್ಯಕ್ಷದರ್ಶಿ,ప్రత్యక్షదర్శి,pratyakṣadarśi,pratyakṣadarśi,,kn: ವ್ಯಕ್ತಿ ಯಾವುದಾದರು ಘಟನೆಯನ್ನು ತನ್ನ ಕಣ್ಣಾರೆ ನೋಡಿರುವಂತಹದ್ದು || te: ఏదేని సంఘటన తమ కళ్ళతో చూసిన వ్యక్తి.,form_similar,,,,
B000397,ಪ್ರಮೇಯ,ప్రమేయ,pramēya,pramēya,,"kn: ಸ್ವತಸ್ಸಿದ್ಧವಲ್ಲದಿರುವ, ಆದರೆ ಅಂಗೀಕೃತ ಸತ್ಯಾಂಶಗಳಿಂದ ಪ್ರಾರಂಭಿಸಿ ನಿಗಮನ ವಿಧಾನದಿಂದ ತಥ್ಯತೆಯನ್ನು ಸಾಧಿಸ ಬಹುದಾದ || te: ఏదైతో కొలవడానికి వీలవుతుందో",form_similar,,,,
B000398,ಪ್ರವಕ್ತ,ప్రవక్త,pravakta,pravakta,,kn: ಯಾವುದಾದರು ವಿಭಾಗ ಅಥವಾ ಸಂಸ್ಥೆ ಮೊದಲಾದವುಗಳ ಕಡೆ ಅಧಿಕೃತ ರೂಪದಲ್ಲಿ ಮಾತನಾಡುವಂತಹ ವ್ಯಕ್ತಿ || te: ముందుగా జరగబొయే విషయాలను ప్రవసించే వారు,form_similar,,,,
B000399,ಪ್ರಶಸ್ತಿ,ప్రశస్తి,praśasti,praśasti,,kn: ಯಾವುದೋ ಕೆಲಸಕ್ಕೆ ನೀಡುವ ಸನ್ಮಾನ ಪೂರ್ವಕವಾಗಿ ನೀಡುವ ಧನ ಅಥವಾ ದ್ರವ್ಯ || te: పేరు ప్రతిష్టలు పెరగడం.,form_similar,,,,
B000400,ಪ್ರಸಿದ್ಧಿ,ప్రసిద్ధి,prasiddhi,prasiddhi,,kn: ಖ್ಯಾತರಾಗುವ ಸ್ಥಿತಿ ಅಥವಾ ಭಾವನೆ || te: ఏదైన పోటీలలో లేదా ఆటలలో ఎవరూ అందుకోలేని మరియు శాస్వత గుర్తుగా మిగిలే క్రియ,form_similar,,,,
B000401,ಪ್ರಸೂತಿ,ప్రసూతి,prasūti,prasūti,,kn: ಮಗುವು ಹುಟ್ಟುವ ಕ್ರಿಯೆ || te: మనకు జన్మనించే స్త్రీ,form_similar,,,,
B000402,ಪ್ರಾಣಿ,ప్రాణి,prāṇi,prāṇi,,"kn: ಸಸ್ತನಿ, ಮೀನು, ಹಕ್ಕಿಗಳಲ್ಲದ ಮನುಷ್ಯೇತರ ಜೀವಿ || te: ప్రాణం కలిగినవి.",form_similar,,,,
B000403,ಫಿರಂಗಿ,ఫిరంగి,phiraṁgi,phiraṁgi,,kn: ಯೂರೋಪ್ ಅಥವಾ ಅಮೇರಿಕಾದ ದೇಶದ ನಿವಾಸಿಗಳ ಶರೀರದ ಬಣ್ಣ ಅತ್ಯಂತ ಗೌರವರ್ಣ ಅಥವಾ ಬಿಳಿ ಬಣ್ಣ ಇರುವುದು || te: పాతకాలంనాటి యుద్దాలలో మందుగుండు పెట్టి పేల్చేటటువంటి సాధనం బండి ఆకారంలో ఉంటుంది,form_similar,,,,
B000404,ಫಿರ್ಯಾದು,ఫిర్యాదు,phiryādu,phiryādu,,kn: ಕೇಡಿನ ನಿವಾರಣೆಗಾಗಿ ನ್ಯಾಯಾಲಯದಲ್ಲಿ ಮಾಡುವ ಪ್ರಾರ್ಥನೆ || te: నేరారోపణ చేయుట.,form_similar,,,,
B000405,ಫಿಲಿಪೀನೀ,ఫిలిపీనీ,philipīnī,philipīnī,,kn: ಫಿಲಿಪೀನೀ ಭಾಷೆಗೆ ಸಂಬಂಧಿಸಿದ ಅಥವಾ ಫಿಲಿಪೀನೀ ಭಾಷೆಯ || te: ఫిలిపీన్స్ దేశానికి సంబంధించిన,form_similar,,,,
B000406,ಫೈಲ್,ఫైల్,phail,phail,,kn: ಯಾವುದೋ ಒಂದು ವಿಷಯಕ್ಕೆ ಸಂಬಂಧಿಸಿದ ಅದರ ಎಲ್ಲಾ ಕಡೆತಗಳನ್ನು ಒಂದು ಕಡೆ ಇಟ್ಟುಕೊಂಡಿರುವುದು (ಬರೆವಣಿಗೆಯ ಅಥವಾ ಇಲೆಟ್ರಾನಿಕ್) || te: దస్తావేజులు మొదలైనవి వుంచేవి,form_similar,,,,
B000407,ಬಂದೂಕು,బందూకు,baṁdūku,baṁdūku,,kn: ಒಂದು ತರಹದ ಪ್ರಸಿದ್ಧ ಅಸ್ತ್ರದಿಂದ ಶತ್ರುಗಳ ಮೇಲೆ ಗುಂಡನ್ನು ಹಾರಿಸುವ ಸಾಧನ || te: తూటాలను ప్రయోగించే ఒక చిన్న ఆయుధం,form_similar,,,,
B000408,ಬಟ್ಟಲು,బట్టలు,baṭṭalu,baṭṭalu,,kn: ಚಿಕ್ಕ ಬಟ್ಟಲು || te: శరీరాన్నికప్పివుంచేవి,form_similar,,,,
B000409,ಬಟ್ಟಿ,బట్టి,baṭṭi,baṭṭi,,"kn: ದೇಶೀ ಸಾರಾಯಿಯನ್ನು ಮಾಡುವ ಮತ್ತು ಮಾರುವ ಸ್ಥಾನ || te: పప్పు దినుసులను కొనడం, అమ్మడం జరుగు ప్రదేశము",form_similar,,,,
B000410,ಬಡಾಯಿ,బడాయి,baḍāyi,baḍāyi,,kn: ತನ್ನನ್ನು ತಾನೇ ಹೊಗಳಿಕೊಳ್ಳುವ ಕ್ರಿಯೆ || te: గొప్పలు చెప్పడం,form_similar,,,,
B000411,ಬಡಿ,బడి,baḍi,baḍi,,kn: ಒಂದು ವಸ್ತುವಿನಿಂದ ಇನ್ನೊಂದು ವಸ್ತು ಇಲ್ಲವೇ ವ್ಯಕ್ತಿಗಳ ಮೇಲೆ ಭೌತಿಕವಾಗಿ ಬಲಪ್ರಯೋಗಿಸುವ ಪ್ರಕ್ರಿಯೆ || te: విధ్యను ఆర్జించు ప్రదేశం.,form_similar,,,,
B000412,ಬರ್ಫಿ,బర్ఫి,barphi,barphi,,"kn: ಕಡಲೆಹಿಟ್ಟಿನಿಂದ ಮಾಡಿರುವ ಒಂದು ತರಹದ ಸಿಹಿ ತಿಂಡಿ || te: పాలు, పండ్ల రసాలతో చేసే ఒక రకమైన మిఠాయి",form_similar,,,,
B000413,ಬಲಹೀನ,బలహీన,balahīna,balahīna,,kn: ಬಲ ಅಥವಾ ಶಕ್ತಿ ಇಲ್ಲದಂತಹ || te: యోగ్యతలేని,form_similar,,,,
B000414,ಬಲಾತ್ಕಾರಿ,బలాత్కారి,balātkāri,balātkāri,,kn: ಬಲಾತ್ಕಾರ ಮಾಡುವವ || te: అత్యాచారం చేసే వ్యక్తి,form_similar,,,,
B000415,ಬಹುಭುಜ,బహుభుజ,bahubhuja,bahubhuja,,kn: ತುಂಬಾ ಭುಜಗಳಿರುವಂತಹ || te: శివుడి యొక్క భార్య,form_similar,,,,
B000416,ಬಾರ್ಲಿ,బార్లి,bārli,bārli,,kn: ಜವೆ ಗೋಧಿಯ ಸಸ್ಯದಂತಹ ಒಂದು ಸಸ್ಯ || te: జ్వరం వచ్చినప్పుడు జావ చేసుకోవడానికి ఉపయోగించే దాన్యం,form_similar,,,,
B000417,ಬಾಹ್ಯ,బాహ్య,bāhya,bāhya,,kn: ಆಂತರಿಕವಲ್ಲದ ಹೊರಗಿನದಕ್ಕೆ ಸಂಬಂಧಿಸಿದುದು || te: బయట కనిపించేటువంటివి,form_similar,,,,
B000418,ಬಿರುದು,బిరుదు,birudu,birudu,,kn: ಖ್ಯಾತರಾಗುವ ಸ್ಥಿತಿ ಅಥವಾ ಭಾವನೆ || te: గౌరవాన్ని సూచించుటకు ఉపయోగించు శబ్ధం. దీనిని ఏదో ఒక పేరుతో పిలవబడుతుంది.,form_similar,,,,
B000419,ಬಿರುಸು,బిరుసు,birusu,birusu,,kn: ಕಠಿಣತೆಯನ್ನು ಹೊಂದುವ ಅವಸ್ಥೆ ಅಥವಾ ಭಾವ || te: నేనే గొప్పవాడనే భావం,form_similar,,,,
B000420,ಬಿಲಿಯನ್,బిలియన్,biliyan,biliyan,,kn: ಒಂದು ಸಾವಿರ ಮಲಿಯನ್ ಗಳು ಅಥವಾ ನೂರು ಕೋಟಿ || te: అరవై కోట్లు మరియు అరవై కోట్లు.,form_similar,,,,
B000421,ಬಿಲ್ಲು,బిల్లు,billu,billu,,"kn: ಬಿದಿರು ಅಥವಾ ಲೋಹದ ಕಡ್ಡಿಯನ್ನು ಸ್ವಲ್ಪ ಬಗ್ಗಿಸಿ ಅದರ ಎರಡು ತುದಿಗೆ ದಾರವನ್ನು ಕಟ್ಟಿ ಮಾಡಿರುವ ಒಂದು ಅಸ್ತ್ರ, ಅದರಿಂದ ಬಾಣವನ್ನು ಬಿಡುವರು || te: ఆదాయ వ్యయాలను తెలుపు చీటీ.",form_similar,,,,
B000422,ಬೀಡಿ,బీడి,bīḍi,bīḍi,,kn: ಎಲೆಯಲ್ಲಿ ಹೊಗೆ ಸಪ್ಪಿನ ಪುಡಿಯನ್ನು ಹಾಕಿ ಸುತ್ತಿ ಚುಟ್ಟ ಮುಂತಾದವುಗಳು ಸೇದುವ ಹಗೆ ಹೊಗೆ ಎಳೆದುಕೊಂಡು  ಸೇದುವರು || te: పొగత్రాగుటకు వాడే సాదనం అందులో తంబాకు నిండి ఉంటుంది,form_similar,,,,
B000423,ಬೀರು,బీరు,bīru,bīru,,kn: ಯಾವುದೋ ಒಂದು ಕಣ್ಣಿಗೆ ಗೋಚರವಾಗುವುದು ಅಥವಾ ಬೀಳುವ ಪ್ರಕ್ರಿಯೆ || te: ఒక మత్తు పానీయము.,form_similar,,,,
B000424,ಬುದ್ಧಿ,బుద్ధి,buddhi,buddhi,,kn: ಬುದ್ಧಿ/ಜ್ಞಾನವನ್ನು ನೀಡುವ ವೃತ್ತಿ ಅಥವಾ ಶಕ್ತಿ || te: వివేకం కలిగి ఉండుట.,form_similar,,,,
B000425,ಬುದ್ಧಿಶಾಲಿ,బుద్ధిశాలి,buddhiśāli,buddhiśāli,,kn: ಯಾರಲ್ಲಿ ಸಾಮಾನ್ಯ ಜ್ಞಾನಕ್ಕಿಂತ ಅಧಿಕವಾದ ಬುದ್ಧಿಯಿದೆಯೋ (ಸ್ತ್ರೀ) || te: తెలివితేటలు ఉన్న వాడు.,form_similar,,,,
B000426,ಬುರುಗು,బురుగు,burugu,burugu,,kn: ಕೇಕರಿಸುವ ಅಥವಾ ಕೆಮ್ಮುವ ಸಮಯದಲ್ಲಿ ಬಾಯಿಯಿಂದ ಹೊರಬರುವ ದಪ್ಪದಾದ ಸರಭರಿತ ಪದಾರ್ಥ || te: సబ్బురుద్దినప్పుడు వచ్చేది,form_similar,,,,
B000427,ಬುಲಾಕು,బులాకు,bulāku,bulāku,,kn: ಚಿಕ್ಕ ನತ್ತು || te: ముక్కుకు పెట్టుకొనే అభరణం,form_similar,,,,
B000428,ಬೂಸಿ,బూసి,būsi,būsi,,kn: ಮನ್ನಿಸಬಹುದಾದ ಸಣ್ಣ ಪುಟ್ಟ ತಪ್ಪು ಮಾಹಿತಿ ನೀಡುವಿಕೆ || te: ఏదేని వస్తువు యొక్క పైన తీయబడిన తొక్క,form_similar,,,,
B000429,ಬೇಜಾರು,బేజారు,bējāru,bējāru,,kn: ಬೇಸರ ಪಡುವ ಅಥವಾ ಯಾವುದೇ ಕೆಲಸದಲ್ಲಿ ಮನಸ್ಸು ಮಾಡದೆ ಇರುವ ಅವಸ್ಥೆ ಅಥವಾ ಭಾವನೆ || te: మనస్సు కలతగా ఉండుట.,form_similar,,,,
B000430,ಬೋತ್ಸವಾನ್,బోత్సవాన్,bōtsavān,bōtsavān,,kn: ದಕ್ಷಿಣ ಮಧ್ಯ ಆಫ್ರಿಕಾದ ಒಂದು ದೇಶ || te: బోత్సవానా దేశానికి సంబంధించిన,form_similar,,,,
B000431,ಬೋಲರ್,బోలర్,bōlar,bōlar,,kn: ಕ್ರಿಕೆಟ್ ಆಟದಲ್ಲಿ ಚೆಂಟನ್ನು ಎಸೆಯುವವ || te: క్రికెట్ ఆటలో బంతిని విసిరే ఆటగాడు.,form_similar,,,,
B000432,ಬ್ರಹ್ಮಚಾರಿಣಿ,బ్రహ్మచారిణి,brahmacāriṇi,brahmacāriṇi,,kn: ಬ್ರಹ್ಮಚರ್ಯ ವ್ರತವನ್ನು ಪಾಲನೆ ಮಾಡುವಂತಹ ಸ್ತ್ರೀ || te: శివుడి యొక్క భార్య,form_similar,,,,
B000433,ಬ್ರಹ್ಮಪುತ್ರ,బ్రహ్మపుత్ర,brahmaputra,brahmaputra,,kn: ಭಾರತದ ಒಂದು ನದಿಯು ಮಾನಸಸರೋವರದಿಂದ ಹೊರಟು ಹಿಮಾಲಯದ ಪೂರ್ವ ಭಾಗಕ್ಕೆ ಬಂದು ನಂತರ ಅಲ್ಲಿಂದ ಭಾರತಕ್ಕೆ ಬರುವುದು || te: పంజాబ్ లోని  ఒక ప్రాచీన నది.,form_similar,,,,
B000434,ಬ್ರಹ್ಮಾಚಾರಿ,బ్రహ్మాచారి,brahmācāri,brahmācāri,,kn: ವಿವಾಹವಾಗದ ಪುರುಷ || te: వివాహం కాని వ్యక్తి,form_similar,,,,
B000435,ಭಗೀರಥ,భగీరథ,bhagīratha,bhagīratha,,kn: ಅಯ್ಯೋಧ್ಯ ನಗರದ ಸೂರ್ಯವಂಶಕ್ಕೆ ಸೇರಿದ ಒಬ್ಬ ರಾಜ ಸತತ ಪ್ರಯತ್ನದಿಂದ ತಪಸ್ಸನ್ನು ಮಾಡಿ ಗಂಗೆಯನ್ನು ಭೂಮಿಗೆ ಕರೆಸಿದನು || te: శివుని జఠాలం నుంచి భూమిపైకి వచ్చిన నది దీనిని చాలా పుణ్యనదిగా భావిస్తారు.,form_similar,,,,
B000436,ಭೀತಿ,భీతి,bhīti,bhīti,,kn: ವಿಪ್ಪತ್ತು ಅಥವಾ ಅನಿಷ್ಟ ಭಯದಿಂದ ಮನಸ್ಸಿನಲ್ಲಿ ಉತ್ಪತ್ತಿಯಾಗುವ ಮನಸ್ಸಿನ ಬದಲಾವಣೆ ಅಥವಾ ಭಾವ || te: జరగబోవు కీడు తెలిసినప్పుడు మనస్సులో కలిగే భావన.,form_similar,,,,
B000437,ಭೂಪತಿ,భూపతి,bhūpati,bhūpati,,kn: ಅವನು ತುಂಬಾ ದೊಡ್ಡ ರಾಜ ಅವನ ಅಧೀನದಲ್ಲಿ ಅನೇಕ ರಾಜರುಗಳು ಮತ್ತು ರಾಜ್ಯಗಳು ಇದ್ದವು || te: దేశాన్ని పరిపాలించేవాడు,form_similar,,,,
B000438,ಭೈರವಿ,భైరవి,bhairavi,bhairavi,,kn: ಭೈರವ ದೇವರ ಆರಾಧನೆಗೆ ಇಲ್ಲವೆ ಪಂಥಕ್ಕೆ  ಇಲ್ಲವೆ ಅ ದೇವರ ಹೆಸರಿನಲ್ಲಿ ಪ್ರಚಲಿತವಿರುವ ವಿಷಯಗಳಿಗೆ ಸಂಬಂಧಿಸಿದ || te: శివుడి యొక్క భార్య,form_similar,,,,
B000439,ಮಂಡ,మండ,maṁḍa,maṁḍa,,"kn: ಹಿಟ್ಟು, ಸಾರಾಯಿ ಮುಂತಾದವುಗಳನ್ನು ಹುದುಗು ಬರಲು ಉಪಯೋಗಿಸುವ ಒಂದು ಪದಾರ್ಥ || te: చెట్టు శాఖలలో వచ్చిన చిన్న శాఖ",form_similar,,,,
B000440,ಮಂದ,మంద,maṁda,maṁda,,kn: ಯಾವುದು ಪ್ರಬಲವಲ್ಲವೋ || te: ప్రజల గుంపు.,form_similar,,,,
B000441,ಮಂದಾಕಿನಿ,మందాకిని,maṁdākini,maṁdākini,,kn: ಭಾರತದ ಒಂದು ಬಹಳ ಮುಖ್ಯವಾದ ನದಿ ಅಥವಾ ಧರ್ಮಗ್ರಂಥಗಳಲ್ಲಿ ಮೋಕ್ಷಸಾಧನೆಗಾಗಿ ಮೀಯಬೇಕಾದ ಪವಿತ್ರ ನದಿ ಎಂದು ಉಲ್ಲೇಖಗೊಂಡಿದೆ || te: అరవై సంవత్సరాలకు పైబడిన స్త్రీ.,form_similar,,,,
B000442,ಮಗಹೀ,మగహీ,magahī,magahī,,kn: ಮಗಧಗೆ ಸಂಬಂಧಿಸಿದ || te: మగధ దేశంలో మాట్లాడే భాష,form_similar,,,,
B000443,ಮಜಾ,మజా,majā,majā,,kn: ಮನದ ಆ ಭಾವ ಅಥವಾ ಅವಸ್ಥೆ ಅದು ಪ್ರಿಯವಾದ ಅಥವಾ ಬಯಕೆಯ ವಸ್ತುಗಳ ಪಡೆದುಕೊಳ್ಳುವ ಅಥವಾ ಯಾವುದಾದರು ಒಳ್ಳೆಯ ಅಥವಾ ಶುಭ ಕಾರ್ಯ ಮಾಡುವುದರಲ್ಲಿ ಆಗುತ್ತದೆ || te: నాలుక ద్వారా తెలుసుకునేది,form_similar,,,,
B000444,ಮಣಿಪುರಿ,మణిపురి,maṇipuri,maṇipuri,,kn: ಭಾರತದ ಉತ್ತರ-ಪೂರ್ವಕ್ಕೆ ಬರುವ ಪ್ರದೇಶ || te: ఇంపాల్ రాజధానిగా కలది,form_similar,,,,
B000445,ಮಧುರ,మధుర,madhura,madhura,,kn: ಮಾದುರ್ಯದಿಂದ ಕೂಡಿದ ಸ್ಥಿತಿ ಅಥವಾ ಭಾವನೆ || te: యమునా నదీ తీరంలో వున్న ప్రాచీన భారతీయ నగరం,form_similar,,,,
B000446,ಮಧ್ಯಮ,మధ్యమ,madhyama,madhyama,,kn: ತುಂಬಾ ದೊಡ್ಡದಲ್ಲದ ತುಂಬಾ ಚಿಕ್ಕದೂ ಅಲ್ಲದಂತಹ || te: వ్యాకరణంలో ఎదుటివారి గురించి సంబోధించడం,form_similar,,,,
B000447,ಮಧ್ಯವರ್ತಿ,మధ్యవర్తి,madhyavarti,madhyavarti,,kn: ಯಾವುದೇ ಜಗಳ ಅಥವಾ ತೊಂದರೆಯಿಂದ ಪರಿಹರಿಸಲು ನೇಮಿಸಿಕೊಂಡಿರುವ ದಳದ ಒಬ್ಬ ಸದಸ್ಯ || te: ఒక వ్యక్తి వివాహా సంబంధాలను కలిపే మార్గదర్శకుడు,form_similar,,,,
B000448,ಮಧ್ಯಾಹ್ನ,మధ్యాహ్న,madhyāhna,madhyāhna,,kn: ಮಧ್ಯನದ ನಂತರದ ಸಮಯ ಅಥವಾ ದಿನದ ಅಪರಾಹ್ನ || te: రెండు గంటలను గంటల సమయం కలిగిన,form_similar,,,,
B000449,ಮರುಗು,మరుగు,marugu,marugu,,kn: ತಮ್ಮ ತಪ್ಪು ಅರಿವಾದಾಗ ಮನಸ್ಸಿನಲ್ಲಿ ಆಗುವಂತಹ ದುಃಖ ಅಥವಾ ಪರಿತಾಪ ಮತ್ತು ಆ ಭಾವನೆಗಳು ಮಿಶ್ರವಾದಂತಹ ಮನಸ್ಥಿತಿಯ ಹೆಸರು || te: ఎవ్వరికీ తెలియకుండా ఉంచుట.,form_similar,,,,
B000450,ಮರ್ಧನ,మర్ధన,mardhana,mardhana,,kn: ಒತ್ತುವ ಕ್ರಿಯೆ || te: అవయవాలను మర్థన చేయిట.,form_similar,,,,
B000451,ಮಲ,మల,mala,mala,,kn: ದೇಹ/ಜೀವ ಬೇಡವಾದ ಕಶ್ಮಲಗಳನ್ನು ಗುದ್ಧದ್ವಾರದಿಂದ ಹೊರಹಾಗುತ್ತದೆ || te: భూమి మీద రాళ్ళతో నిండిన ఎతైన ప్రదేశం,form_similar,,,,
B000452,ಮಲ್ಲ,మల్ల,malla,malla,,kn: ದ್ವಂದ್ವ ಯುದ್ಧದಲ್ಲಿ ನಿಪುಣತೆಗೆ ಪ್ರಸಿದ್ಧವಾದ ಒಂದು ಪ್ರಾಚೀನ ಪಂಜಾಬಿ ಜಾತಿ || te: ఫోటోలు మొదలైనవి వేలాడదీయడానికి కొట్టేది,form_similar,,,,
B000453,ಮಹರ್ಷಿ,మహర్షి,maharṣi,maharṣi,,kn: ತುಂಬಾ ದೊಡ್ಡ ಮತ್ತು ಶ್ರೇಷ್ಠ ಋಷಿ || te: హిందూ ధర్మం ప్రకారం చతుర్విధ పురుషార్ధాలు త్యజించిన వ్యక్తి,form_similar,,,,
B000454,ಮಹಾಪಾಪಿ,మహాపాపి,mahāpāpi,mahāpāpi,,kn: ಬಹಳ ದೊಡ್ಡ ಪ್ರಮಾಣದ ಪಾಪಕಾರ್ಯದಲ್ಲಿ ತೊಡಗಿಸಿಕೊಂಡವ || te: ఘోరమైన పాపం చేసేవాడు,form_similar,,,,
B000455,ಮಹಾಮಾರಿ,మహామారి,mahāmāri,mahāmāri,,"kn: ಆ ಸಾಂಕ್ರಾಮಿಕ ರೋಗದಿಂದ ತುಂಬಾ ಜನರು ಒಂದೇ ಸಲ ಅಥವಾ ಬಹು ಬೇಗನೆ ಸಾಯುತ್ತಿದ್ದರು || te: వాంతులు, విరోచనాలతో వచ్చే వ్యాధి",form_similar,,,,
B000456,ಮಹಿಷಾಸುರ,మహిషాసుర,mahiṣāsura,mahiṣāsura,,kn: ದುರ್ಗಿಯಿಂದ ಸಾಯಿಸಲ್ಪಟ್ಟ ಒಬ್ಬ ದೈತ್ಯ ರಾಜ || te: సింహాన్ని వాహనంగా కలిగిన దేవత,form_similar,,,,
B000457,ಮಹೋದಯ,మహోదయ,mahōdaya,mahōdaya,,kn: ಪುರುಷರ ಆಧರಸೂಚಕವಾದ ಸಂಭೋದನೆ || te: మహిళా సంఘాల ఆధార సూచక సంభోధన,form_similar,,,,
B000458,ಮಾಂತ್ರಿಕ,మాంత్రిక,māṁtrika,māṁtrika,,"kn: ಯಂತ್ರ ಮಂತ್ರವನ್ನು ಮಾಡುವವ || te: మంత్రాలు, ఇంద్రజాలలాతో కూడిన.",form_similar,,,,
B000459,ಮಾಟ,మాట,māṭa,māṭa,,kn: ಯಾರಿಗಾದರೂ ಕೆಟ್ಟದ್ದನ್ನು ಮಾಡಲು ಅಥವಾ ದೈವೀ ಪೀಡೆ/ತಡೆ ದೂರಮಾಡುವುದಕ್ಕಾಗಿ ಪ್ರಯೋಗಮಾಡುವ ಯಾವುದಾದರು ಅಲೋಕಿಕವಾದ ಶಕ್ತಿ ಅಥವಾ ಭೂತ-ಪ್ರೇತಗಳ ಮೇಲೆ ವಿಶ್ವಾಸವನ್ನಿಟ್ಟು ಮಾಡಲಾಗುತ್ತದೆ/ಮಾಡುವ ಪೂಜೆ || te: చెప్పబడే మాటలు.,form_similar,,,,
B000460,ಮಾಡು,మాడు,māḍu,māḍu,,kn: ಯಾವುದಾದರೊಂದು ಕ್ರಿಯೆಯನ್ನು ನಡೆಸುವ ಪ್ರಕ್ರಿಯೆ || te: గీకడం వలన వచ్చే వస్తువు,form_similar,,,,
B000461,ಮಾತ್ರ,మాత్ర,mātra,mātra,,kn: ಬೇರೇನೂ ಅಲ್ಲದ ಯಾವುದೋ ಒಂದು ವಿಷಯ ಅಥವಾ ಒಂದು ಸಂಗತಿಗೆ ಸಂಬಂಧಿಸಿರುವ || te: సమయంలో అతి చిన్న,form_similar,,,,
B000462,ಮಾಯಾವಿ,మాయావి,māyāvi,māyāvi,,"kn: ಧರ್ಮ-ಗ್ರಂಥದಲ್ಲಿ ಆದರೀಣಿಯವಾದ ಆ ದುಷ್ಟ ಸ್ವರೂಪ ಧರ್ಮ ವಿರೋಧಿಯಾದ ಕಾರ್ಯವನ್ನು ಮಾಡುತ್ತದೆ ಹಾಗೂ ದೇವತೆಗಳು, ಋಷಿಗಳು ಮೊದಲಾದವರುಗಳ ಶತ್ರು || te: మోసం చేయు వ్యక్తి.",form_similar,,,,
B000463,ಮಾರಿ,మారి,māri,māri,,"kn: ಮುಖದಲ್ಲಿ ಕಾಣಿಸುವ ಬಾಯಿಯ ಭಾಗ, ಇದರಲ್ಲಿ ಹೊರಗೆ ಕಾಣಿಸುವ ಮೇಲ್ದುಟಿ ಮತ್ತು ಕೆಳದುಟಿಗಳೂ ಸೇರುತ್ತವೆ || te: శివుడి యొక్క భార్య",form_similar,,,,
B000464,ಮಾರು,మారు,māru,māru,,kn: ಹಣವನ್ನು ಪಡೆದು ಯಾರಿಗಾದರೂ ಏನನ್ನಾದರೂ ಬಿಕರಿ ಮಾಡು || te: ఒక ప్రదేశము నుండి మరొక ప్రదేశమునకు వెళ్ళుట.,form_similar,,,,
B000465,ಮಾಲತಿ,మాలతి,mālati,mālati,,kn: ದಟ್ಟವಾಗಿ ಬೆಳೆದ ಲತೆಯ ಹೂವು ತುಂಬಾ ಸುಂದರವಾಗಿರುವುದು || te: పౌర్ణమి నాడు వచ్చె వెలుగు,form_similar,,,,
B000466,ಮಾಲಿನಿ,మాలిని,mālini,mālini,,kn: ಭಾರತದ ಒಂದು ಬಹಳ ಮುಖ್ಯವಾದ ನದಿ ಅಥವಾ ಧರ್ಮಗ್ರಂಥಗಳಲ್ಲಿ ಮೋಕ್ಷಸಾಧನೆಗಾಗಿ ಮೀಯಬೇಕಾದ ಪವಿತ್ರ ನದಿ ಎಂದು ಉಲ್ಲೇಖಗೊಂಡಿದೆ || te: శివుడి యొక్క భార్య,form_similar,,,,
B000467,ಮಾಲೀ,మాలీ,mālī,mālī,,kn: ಆಫ್ರಿಕಾದ ವಾಯುವ್ಯ ದಿಕ್ಕಿನಲ್ಲಿ ಬರುವ ಒಂದು ದೇಶ || te: మాల్దీవుల రాజధాని నగరం,form_similar,,,,
B000468,ಮೀರು,మీరు,mīru,mīru,,kn: ನಿಶ್ಚಯಿಸಿದ ಅಥವಾ ವಿಚಾರವನ್ನು ಬಿಡದೆ ದೃಡವಾಗಿ ಇರುವ ಕ್ರಿಯೆ || te: తిరస్కరించడం,form_similar,,,,
B000469,ಮುಂಡ,ముండ,muṁḍa,muṁḍa,,kn: ಕತ್ತಿನಿಂದ ಹಿಡಿದು ಸೊಂಟೆಯ ವರೆಗಿನ ಶರೀರದ ಎಲ್ಲಾ ಭಾಗ || te: భర్తను కోల్పోయిన స్త్రీ,form_similar,,,,
B000470,ಮುಕ್ಕು,ముక్కు,mukku,mukku,,kn: ಬೇಗ-ಬೇಗ ಅಥವಾ ಗಪಗಪನೆ ತಿನ್ನುವುದು || te: పెదవులకు పైన వుండి శ్వాస తీసుకోవడానికి ఉపయోగపడేది,form_similar,,,,
B000471,ಮುಖಸ್ತುತಿ,ముఖస్తుతి,mukhastuti,mukhastuti,,kn: ಕೋಪಗೊಂಡವರನ್ನು ಶಾಂತವಾಗಿಸುವ ಕ್ರಿಯೆ || te: ఎవరైతే గొప్పగా మాటలతో ముంచుతారో,form_similar,,,,
B000472,ಮುಖಾಮುಖಿ,ముఖాముఖి,mukhāmukhi,mukhāmukhi,,"kn: ಪರಸ್ಪರ ಮುಖಾಮುಖಿಯಾಗುವುದು || te: రేడియో, దూరదర్శన్ మొదలగు వాటిలో ప్రముఖ వ్యక్తులతో కలయిక",form_similar,,,,
B000473,ಮುದ್ದು,ముద్దు,muddu,muddu,,kn: ಮಕ್ಕಳನ್ನು ಅತಿಯಾಗಿ ರಮಿಸುವ ಕಾರ್ಯ || te: చుంబించే క్రియ.,form_similar,,,,
B000474,ಮುಷ್ಟಿ,ముష్టి,muṣṭi,muṣṭi,,kn: ಕೈಯಿಯ ಬೆರಳುಗಳನ್ನು ಮಡಚಿ ಅಂಗೈ ಮೇಲೆ ಒತ್ತುವುದರಿಂದ ಆಗುವಂತಹ ಮುದ್ರೆ ಅಥವಾ ರೂಪ || te: అవసరం కోసం ఇతరుల దగ్గర చేయి చాచడం,form_similar,,,,
B000475,ಮೂಡು,మూడు,mūḍu,mūḍu,,kn: ಗುಳ್ಳೆ ಅಥವಾ ಗಾಯದ ರೂಪದಲ್ಲಿ ಶರೀರದ ಮೇಲೆ ಏಳುವ ಪ್ರಕ್ರಿಯೆ || te: మనస్సుకు సంబంధించిన అవస్థ.,form_similar,,,,
B000476,ಮೂತಿ,మూతి,mūti,mūti,,kn: ಮುಖದ ಮೇಲೆ ಸ್ವಲ್ಪ ಅಗಲವಾಗಿ ಮತ್ತು ದಪ್ಪವಾಗಿ ಎದ್ದಿರುವುದು || te: మాట్లాటానికి మరియు తినడానికి ఉపయోగించే ముఖ అవయవం,form_similar,,,,
B000477,ಮೂತ್ರ,మూత్ర,mūtra,mūtra,,kn: ಶರೀರದಿಂದ ವಿಸರ್ಜಿತವಾದ ದುರ್ವಾಸನೆಯ ದ್ರವ ವಿಷವುಳ್ಳ ಪದಾರ್ಥ ಜನನೇಂದ್ರಿಯದಿಂದ ಹೊರಬರುತ್ತದೆ || te: రసాయన పదార్థాలలో తయారు చేసే ఒక  ఔషధం,form_similar,,,,
B000478,ಮೂಲವ್ಯಾದಿ,మూలవ్యాది,mūlavyādi,mūlavyādi,,kn: ಸ್ತ್ರೀ ಜನನಾಂಗದ ಇನೊಂದು ಭಾಗ || te: ఒక రకమైన వ్యాధి మల విసర్జనకు సంబంధించినది,form_similar,,,,
B000479,ಮೂಲವ್ಯಾಧಿ,మూలవ్యాధి,mūlavyādhi,mūlavyādhi,,kn: ಒಂದು ತರಹದ ರೋಗದಲ್ಲಿ ಗುಪ್ತದ್ವಾರದಲ್ಲಿ ಮೊಳಕೆಯಂತೆ ಆಗುವ ಮಾಂಸದ ಉಬ್ಬರ || te: ఒకరకమైన చర్మరోగం,form_similar,,,,
B000480,ಮೆಚ್ಚು,మెచ్చు,meccu,meccu,,"kn: ವ್ಯಕ್ತಿಯೊಬ್ಬರಿಗೆ ಯಾವುದಾದರೊಂದು ವಸ್ತು, ವಿಷಯ ಮನಸ್ಸಿಗೆ ಹಿತವೆನಿಸುವಂತೆ ಅನುಭವಕ್ಕೆ ಬರುವ ಪ್ರಕ್ರಿಯೆ || te: గెలిచినప్పుడు ఇచ్చేది",form_similar,,,,
B000481,ಮೆರುಗು,మెరుగు,merugu,merugu,,kn: ಹೊಳೆಯುವ ಪ್ರಕ್ರಿಯೆ || te: వస్తువులు మెరవడానికి వాటిపైన వేసే మృదువైన లేపనం,form_similar,,,,
B000482,ಮೇದಿನಿ,మేదిని,mēdini,mēdini,,kn: ಸೌರಮಂಡಲದ ಒಂದು ಗ್ರಹದ ಮೇಲೆ ನಾವು ವಾಸಮಾಡುತ್ತೇವೆ || te: నీరు లేకుండా ఉండే ప్రదేశం,form_similar,,,,
B000483,ಮೇನಾ,మేనా,mēnā,mēnā,,kn: ಪುರಾಣಗಳ ಪ್ರಕಾರ ಪರ್ವತಿಯ ತಾಯಿ || te: ప్రాచీన కాలంలో మహారాణులు దూరప్రాంతాలకు ప్రయాణం చేసే సాధనం.,form_similar,,,,
B000484,ಮೇಯು,మేయు,mēyu,mēyu,,kn: ತಿನ್ನುವಂತಹ ಆಹಾರವನ್ನು ಅತಿಯಾಗಿ ತಿನ್ನುವ ಪ್ರಕ್ರಿಯೆ || te: పశువులు ఆకలి తీర్చుకొనుటకు చేసేపని,form_similar,,,,
B000485,ಮೈಥಿಲಿ,మైథిలి,maithili,maithili,,kn: ಮಿಥಿಲಾ ದೇಶದ ಭಾಷೆ || te: రాముడి భార్య,form_similar,,,,
B000486,ಮೈನಾ,మైనా,mainā,mainā,,kn: ಮಾತನಾಡಬಲ್ಲ ಕಪ್ಪು ಬಣ್ಣದ ಗುಬ್ಬಚ್ಚಿಗಿಂತ ಸ್ವಲ್ಪ ಗಾತ್ರದಲ್ಲಿ ದೊಡ್ಡದಾದ ಹಕ್ಕಿ || te: పురాణాల ప్రకారం పార్వతి తల్లి,form_similar,,,,
B000487,ಮೊದಲು,మొదలు,modalu,modalu,,"kn: ಯಾವುದೇ ಕಾರ್ಯ, ಘಟನೆ, ಸಂಗತಿಯ ಮೊದಲ ಬಿಂದು || te: ఏదైన పనిని కాని విషయాన్ని కాని మొదలు పెట్టడం",form_similar,,,,
B000488,ಮೋಟು,మోటు,mōṭu,mōṭu,,kn: ಕತ್ತರಿಸಿದ ತಲೆಗೂದಲಿನ ಯಾ ಗಡ್ಡದ ಮೇಲೆ ಉಳಿದುಕೊಂಡಿರುವ ಕೂದಲು || te: మంచి చెడులు వ్యవహరించడం.,form_similar,,,,
B000489,ಯಜಮಾನಿ,యజమాని,yajamāni,yajamāni,,kn: ಯಜಮಾನನ ಪತ್ನಿ || te: ఇంటి పెద్ద,form_similar,,,,
B000490,ಯಜುರ್ವೇದ,యజుర్వేద,yajurvēda,yajurvēda,,"kn: ನಾಲ್ಕು ವೇದಗಳಲ್ಲಿ ಎರಡನೆಯದು ಯಜ್ಞ, ಯಾಗಗಳನ್ನು ಮಾಡುವ ವಿವರಣೆಯನ್ನು ಹೊಂದಿದೆ || te: యజుర్వేదంలో జ్ఞానం వున్నటువంటి",form_similar,,,,
B000491,ಯತಿ,యతి,yati,yati,,kn: ಯಾರು ತಮ್ಮ ಇಂದ್ರಿಯಗಳನ್ನು ವಶ ಮಾಡಿಕೊಂಡಿರುತ್ತಾರೆಯೋ || te: హిందువుల విశ్వాసం ప్రకారం దశావతారాలుగల దేవుడు,form_similar,,,,
B000492,ಯಾಮಿನಿ,యామిని,yāmini,yāmini,,kn: ಬೆಳಕಿನ ಅಭಾವ || te: సూర్యుడు అస్తమించిన సమయం,form_similar,,,,
B000493,ಯುಕ್ತಿ,యుక్తి,yukti,yukti,,kn: ಯಶಸ್ಸನ್ನು ಪಡೆಯಲು ಚಾಲಾಕಿತನ ಅಥವಾ ಯುಕ್ತಿಯಿಂದ ನಡೆದುಕೊಳ್ಳುವ ವಿಧಾನ || te: తెలివితో ఆలోచించగా వచ్చేది.,form_similar,,,,
B000494,ಯೋಗಿನಿ,యోగిని,yōgini,yōgini,,kn: ಯಾವುದೇ ಒಬ್ಬ ಮಹಿಳೆಯು ವೈರಾಗ್ಯದಿಂದ ಸನ್ಯಾಸ ಸ್ವೀಕರಿಸಿರುವಳು || te: తపస్సు చేసే స్త్రీ,form_similar,,,,
B000495,ಯೋಗೀಶ್ವರಿ,యోగీశ్వరి,yōgīśvari,yōgīśvari,,kn: ಒಬ್ಬ ದೇವತೆಯು ಅನೇಕ ರಾಕ್ಷಸರನ್ನು ಸಂಹರಿಸಿದಳು ಮತ್ತು ಅವಳನ್ನು ಆದಿಶಕ್ತಿ ಎಂದು ನಂಬಲಾಗುತ್ತದೆ || te: శివుడి యొక్క భార్య,form_similar,,,,
B000496,ರಂಧ್ರಾನ್ವೇಷಿ,రంధ్రాన్వేషి,raṁdhrānvēṣi,raṁdhrānvēṣi,,kn: ಇತರರ ಅಥವಾ ಯಾವುದೇ ಸಂಗತಿಯನ್ನು ತುಂಬಾ ಸೂಕ್ಷವಾಗಿ ವಿಮರ್ಷಿಸುವವ || te: ఇతరుల దోషాలను లేదా నేరాలను వెతికి బయటికి తీసే వ్యక్తి,form_similar,,,,
B000497,ರಕ್ತಪಾತ,రక్తపాత,raktapāta,raktapāta,,kn: ಹೊಡೆದಾಟದ ಕ್ರಿಯೆ || te: శరీరానికి అతుక్కుపోయి రక్తాన్ని పీల్చేది,form_similar,,,,
B000498,ರಚಯಿತ,రచయిత,racayita,racayita,,kn: ಗ್ರಂಥವನ್ನು ರಚಿಸುವವ || te: ఊహలలో తేలిపోయేవాడు,form_similar,,,,
B000499,ರಜ್ಜು,రజ్జు,rajju,rajju,,"kn: ಕತ್ತಾಳಿ ನಾರು, ತೆಂಗಿನ ಜುಪುರು, ಸೆಣಬಿನ ನಾರು, ಬಟ್ಟೆ ಪ್ಲಾಸ್ಟಿಕು ಮುಂತಾದವುಗಳಿಂದ ಹೆಣೆದು ಮಾಡಿರುವಂತಹುದು ವಿಶೇಷವಾಗಿ ಕಟ್ಟಲು ಬಿಗಿಯಲು ಬಳಸಲಾಗುತ್ತದೆ || te: నిందనీయమైన మాటలు",form_similar,,,,
B000500,ರತ್ನಗರ್ಭ,రత్నగర్భ,ratnagarbha,ratnagarbha,,kn: ಸೌರಮಂಡಲದ ಒಂದು ಗ್ರಹದ ಮೇಲೆ ನಾವು ವಾಸಮಾಡುತ್ತೇವೆ || te: నీరు లేకుండా ఉండే ప్రదేశం,form_similar,,,,
B000501,ರವಿನಂದನ,రవినందన,ravinaṁdana,ravinaṁdana,,kn: ಹಿಂದೂಗಳ ದೇವರು || te: సూర్యుని యొక్క ఇద్దరు పుత్రులు,form_similar,,,,
B000502,ರಸಿಕ,రసిక,rasika,rasika,,kn: ಸಂಪೂರ್ಣ ಆನಂದವನ್ನು ಪಡೆಯುವವ || te: గాయం లేదా కోసుకొనుట ద్వారా మనిషి శరీరం నుండి కారే స్రావం లేదా చెట్ల బెరడులను కోసినప్పుడు వచ్చే నీరులాంటి పదార్థం,form_similar,,,,
B000503,ರಹದಾರಿ,రహదారి,rahadāri,rahadāri,,kn: ನಮ್ಮ ದೇಶದ ನಿವಾಸಿಗಳು ವಿದೇಶಕ್ಕೆ ಹೋಗಲು ನೀಡಲಾಗುವ ಅನುಮತಿ ಪತ್ರ/ದಸ್ತಾವೇಜು || te: ప్రజల కొరకు కట్టబడినటువంటి పొడవాటి మరియు పక్కా దారి.,form_similar,,,,
B000504,ರಾಗಿ,రాగి,rāgi,rāgi,,kn: ಒಂದು ಪ್ರಕಾರದ ದಪ್ಪ ಕಾಳುಗಳು || te: వైరు లోపల ఉండే తీగ,form_similar,,,,
B000505,ರಾಜದರ್ಬಾರು,రాజదర్బారు,rājadarbāru,rājadarbāru,,kn: ರಾಜ ಪರಿವಾರದೊಂದಿಗೆ ರಾಜ ಮಹಾರಾಜರುಗಳು ಕೂರುತ್ತಿದ್ದ ಆಸನದ ಸಭಾಂಗಂಣ ಅಥವಾ ರಾಜ್ಯದ ಸರ್ವ ಸದಸ್ಯರು ಸಮಾಲೋಚನೆ ನಡೆಸುತ್ತಿದ್ದ ರಾಜಸಭಾ ಮಂದಿರ || te: రాజు యొక్క దర్బారు లేక సభ.,form_similar,,,,
B000506,ರಿಕಾರ್ಡರು,రికార్డరు,rikārḍaru,rikārḍaru,,"kn: ಧ್ವನಿಗಳನ್ನು ದಾಖಲೆ ಮಾಡಿಕೊಳ್ಳುವ ಯಂತ್ರ, ಸಾಧನ || te: ధ్వనిని నిక్షిప్తం చేసేది",form_similar,,,,
B000507,ರೀತಿ,రీతి,rīti,rīti,,kn: ಯಾವುದೇ ಕಾರ್ಯ ಮತ್ತು ಸಾಧನೆಯನ್ನು ಮಾಡಿದ ದಾರಿ ಅಥವಾ ಮಾಧ್ಯಮ || te: పద్ధతి,form_similar,,,,
B000508,ರುದ್ರಭೂಮಿ,రుద్రభూమి,rudrabhūmi,rudrabhūmi,,kn: ಶವವನ್ನು ಹೂತಿಡುವ ಮತ್ತು ಸುಡುವ ಸ್ಥಳ || te: చనిపోయినవాళ్ళను పాతిపెట్టు స్ధలం,form_similar,,,,
B000509,ರುಬ್ಬು,రుబ్బు,rubbu,rubbu,,kn: ನೀರನ್ನು ಸೇರಿಸಿಕೊಂಡು (ಮಸಾಲೆ)ನುಣುಪಾಗಿ ಅಥವಾ ಮೆದುವಾಗಿ ಮಾಡುವ ಕೆಲಸ || te: రుబ్బురాయితో చేసే పని,form_similar,,,,
B000510,ರುಮಾಲು,రుమాలు,rumālu,rumālu,,kn: ತಲೆಯಮೇಲೆ ಸುತ್ತಿಕೊಂಡು ಕಟ್ಟಿಕೊಳ್ಳುವಂತಹ ಒಂದು ಉದ್ದವಾದ ಬಟ್ಟೆ || te: తుడుచుకోవడానికి ఉపయోగించే వస్త్రం,form_similar,,,,
B000511,ರೇಖಾಗಣಿತ,రేఖాగణిత,rēkhāgaṇita,rēkhāgaṇita,,"kn: ಗಣಿತಶಾಸ್ತ್ರದ ಒಂದು ಅಂಗ/ಭಾಗ ಅದರಲ್ಲಿ ಗುಂಡುಗಳ ಅಳತೆ-ತೂಕ, ರೇಖೆ, ಕೋನ, ತಳ/ಆದಾರ ಮುಂತಾದವುಗಳ ವಿವೇಚನೆಯಾಗಿದೆ || te: రేఖా గణితానికి సంబంధించిన",form_similar,,,,
B000512,ರೇವತೀ,రేవతీ,rēvatī,rēvatī,,kn: ದುರ್ಗಿಯ ಒಂಭತ್ತು ರೂಪಗಳಲ್ಲಿ ಒಂದು ಇವಳ ಶರೀರ ಮಬ್ಬು ಕತ್ತಲೆಯ ತರಹ ಕಪ್ಪಾಗಿ ಮತ್ತು ಕೂದಲು ಚದುರಿರುತ್ತದೆ || te: ఇరవై ఏడు నక్షత్రాలలో చివరిది,form_similar,,,,
B000513,ರೇವು,రేవు,rēvu,rēvu,,kn: ಸಮುದ್ರ ದಡದಲ್ಲಿ ನೌಕೆಗಳು ನಿಲ್ಲುವ ಸ್ಥಳ || te: చెరువు గట్టు,form_similar,,,,
B000514,ರೋಜಾ,రోజా,rōjā,rōjā,,kn: ಮುಸಲ್ಮಾನ ಧರ್ಮದ ಪ್ರಕಾರ ರಂಜಾನ್ ತಿಂಗಳಲ್ಲಿ ಉಪವಾಸ ಮಾಡುವ ಒಂದು ವಿಧಿ ಅಥವಾ ವ್ರತ || te: ఒక అందమైన పువ్వు ఈ మొక్క ముల్లు కలిగి ఉంటుంది,form_similar,,,,
B000515,ರೋಲರು,రోలరు,rōlaru,rōlaru,,kn: ಉದ್ದವಾದ ಆಕಾರ ಹೊಂದಿರುವ ದೊಡ್ಡ ದುಂಡಾದ ಭಾರಿ ಯಂತ್ರದಿಂದ ಯಾವುದೇ ಜಾಗ ಸಮತಟ್ಟಾಗಿ ಮಾಡುವುದು ಅಥವಾ ಮರಳು-ಕಲ್ಲು ಅಮುಕಿ ರಸ್ತೆಯನ್ನು ನಿರ್ಮಿಸಲಾಗುವುದು || te: సమతలము చేయడానికి ఉపయోగించెడి వాహనము,form_similar,,,,
B000516,ಲಂಗಾ,లంగా,laṁgā,laṁgā,,kn: ರಾಜಸ್ಥಾನದಲ್ಲಿ ಪ್ರಚಲಿತದಲ್ಲಿರುವ  ರಾಷ್ಟ್ರಗೀತೆ || te: జాకెట్టుకు జతగా ధరించే వస్త్రం,form_similar,,,,
B000517,ಲಡ್ಡು,లడ్డు,laḍḍu,laḍḍu,,kn: ಗೋಲಾಕಾರವಾಗಿ ಕಟ್ಟಿರುವ ಮಿಠಾಯಿ || te: బూందీతో చేసేది,form_similar,,,,
B000518,ಲಾಯರು,లాయరు,lāyaru,lāyaru,,kn: ಯಾರು ವಕೀಲವೃತ್ತಿಯ ಪರೀಕ್ಷೆಯನ್ನು ಪಾಸುಮಾಡಿರುವರೋ ಮತ್ತು ನ್ಯಾಯಾಲದಯಲ್ಲಿ ಯಾರದೋ ಪರವಾಗಿ ವಾದಮಾಡುವವ || te: న్యాయస్థానాల్లో వాదించే ఉద్యోగులు,form_similar,,,,
B000519,ಲಾಯರ್,లాయర్,lāyar,lāyar,,kn: ಯಾರು ವಕೀಲವೃತ್ತಿಯ ಪರೀಕ್ಷೆಯನ್ನು ಪಾಸುಮಾಡಿರುವರೋ ಮತ್ತು ನ್ಯಾಯಾಲದಯಲ್ಲಿ ಯಾರದೋ ಪರವಾಗಿ ವಾದಮಾಡುವವ || te: న్యాయ స్థానంలో నల్లకోటు దరించినటువంటి వారు,form_similar,,,,
B000520,ಲುಂಗಿ,లుంగి,luṁgi,luṁgi,,kn: ಧೋತಿಯ ಹಾಗೆ ಸೊಂಟಕ್ಕೆ ಸುತ್ತಿಕೊಳ್ಳುವ ಒಂದು ಪ್ರಕಾರದ ದೊಡ್ಡ ಉಪವಸ್ತ್ರದ ತರಹದ ವಸ್ತ್ರ || te: మెడనుండినడుము వరకు ధరించే పురుషుల వస్త్రం,form_similar,,,,
B000521,ಲೇಪು,లేపు,lēpu,lēpu,,"kn: ಮೆತ್ತನೆಯ ಹತ್ತಿ, ಬಟ್ಟೆ, ನಾರು ಮುಂತಾದವುಗಳನ್ನು ತುಂಬಿದ ಒರಟು ಬಟ್ಟೆಯ ಚೀಲ ಅಥವಾ ಆತರದ ಮೆತ್ತನೆಯ ಹಾಸು || te: నిద్ర నుండి కళ్ళు తెరవడం",form_similar,,,,
B000522,ಲೋಕಾಯುಕ್ತ,లోకాయుక్త,lōkāyukta,lōkāyukta,,kn: ಒಬ್ಬ ಸರ್ಕಾರಿ ಅಧಿಕಾರಿ || te: జన పదానికి చెందిన,form_similar,,,,
B000523,ಲೋಟ,లోట,lōṭa,lōṭa,,"kn: ನೀರು, ಹಾಲು ಮುಂತಾದವುಗಳನ್ನು ಕುಡಿಯಲು ಬಳಸುವ ದುಂಡಾದ ಮೇಲಿನ ಮುಚ್ಚಳವಿರದ ಗಾಜು ಅಥವಾ ಲೋಹ ಅಥವಾ ಮಣ್ಣಿನ ವಸ್ತು || te: నీళ్లు తాగడానికి ఉపయోగించే గుండ్రటి వస్తువు",form_similar,,,,
B000524,ಲೋಹ,లోహ,lōha,lōha,,"kn: ಕಪ್ಪು ಬಣ್ಣದ ದಾತುವಿನಿಂದ ಪಾತ್ರೆ, ಅಸ್ತ್ರ, ಯಂತ್ರ  ಇತ್ಯಾದಿಗಳನ್ನು ತಯಾರಿಸುವರು || te: లోహానికి సంబంధించిన",form_similar,,,,
B000525,ಲ್ಯಾಟಿನ್,ల్యాటిన్,lyāṭin,lyāṭin,,kn: ಲ್ಯಾಟಿನ್ ಭಾಷೆಯ ಅಥವಾ ಅದಕ್ಕೆ ಸಂಬಂಧಿಸಿದ || te: ఒక రకమైన ఉపకరణం నూనె పోసిన వత్తులతో వెలుగుతుంది.,form_similar,,,,
B000526,ವಜ,వజ,vaja,vaja,,kn: ಅಪರಾಧ ಅಥವಾ ತಪ್ಪನ್ನು ಮಾಡಿದಾಗ ಅಂತಿಮ ನಿರ್ಣಯ ಬರುವ ತನಕ ತಮ್ಮ ಕೆಲಸದಿಂದ ಬೇರೆ ಇಡುವ ಪ್ರಕ್ರಿಯೆ || te: తీవ్రమైన విషముండే ఒక రకమైన చెట్టు వేరు,form_similar,,,,
B000527,ವರ,వర,vara,vara,,kn: ಯಾವುದಾದರು ದೇವರು ಅಥವಾ ದೊಡ್ಡವರು ನಿರ್ಮಲ ಮನಸ್ಸಿನಿಂದ ಅವರು ಬೇಡಿದ ವಸ್ತು ಅಥವಾ ಸಿದ್ಧಿ ಮೊದಲಾದವುಗಳನ್ನು ನೀಡುವ ಕ್ರಿಯೆ ಅಥವಾ ಭಾವ || te: కత్తి ఇమడటానికి ఉపయోగించేది,form_similar,,,,
B000528,ವರ್ಣಿಕ,వర్ణిక,varṇika,varṇika,,kn: ಯಾವುದು ಆ ಸ್ವರಗ್ರಾಮದ ಅಥವಾ ಅದಕ್ಕೆ ಸಂಬಂಧಿಸಿದೆಯೋ ಯಾವುದರಲ್ಲಿ ಅರ್ಧಸ್ವರದಲ್ಲಿ ಸ್ವರ ಒಂದು ಇನ್ನೊಂದಕ್ಕೆ ಅನುಸರಣವಾಗಿರುತ್ತದೆಯೋ || te: సిరాతో కాగితంపై రాయడానికి ఉపయోగపడేది,form_similar,,,,
B000529,ವಸತಿ,వసతి,vasati,vasati,,kn: ಋಷಿಗಳು ಮತ್ತು ಮನುಷ್ಯರ ವಾಸಿಸುವ ಸ್ಥಾನ/ಸ್ಥಳ || te: నివశించడానికి ఉపయోగపడే స్థలము,form_similar,,,,
B000530,ವಸುಮತಿ,వసుమతి,vasumati,vasumati,,kn: ಹಿಂದೂ ಧರ್ಮಗ್ರಂಥದಲ್ಲಿ ವರ್ಣಿಸಲಾಗಿರುವ ದೇವತೆ ಅವಳು ಪ್ರಪಂಚವನ್ನು ರಕ್ಷಣೆ ಮಾಡುತ್ತಿದ್ದಾಳೆ || te: నీరు లేకుండా ఉండే ప్రదేశం,form_similar,,,,
B000531,ವಸ್ತು,వస్తు,vastu,vastu,,kn: ಏಕರೂಪವಾದ ಗುಣವನ್ನು ಹೊಂದಿದರುವ ಯಾವುದೇ ಪದಾರ್ಥ ಅಥವಾ ವಸ್ತು || te: ఎక్కడి నుండో ఇక్కడికి రావడం,form_similar,,,,
B000532,ವಾಚಸ್ಪತಿ,వాచస్పతి,vācaspati,vācaspati,,kn: ಬಹಳ ದೊಡ್ಡ ವಿದ್ವಾನರು/ವಿದ್ವಾಂಸರು || te: సౌరకుటుంబంలో ఐదవగ్రహం ఇది భూమికి చాలా దూరంగా ఉంటుంది,form_similar,,,,
B000533,ವಾಡಿ,వాడి,vāḍi,vāḍi,,"kn: ಕಟ್ಟಡ, ಕಾರ್ಖಾನೆ, ಮನೆ ಮೊದಲಾದವುಗಳ ಸುತ್ತಲೂ ಗೋಡೆ, ಬೇಲಿ ಮೊದಲಾದವುಗಳಿರುವ ಆವರಣ || te: ఏ పనైనా చెయ్యడానికి మనస్సులో ఏర్పడే ఉత్సాహము.",form_similar,,,,
B000534,ವಾದಿ,వాది,vādi,vādi,,kn: ಯಾರು ವಕೀಲವೃತ್ತಿಯ ಪರೀಕ್ಷೆಯನ್ನು ಪಾಸುಮಾಡಿರುವರೋ ಮತ್ತು ನ್ಯಾಯಾಲದಯಲ್ಲಿ ಯಾರದೋ ಪರವಾಗಿ ವಾದಮಾಡುವವ || te: విచారణ సమయంలో తార్కికంగా మాట్లాడేవాడు,form_similar,,,,
B000535,ವಾಮನ,వామన,vāmana,vāmana,,kn: ವಾಕರಿಕೆ ಮಾಡುವ ಕ್ರಿಯೆ || te: ఒక అప్సరస,form_similar,,,,
B000536,ವಾಯಿ,వాయి,vāyi,vāyi,,"kn: ಭೂಮಿಯಲ್ಲಿ ಅಗೆದಿರುವ ಆ ಗುಣಿಯಲ್ಲಿ ನೀರು, ಖನಿಜ ತೈಲ ಮೊದಲಾದವುಗಳು ದೊರೆಯುತ್ತವೆ || te: మాట్లాటానికి మరియు తినడానికి ఉపయోగించే ముఖ అవయవం",form_similar,,,,
B000537,ವಾಹಿನಿ,వాహిని,vāhini,vāhini,,kn: ಟಿವಿ ಇತ್ಯಾದಿಗಳಲ್ಲಿ ಕಾರ್ಯಕ್ರಮಗಳನ್ನು ಪ್ರಸಾರ ಮಾಡುವ ಸಂಸ್ಥೆಯು ತಮ್ಮ ವಾಹಿನಿಯ ಮೂಲಕ ಕಾರ್ಯಕ್ರವನ್ನು ಪ್ರಸಾರ ಮಾಡುತ್ತದೆ ಮತ್ತು ಟಿವಿಯ ರಿಮೋಟ್ ನ ಸಹಾಯದಿಂದ ಬೇರೆ ವಾಹಿನಿ ಸಹ ವೀಕ್ಷಿಸಬಹುದು || te: ప్రజల గుంపు,form_similar,,,,
B000538,ವಿಕೆಟ್,వికెట్,vikeṭ,vikeṭ,,kn: ಕ್ರಿಕೆಟ್ ಆಟದಲ್ಲಿ ಮೈದಾನದ ಎರಡೂ ಕಡೆ ವಿಕೆಟುಗಳನ್ನು ನಡುವೆ ಇರುವ ಜಾಗವನ್ನು ವಿಶೇಷವಾಗಿ ನಿರ್ಮಾಣ ಮಾಡುತ್ತಾರೆ || te: క్రికెట్‍లో ఆట నుండొ బైటికి పంపించడానికి గల పేరు,form_similar,,,,
B000539,ವಿಖ್ಯಾತ,విఖ్యాత,vikhyāta,vikhyāta,,kn: ಯಾರು ಚೆನ್ನಾಗಿ ಪ್ರಸಿದ್ಧರಾಗಿರುವರೋ || te: జ్ఞ్జానము మొదలగు వాటిలో చాలా పెద్ద.,form_similar,,,,
B000540,ವಿಚಾರಣ,విచారణ,vicāraṇa,vicāraṇa,,kn: ಚನ್ನಾಗಿ ಯೋಚಿಸಿ ವಿಚಾರ ಮಾಡಿದ ಮಾತು || te: పరిశోధన,form_similar,,,,
B000541,ವಿಜಯ,విజయ,vijaya,vijaya,,kn: ಜಗಳ ಅಥವಾ ಆಟ ಮೊದಲಾದವುಗಳಲ್ಲಿ ಶತ್ರು ಅಥವಾ ಎದುರಾಳಿಗಳನ್ನು ಸೋಲಿಸಿಯುವುದರಿಂದ ಪ್ರಾಪ್ತಿಯಾಗುವಂತಹ ಸಫಲತೆ || te: శివుడి యొక్క భార్య,form_similar,,,,
B000542,ವಿದ್ಯುತ್,విద్యుత్,vidyut,vidyut,,"kn: ಯಾವುದೇ ವಸ್ತು ವ್ಯವಸ್ತೆಯಲ್ಲಿ ಇಲೆಕ್ಟ್ರಾನುಗಳ ಹೆಚ್ಚಳ ಅಥವಾ ಕೊರತೆಯ ಕಾರಣ,ಕ್ರಮವಾಗಿ ಋಣ ಮತ್ತು ದನ ಎಂಬ ಎರಡು ಬಗೆಯಲ್ಲಿ ಮೈದೋರುವ ಒಂದು ಬಗೆಯ ಭೌತ ಅಸ್ತಿತ್ವ || te: ఎలక్ట్రానుల క్రమ పద్దతిలో అమర్చే పద్దతి",form_similar,,,,
B000543,ವಿಧಿ,విధి,vidhi,vidhi,,kn: ಸಮಯದ ಒಂದು ವಿಭಾಗ ಅದಲ್ಲಿ ಹದಿನಾಲ್ಕು ಸಂವತ್ಸರ ಅಥವಾ ನಾಲ್ಕು ಅರಬ್ ಮೂವತ್ತೆರಡು ಕೋಟಿ ವರ್ಷವಾಗಿರುತ್ತದೆ || te: తప్పకుండా జరగబోవు సంఘటన.,form_similar,,,,
B000544,ವಿನೋದ,వినోద,vinōda,vinōda,,kn: ಮನದ ಆ ಭಾವ ಅಥವಾ ಅವಸ್ಥೆ ಅದು ಪ್ರಿಯವಾದ ಅಥವಾ ಬಯಕೆಯ ವಸ್ತುಗಳ ಪಡೆದುಕೊಳ್ಳುವ ಅಥವಾ ಯಾವುದಾದರು ಒಳ್ಳೆಯ ಅಥವಾ ಶುಭ ಕಾರ್ಯ ಮಾಡುವುದರಲ್ಲಿ ಆಗುತ್ತದೆ || te: మనస్సుకు సంతోషాన్ని కలిగించే పని.,form_similar,,,,
B000545,ವಿಪತ್ತು,విపత్తు,vipattu,vipattu,,kn: ಕಠಿಣತೆಯನ್ನು ಹೊಂದುವ ಅವಸ್ಥೆ ಅಥವಾ ಭಾವ || te: ప్రకృతిని నాశనం చేసేది,form_similar,,,,
B000546,ವಿಪುಲ,విపుల,vipula,vipula,,kn: ಯಾವುದೇ ವಸ್ತು ಸಂಗತಿಯ ಹೆಚ್ಚಿನ ಪ್ರಮಾಣ || te: నీరు లేకుండా ఉండే ప్రదేశం,form_similar,,,,
B000547,ವಿಲಾಸಿ,విలాసి,vilāsi,vilāsi,,kn: ಸುಖಭೋಗದಲ್ಲಿ ಮುಳುಗಿ ಹೋದವ || te: కామ రూపంలో ఉండే దేవుడు,form_similar,,,,
B000548,ವಿವಾಹಿತ,వివాహిత,vivāhita,vivāhita,,kn: ಈಗಾಗಲೇ ಮದುವೆಯಾಗಿರುವ ವ್ಯಕ್ತಿ || te: కన్య స్త్రీ,form_similar,,,,
B000549,ವಿಶದೀಕರಣ,విశదీకరణ,viśadīkaraṇa,viśadīkaraṇa,,"kn: ಕಠಿಣ ವಿಷಯ, ಅಸ್ಪಷ್ಟ ಹೇಳಿಕೆ, ಅಭಿಪ್ರಾಯ, ದೃಷ್ಟಿಕೋನ, ತಪ್ಪು ಮಾಹಿತಿ ಮೊದಲಾದವುಗಳ ಸ್ಪಷ್ಟವಾದ ವಿವರ || te: అర్ధం చేసుకోవడానికి సులభంగా ఉండే భావన.",form_similar,,,,
B000550,ವಿಶಿಷ್ಟ,విశిష్ట,viśiṣṭa,viśiṣṭa,,kn: ಯಾವುದೇ ವಸ್ತು ವಿಷಯದಲ್ಲಿ ವಿಶೇಷವಾಗಿರುವಂತಹದ್ದು ಅಥವಾ ವಿಭಿನ್ನವಾಗಿರುವಂತಹದ್ದು || te: ఏదైనా విషయాన్ని గురించి పూర్తిగా తెలిసిన వ్యక్తి,form_similar,,,,
B000551,ವಿಶ್ವಕಾಯ,విశ్వకాయ,viśvakāya,viśvakāya,,kn: ಹಿಂಧೂಗಳ ಪ್ರಕಾರ  ಸೃಷ್ಟಿಯನ್ನು ಪಾಲನೆ ಮಾಡುತ್ತಿರುವುದು ಒಬ್ಬನೇ ದೇವರು || te: సింహాన్ని వాహనంగా కలిగిన దేవత,form_similar,,,,
B000552,ವಿಶ್ವಯೋನಿ,విశ్వయోని,viśvayōni,viśvayōni,,"kn: ಸಹೃದಯಿ, ಧರ್ಮಿ ಮತ್ತು ಯಾವಾಗಲೂ ಬೇರೆಯರಿಗೆ ಸಹಾಯಮಾಡುವಂತಹ ವ್ಯಕ್ತಿ || te: హిందు ధర్మం ప్రకారం సృష్టికర్త",form_similar,,,,
B000553,ವಿಸ್ಮಯಪಡು,విస్మయపడు,vismayapaḍu,vismayapaḍu,,"kn: ಯಾವುದೇ ವಸ್ತು, ವಿಷಯ, ಸುದ್ದಿ, ಸಮಾಚಾರ, ಇತ್ಯಾದಿಗಳನ್ನು ನೋಡಿದಾಗ ಇಲ್ಲವೇ ಕೇಳಿದಾಗ ಇಲ್ಲವೇ ತಿಳಿದಾಗ ಇಲ್ಲವೇ ಅನುಭವಕ್ಕೆ ಬಂದಾಗ ಮನಸ್ಸಿನಲ್ಲಿ ಹುಟ್ಟುವ ಅನಿಸಿಕೆ ಹೊರಹೊಮ್ಮುವ ಪ್ರಕ್ರಿಯೆ || te: మానసిక లేదా శారీరకమైన ఆకస్మిక వ్యాకులత",form_similar,,,,
B000554,ವೃತ್ತಿ,వృత్తి,vr̥tti,vr̥tti,,kn: ಜೀವಂತವಾಗಿರುವ ಅವಸ್ಥೆ ಅಥವಾ ಭಾವ || te: ధనం సంపాదించి జీవితము గడుపుటకు చేయు పని.,form_similar,,,,
B000555,ವೃದ್ಧಿ,వృద్ధి,vr̥ddhi,vr̥ddhi,,kn: ಅಧಿಕವಾಗಿ ನೀರು ಸುರಿಯುತ್ತಿರುವ ಕಾರಣ ನದಿ ಅಥವಾ ಕೆರೆ/ಜಲಾಶಯ ಮುಂತಾದವುಗಳಲ್ಲಿ ನೀರು ತನ್ನ ಇಚ್ಛೆ ಅಥವಾ ಸಾಧಾರಣವಾದ ಗಡಿಯನ್ನು ಮೀರಿ ಈಕಡೆ-ಆಕಡೆ ಹರಿಯುವ ಕ್ರಿಯೆ || te: ఉన్నత స్థితికి చేరుకునే కార్యం లేదా భావన,form_similar,,,,
B000556,ವೃಷ್ಟಿ,వృష్టి,vr̥ṣṭi,vr̥ṣṭi,,kn: ನೀರು ಹನಿ-ಹನಿಯಾಗಿ ಬೀಳುವ ಕ್ರಿಯೆ || te: మగ జాతికి చెందిన గొర్రె,form_similar,,,,
B000557,ವೆಚ್ಚ,వెచ్చ,vecca,vecca,,kn: ಯಾವುದೇ ವಸ್ತು ಅಥವಾ ಸೇವೆಯನ್ನು ಪಡೆಯಲು ವ್ಯಯ ಮಾಡಿದ ಹಣ ಅಥವಾ ಹಣವನ್ನು ವ್ಯಯ ಮಾಡುವಿಕೆ || te: నిప్పు వలన కలిగేది,form_similar,,,,
B000558,ವೇದನ,వేదన,vēdana,vēdana,,kn: ಯಾವುದೇ ವಸ್ತು ವಿಷಯದ ಬಗ್ಗೆ ಸಂಪೂರ್ಣವಾಗಿ ತಿಳಿದುಕೊಳ್ಳುವಿಕೆ || te: తీవ్రమైన మానసిక బాధ.,form_similar,,,,
B000559,ವೈಡ್,వైడ్,vaiḍ,vaiḍ,,kn: ಕ್ರಿಕೆಟ್ ಆಟದಲ್ಲಿ ಎಸೆದಂತಹ ಚೆಂಡು ಸ್ಪಂಪ್ ಹತ್ತಿರ ನಿರ್ಧಾರಿತ ಜಾಗದಿಂದ ದೂರ ಅಥವಾ ತುಂಬಾ ಮೇಲಕ್ಕೆ ಹೋಗುವ ಅವಸ್ಥೆ || te: స్టెంపు దగ్గర కాకుండా బంతి అటువైపు కాని ఇటువైపు కానిపడటం,form_similar,,,,
B000560,ವೈಷ್ಣವ_ಸನ್ಯಾಸಿ,వైష్ణవ_సన్యాసి,vaiṣṇava_sanyāsi,vaiṣṇava_sanyāsi,,kn: ಆ ಸಾಧು ವೈಷ್ಣವ ಸಂಪ್ರದಾಯದ ಅನುಯಾಯಿ || te: విష్ణువును పూజించే సాధువు,form_similar,,,,
B000561,ವ್ಯಕ್ತಿಗತ,వ్యక్తిగత,vyaktigata,vyaktigata,,kn: ಒಂದು ವಸ್ತುವಿಗೆ ಅಥವಾ ವ್ಯಕ್ತಿಗೆ ಸಂಬಂಧಿಸಿದುದು || te: మనకు మాత్రమే పూర్తి అధికారం ఉండే స్థితి,form_similar,,,,
B000562,ವ್ಯಭಿಚಾರಿಣಿ,వ్యభిచారిణి,vyabhicāriṇi,vyabhicāriṇi,,kn: ಒಬ್ಬ ಸ್ತ್ರೀಯು ಒಬ್ಬ ಗಂಡಸಿನ ಜೊತೆ ಮಾತ್ರ ತನ್ನ ಲೈಂಗಿಕ ಸಂಬಂಧವನ್ನು ಇಟ್ಟುಕೊಳ್ಳಬೇಕೆನ್ನುವ ನೀತಿಯನ್ನು ಉಲ್ಲಂಘಿಸಿದ ಸ್ತ್ರೀ ಅಥವಾ ನೀತಿಗೆಟ್ಟವಳು || te: ధనం తీసుకొని శరీరాన్ని అమ్ముకునే స్త్రీ.,form_similar,,,,
B000563,ವ್ಯರ್ಥ,వ్యర్థ,vyartha,vyartha,,kn: ಯಾವುದೋ ಒಂದರ ಫಲ ಅಥವಾ ಪರಿಣಾಮ ವಿಲ್ಲವೊ || te: నిరుపయోగమైనవి.,form_similar,,,,
B000564,ಶತಕ,శతక,śataka,śataka,,kn: ನೂರು ವರ್ಷದ ಸಮಯ || te: లెక్కించుటలో వచ్చు వంద స్ధానము.,form_similar,,,,
B000565,ಶಶಿ,శశి,śaśi,śaśi,,kn: ಯಾವುದಾದರು ಗ್ರಹದ ಪ್ರಾಕೃತಿಕ ಉಪಗ್ರಹ/ಸೂರ್ಯನ ಬೆಳಕನ್ನು ಪ್ರತಿಬಿಂಬಿಸುವ ಹಾಗೂ ಭೂಮಿಯನ್ನು ಸುತ್ತುವ ಒಂದು ಉಪಗ್ರಹ || te: ఒక కల్పిత రత్నం,form_similar,,,,
B000566,ಶಾಖ,శాఖ,śākha,śākha,,"kn: ಶರೀರದ, ವಸ್ತುವಿನ ಅಥವಾ ವಾತಾವರಣದ ಉಷ್ಣತೆ, ಶೀತಲತೆಯನ್ನು ತಿಳಿಯಲು || te: చెట్టులో అటు ఇటు పెరిగే భాగాలు",form_similar,,,,
B000567,ಶಿಖಂಡಿ,శిఖండి,śikhaṁḍi,śikhaṁḍi,,kn: ನಪುಂಸಕನಾಗುವ ಅವಸ್ಥೆ ಅಥವಾ ಭಾವ || te: రాజైన దృపదుని కూతురు,form_similar,,,,
B000568,ಶಿಸ್ತು,శిస్తు,śistu,śistu,,kn: ನಡತೆಯ ನಿಯಮಗಳಿಗೆ ತಕ್ಕಂತೆ ಸಕ್ರಮವಾದ ಉತ್ತಮ ನಡವಳಿಕೆ || te: సంపద పైన అధికారముపైన  ప్రభుత్వం విదించునది.,form_similar,,,,
B000569,ಶುಚಿ,శుచి,śuci,śuci,,kn: ಸ್ವಚ್ಚವಾಗುವ ಅವಸ್ಥೆ ಅಥವಾ ಭಾವ || te: భూమి చూట్టు తిరిగే ఒక గ్రహం,form_similar,,,,
B000570,ಶುದ್ಧಿ,శుద్ధి,śuddhi,śuddhi,,kn: ಯಾವುದೇ ರೀತಿಯ ಅಶುದ್ದತೆ ಇಲ್ಲದಿರುವುದು || te: హిందు ధర్మంలో పాటించే ముఖ్య అంశాలు,form_similar,,,,
B000571,ಶುಶ್ರೂಷ,శుశ్రూష,śuśrūṣa,śuśrūṣa,,"kn: ರೋಗಿಯ ಕ್ಷೇಮ ನೋಡಿಕೊಳ್ಳುವ ವ್ಯಕ್ತಿ || te: పెద్దలు, పూజ్యనీయులకు సుఖమునందించుటకు చేయు మర్యాదపూర్వకమైన పని.",form_similar,,,,
B000572,ಶೂಲ,శూల,śūla,śūla,,kn: ಒಂದು ತರಹದ ಈಟಿ || te: ధనం తీసుకొని శరీరాన్ని అమ్ముకునే స్త్రీ.,form_similar,,,,
B000573,ಶ್ಯಾಮ,శ్యామ,śyāma,śyāma,,kn: ಕೋಗಿಲೆ ಅಥವಾ ಕಾಗೆಯನ್ನು ಹೋಲುವ ಬಣ್ಣ || te: సూర్యుడు అస్తమించిన సమయం,form_similar,,,,
B000574,ಶ್ರಾವಣ,శ్రావణ,śrāvaṇa,śrāvaṇa,,kn: ಆಶಾಡದ ನಂತರ ಮತ್ತು ಭಾದ್ರಪದದ ಮೊದಲ ತಿಂಗಳು ಆಂಗ್ಲರ ತಿಂಗಳ ಜುಲೈ ಮತ್ತು ಆಗಸ್ಟನ ಮಧ್ಯದಲ್ಲಿ ಬರುವುದು || te: ఇరవై ఏడు నక్షత్రాలలో ఒకటి,form_similar,,,,
B000575,ಷಷ್ಠಿ,షష్ఠి,ṣaṣṭhi,ṣaṣṭhi,,kn: ಪಕ್ಷದ ಆರನೆ ದಿನ || te: సంబంధాలను కలపడానికి ఉపయోగించే వ్యాకరణాంశం,form_similar,,,,
B000576,ಸಂಕ್ರಮಣ,సంక్రమణ,saṁkramaṇa,saṁkramaṇa,,kn: ಸೂರ್ಯನು ಒಂದು ರಾಶಿಯಿಂದ ಇನ್ನೊಂದು ರಾಶಿಗೆ ಪ್ರವೇಶಿಸುವ ಕ್ರಿಯೆ || te: రోగాణువులు శరీరములో ప్రవేసించే క్రియ.,form_similar,,,,
B000577,ಸಂಗತಿ,సంగతి,saṁgati,saṁgati,,"kn: ಮನದ ತಗ್ಗು ಅಥವಾ ಯಾವುದಾದರು ವಾಸ್ತವಿಕವಾದ ಘಟನೆಗಳ ಆಧಾರದ ಮೇಲೆ ಪ್ರಸ್ತುತವಾಗುವ ಮೌಖಿಕವಾದ ಅಥವಾ ಲಿಖಿತ ರೂಪದ ವಿವರಣೆ ಅದರ ಮುಖ್ಯವಾದ ಉದ್ದೇಶ ಅಧ್ಯಯನಕಾರರಿಗೆ ಮನೋರಂಜನೆಯನ್ನು ನೀಡುವುದು, ಅವರಿಗೆ ಯಾವುದಾದರು ಶಿಕ್ಷೆಯನ್ನು ನೀಡುವುದು ಅಥವಾ ಯಾವುದಾದರು ವಸ್ತುಸ್ಥಿತಿಗಳ ಪರಿಚಯವನ್ನು ಮಾಡಿಕೊಡುವುದಾಗಿರುತ್ತದೆ || te: ప్రజల మధ్యకు వెళ్ళి పరస్పర సంబంధమును లేదా విషయాన్నితెలియజేయునదివిషయాన్నితెలియజేయునదివిషయాన్నితెలియజేయునది",form_similar,,,,
B000578,ಸಂಗಾತಿ,సంగాతి,saṁgāti,saṁgāti,,kn: ಯಾರಾದರೂ ವಿವಾಹವಾದಂತಹ ಮಹಿಳೆ || te: స్నేహితులలో అమ్మాయిలు లేక ఆడవారు,form_similar,,,,
B000579,ಸಂಗ್ರಹಕರ್ತ,సంగ్రహకర్త,saṁgrahakarta,saṁgrahakarta,,kn: ಸಂಗ್ರಹ ಮಾಡುವವ || te: వస్తువుల యొక్క యజమాని,form_similar,,,,
B000580,ಸಂದು,సందు,saṁdu,saṁdu,,kn: ಯಾವುದಾದರೂ ಒತ್ತಡದಿಂದಾದ ಅಥವಾ ಭಾರದಿಂದಾಗಿ ನೆಲದಲ್ಲಿ ಅಥವಾ ಯಾವುದೇ ವಸ್ತುವಿನಲ್ಲಿ ಉಂಟಾಗುವ ಬೇರ್ಪಡುವಿಕೆಯ ಸೀಳುವಿಕೆ || te: ఇద్దరు లేదా ముగ్గరు వెల్లే ఇరుకైన మార్గం,form_similar,,,,
B000581,ಸಂದೇಶ,సందేశ,saṁdēśa,saṁdēśa,,"kn: ಮಾತು, ಬರಹ ಅಥವಾ ಸಂಕೇತಗಳನ್ನು ಬಳಸುವ ಮೂಲಕ ಸಂವಹನ ಮಾಡಲ್ಪಟ್ಟ ಮಹತ್ವಪೂರ್ಣ ವಿಷಯ || te: ఒక రకమైన బెంగాల్ మిఠాయి",form_similar,,,,
B000582,ಸಂಬಂಧ,సంబంధ,saṁbaṁdha,saṁbaṁdha,,"kn: ಆ ಅಭಿಪ್ರಾಯ ಅಥವಾ ಆಶಯ, ಯಾವ ಶಬ್ಧ, ಪದ ಅಥವಾ ವಾಕ್ಯ ಈ ಎಲ್ಲದರಲ್ಲೂ ಹುಡುಕಿ ತೆಗೆಯುವುದು ಮತ್ತು ಯಾರಲ್ಲಿ ಜ್ಞಾನ/ತಿಳುವಳಿಕೆಯನ್ನು ವೃದ್ಧಿಗೊಳಿಸುವುದಕ್ಕಾಗಿ ಲೋಕದಲ್ಲಿ ಪ್ರಚಲಿತವಾಗಿರುವ ಶಬ್ಧ ಅಥವಾ ಪದ || te: సంబంధాలను కలపడానికి ఉపయోగించే వ్యాకరణాంశం",form_similar,,,,
B000583,ಸಂಸಾರಿ,సంసారి,saṁsāri,saṁsāri,,"kn: ಗೃಹಸ್ಥಾಶ್ರಮದಲ್ಲಿ ಇರುವಂತಹ ವ್ಯಕ್ತಿ || te: ఇల్లు, ఇల్లాలు, పిల్లలు గల వక్తి",form_similar,,,,
B000584,ಸಖಿ,సఖి,sakhi,sakhi,,kn: ಪ್ರೇಮದಲ್ಲಿ ತಲ್ಲೀನಳಾದ ಸ್ತ್ರೀ || te: స్నేహితులలో అమ్మాయిలు లేక ఆడవారు,form_similar,,,,
B000585,ಸಗಟು,సగటు,sagaṭu,sagaṭu,,"kn: ವ್ಯಾಪಾರಿಗಳಿಗೆ ಮಾರಾಟ ಮಾಡಲು ಹೆಚ್ಚು ಸರಕು ಸಾಮಾನುಗಳನ್ನು ಕಡಿಮೆ ಬೆಲೆಗೆ ಮಾರಾಟ ಮಾಡುವುದು || te: కొలత, ఉపయోగం మొదలగువాటి పోలికలో ఒక వస్తువుకు మరొక వస్తువుతో ఉండేటువంటి సంబంధం.",form_similar,,,,
B000586,ಸತ್ಯ,సత్య,satya,satya,,"kn: ನ್ಯಾಯಯುತವಾದ, ಧರ್ಮಯುಕ್ತವಾದ ಅವಾಸ್ತವಿಕವಲ್ಲದ ಸಂಗತಿ || te: శివుడి యొక్క భార్య",form_similar,,,,
B000587,ಸತ್ಯವಾದಿ,సత్యవాది,satyavādi,satyavādi,,kn: ಸತ್ಯವನ್ನು ಹೇಳುವವಳು || te: ఎవరైతే నిజం చేబుతారో,form_similar,,,,
B000588,ಸಪ್ತ,సప్త,sapta,sapta,,kn: ಆರು ಮತ್ತು ಒಂದು || te: సంగీత వాయిద్యాలలో శ్రేష్ఠమైనది,form_similar,,,,
B000589,ಸಮಾನಾಂತರ,సమానాంతర,samānāṁtara,samānāṁtara,,kn: ಒಂದು ರೇಖೆ ಹಾಗೂ ಇನ್ನೊಂದು ರೇಖೆಗೆ ಸಮನಾದ ಅಂತರವಿರುವುದು || te: సమతుల్యంగా,form_similar,,,,
B000590,ಸಮೃದ್ಧಿ,సమృద్ధి,samr̥ddhi,samr̥ddhi,,"kn: ಶ್ರೀಮಂತ/ಧನ ಸಂಪನ್ನ ಅಥವಾ ಸಮೃದ್ದಿಪೂರ್ಣವಾದ ಪರಿಸ್ಥಿತಿ ಅಥವಾ ಭಾವ || te: మూల్యం, డబ్బు గౌరవం మొదలైనవి అన్ని పెద్ద మొత్తంలో ఉండటం",form_similar,,,,
B000591,ಸರಸ್ಸು,సరస్సు,sarassu,sarassu,,kn: ಉದ್ದವಾದ-ವಿಸ್ತಾರ/ಅಗಲವಾದ ಜಲಾಶಯ ಅದು ವಿಶೇಷವಾಗಿ ಪ್ರಕೃತಿಯ ಕೊಡುಗೆ || te: ఒకచోట నీరు నిల్వ ఉండే ప్రదేశం,form_similar,,,,
B000592,ಸರ್ವಮಂಗಳ,సర్వమంగళ,sarvamaṁgaḷa,sarvamaṁgaḷa,,kn: ಶಿವನ ಹೆಂಡತಿ || te: సింహాన్ని వాహనంగా కలిగిన దేవత,form_similar,,,,
B000593,ಸಹಕಾರಿ,సహకారి,sahakāri,sahakāri,,kn: ಉಪಕಾರವನ್ನು ಮಾಡುವಂತಹ ವ್ಯಕ್ತಿ || te: ఏదైన పనిలో సహకరించు వ్యక్తి.,form_similar,,,,
B000594,ಸಹಚರಿ,సహచరి,sahacari,sahacari,,kn: ಗೆಳತಿ ಅಥವಾ ಸ್ನೇಹಿತೆ || te: స్నేహితులలో అమ్మాయిలు లేక ఆడవారు,form_similar,,,,
B000595,ಸಹಸ್ರ,సహస్ర,sahasra,sahasra,,kn: ಹತ್ತು ನೂರು || te: ఐదు వమ్దలు మరియు ఐదు వందలు.,form_similar,,,,
B000596,ಸಾಗು,సాగు,sāgu,sāgu,,kn: ಕೆಟ್ಟ ದಶೆಯಿಂದ ಒಳ್ಳೆಯ ದಶೆಗೆ ಬರುವ ಪ್ರಕ್ರಿಯೆ || te: పొలంలో నీరు పెట్టుట.,form_similar,,,,
B000597,ಸಾದಾ,సాదా,sādā,sādā,,kn: ಸಾಧಾರಣವಾಗಿರುವಂತಹ || te: ఆడంబరం లేకపోవడం,form_similar,,,,
B000598,ಸಾಧನ,సాధన,sādhana,sādhana,,kn: ಒಂದರ ಆಗುವಿಕೆಗೆ ಸಹಾಯಕವಾಗುವ ವಸ್ತು ಅಥವಾ ಸಂಗತಿ || te: అభ్యాసన చేసుకోవటం,form_similar,,,,
B000599,ಸಾಧು,సాధు,sādhu,sādhu,,kn: ಯಾವುದೇ ವ್ಯಕ್ತಿಯ ತುಂಬಾ ಮೃಧುವಾದ ಕೋಮಲವಾದ ಸ್ವಭಾವ || te: సంసార సాగారాన్ని విడిచి సత్యన్వేషణకై దైవాన్ని అన్వేషించే వ్యక్తి,form_similar,,,,
B000600,ಸಾನುಭೂತಿ,సానుభూతి,sānubhūti,sānubhūti,,kn: ಅನುಕಂಪ ಅಥವಾ ದಯೆಯನ್ನು ತೋರುವ ಕ್ರಿಯೆ || te: కష్టం వచ్చినప్పుడు మరోకరు ఆనందించడం,form_similar,,,,
B000601,ಸಾಮಗ್ರಿ,సామగ్రి,sāmagri,sāmagri,,kn: ಒಂದರ ಆಗುವಿಕೆಗೆ ಸಹಾಯಕವಾಗುವ ವಸ್ತು ಅಥವಾ ಸಂಗತಿ || te: ఏదైన వస్తువు తయారుచేయుటకు లేదా పనిచేయ్యడానికి ఉపయోగించేవి.,form_similar,,,,
B000602,ಸಾಲ,సాల,sāla,sāla,,kn: ಪಡೆದ ಯಾವುದನ್ನಾದರೂ ಹಿಂತಿರುಗಿಸಬೇಕಾದ ಅಥವಾ ತೀರಿಸಬೇಕಾದ ಹೊಣೆಗೆ ಒಳಪಟ್ಟಿರುವುದು || te: నివశించడానికి ఉపయోగపడే స్థలము,form_similar,,,,
B000603,ಸಾಹಿತಿ,సాహితి,sāhiti,sāhiti,,"kn: ಲೇಖನ, ಕಥೆ ಮೊದಲಾದವುಗಳನ್ನು ರಚನೆ ಮಾಡುವ ವ್ಯಕ್ತಿ || te: పుస్తకాలు, గ్రంథాలు వ్రాతపూర్వకంగా ఉన్న వాటిని పిలిచేపదం.",form_similar,,,,
B000604,ಸಿಂಗಾರ,సింగార,siṁgāra,siṁgāra,,kn: ತಮ್ಮನ್ನು ತಾವೇ ಹೆಂಗಸರಿಗಿಂತ ತುಂಬಾ ಅಧಿಕ ಯೋಗ್ಯ ಅಥವಾ ದೊಡ್ಡವರು ಅಂದು ಕೊಳ್ಳುವ ಭಾವ || te: అందానికి మరింత అందాన్ని సమకూర్చే వస్తువులు,form_similar,,,,
B000605,ಸಿಬ್ಬಂದಿ,సిబ్బంది,sibbaṁdi,sibbaṁdi,,kn: ಯಾವುದೇ ಸಂಸ್ಥೆಯ ಎಲ್ಲಾ ಕೆಲಸಗಾರರು || te: ఉద్యోగుల గుంపు,form_similar,,,,
B000606,ಸೀನು,సీను,sīnu,sīnu,,kn: ವೇಗವಾಗಿ ಶಬ್ದ ಮಾಡಿಕೊಂಡು ಏಕಾಏಕಿ ಮೂಗಿನಿಂದ ಗಾಳಿ ಅಥವಾ ಉಸಿರು ಹೊರಬರುವುದು || te: నాటకంలో ఒక సన్నివేశాన్ని తెలియజేసే భాగం,form_similar,,,,
B000607,ಸುತ್ತಿ,సుత్తి,sutti,sutti,,kn: ಹಸು ಎಮ್ಮೆ ಇತ್ಯಾದಿ ಪ್ರಾಣಿಗಳನ್ನು ಮುಟ್ಟಿದಾಗ ಅದರ ಶರೀರದ ಮೇಲೆ ಮೂಡುವ ಮೃತ್ತಾಕಾರದ ಗೆರೆಗಳು || te: ఇనుప రేకులను చదును చేసే పనిముట్టు,form_similar,,,,
B000608,ಸುರಕ್ಷಿತ,సురక్షిత,surakṣita,surakṣita,,kn: ಚೆನ್ನಾಗಿ ಕಾಪಾಡಿದ ಅಥವಾ ಒಳ್ಳೆಯ ರಕ್ಷಣೆ ಇರುವ || te: ఎటువంటి హాని లేకుండా ఉండటం,form_similar,,,,
B000609,ಸುರಭಿ,సురభి,surabhi,surabhi,,kn: ಸುವಾಸನೆಯನ್ನು ಬೀರುವ ವಾಸನೆ || te: నీరు లేకుండా ఉండే ప్రదేశం,form_similar,,,,
B000610,ಸೂಕ್ತಿ,సూక్తి,sūkti,sūkti,,kn: ಉತ್ತಮವಾದ ಅಥವಾ ಚಿಂತನಾಯುಕ್ತವಾದ ಮಾತು ಅಥವಾ ಹೇಳಿಕೆ || te: ఇది యిట్లే చేయాలని ఇచ్చు ఉత్తరువు.,form_similar,,,,
B000611,ಸೂಚಿ,సూచి,sūci,sūci,,kn: ಯಾವುದೇ ವಿಷಯವನ್ನು ಅಕಾರಾಧಿಯಾಗಿ ಅಥವಾ ಮುಖ್ಯವಾದ ವಿಷಯವಾರು ಕ್ರಮಾನುಗತವಾಗಿ ಜೋಡಿಸುವುದು || te: ఆసుపత్రిలో ఉండే చిన్న గొట్టపు ఆకారములోనున్న చిన్న పరికరము దీని ద్వారా శరీరపునరాలలో ద్రవ్య మందులను ఎక్కిస్తారు,form_similar,,,,
B000612,ಸೂತ್ರಧಾರಿ,సూత్రధారి,sūtradhāri,sūtradhāri,,"kn: ಸಹೃದಯಿ, ಧರ್ಮಿ ಮತ್ತು ಯಾವಾಗಲೂ ಬೇರೆಯರಿಗೆ ಸಹಾಯಮಾಡುವಂತಹ ವ್ಯಕ್ತಿ || te: నాటకాన్ని నడిపించేవాడు",form_similar,,,,
B000613,ಸೂರು,సూరు,sūru,sūru,,kn: ಚಪ್ಪರದ ಅಂಚಿನಲ್ಲಿ ಮಳೆಯ ನೀರು ಕೆಳಗಿಳಿಯುತ್ತದೆ || te: కత్తి ఇమడటానికి ఉపయోగించేది,form_similar,,,,
B000614,ಸೂರ್ಯಕಾಂತಿ,సూర్యకాంతి,sūryakāṁti,sūryakāṁti,,kn: ಒಂದು ಗಿಡದ ಹಳದಿ ಬಣ್ಣದ ಹೂವು ಅದು ದಿನ ಪೂರ್ತಿ ಸೂರ್ಯ ಕಾಂತಿಗೆ ಅರಳುತ್ತದೆ ಮತ್ತು ಸಂಜೆಯ ನಂತರ ಮುದುಡುತ್ತದೆ || te: సూర్యుడినుంచి వచ్చే కిరణాలు,form_similar,,,,
B000615,ಸೂರ್ಯರಶ್ಮಿ,సూర్యరశ్మి,sūryaraśmi,sūryaraśmi,,kn: ಸೂರ್ಯನ ಕಿರಣ || te: సూర్యుడినుంచి వచ్చే కిరణాలు,form_similar,,,,
B000616,ಸೃಜನಕರ್ತ,సృజనకర్త,sr̥janakarta,sr̥janakarta,,kn: ಯಾರೋ ಒಬ್ಬರು ಚಿತ್ರಗಳನ್ನು ರಚಿಸುವರು ಅಥವಾ ಚಿತ್ರಿಸುವರು || te: నిర్మించే లేక తయారు చేసే వ్యక్తి.,form_similar,,,,
B000617,ಸೇಬು,సేబు,sēbu,sēbu,,kn: ಮರದಲ್ಲಿ ಬಿಡುವ ಸಿಹಿ ಹಣ್ಣುಗಳು || te: ఒక వృక్షము దీని ఫలాలు గుండ్రముగా తియ్యగా తినడానికి అనువుగా ఉంటాయి.,form_similar,,,,
B000618,ಸೈಂಧವ,సైంధవ,saiṁdhava,saiṁdhava,,kn: ಭೂಮಿಯ ಸುತ್ತಾ ಸುತ್ತುವ ಒಂದು ಗ್ರಹ || te: సింధ్ దేశంలో వుత్పన్నమైన,form_similar,,,,
B000619,ಸೋಂಪು,సోంపు,sōṁpu,sōṁpu,,"kn: ಒಂದು ಚಿಕ್ಕ ಗಿಡದ ಬೀಜ ಔಷಧಿ ಮತ್ತು ಮಸಾಲೆಯ ರೂಪವಾಗಿ ಬಳಸುವರು || te: మసాలాదినుసులుగానూ, ఔషధంగానూ ఉపయోగించే గింజలు",form_similar,,,,
B000620,ಸೋದರಿ,సోదరి,sōdari,sōdari,,"kn: ಒಡಹುಟ್ಟಿದ ಕಿರಿಯಳು ಅಥವಾ ತಾಯಿಯ ತಂಗಿ ಅಥವಾ ಅಕ್ಕನ ಹೆಣ್ಣುಮಕ್ಕಳಲ್ಲಿ ಕಿರಿಯವಳು, ಅಪ್ಪನ ಅಣ್ಣ ಅಥವಾ ತಮ್ಮನ ಹೆಣ್ಣುಮಕ್ಕಳಲ್ಲಿ ಕಿರಿಯವಳು || te: తోబుట్టువు",form_similar,,,,
B000621,ಸೌಂದರ್ಯಾತ್ಮಕ,సౌందర్యాత్మక,sauṁdaryātmaka,sauṁdaryātmaka,,kn: ಸೌಂದರ್ಯಕ್ಕೆ ಸಂಬಂಧಿಸಿದ || te: అందానికి మరింత అందాన్ని సమకూర్చే వస్తువులు,form_similar,,,,
B000622,ಸೌಮ್ಯ,సౌమ్య,saumya,saumya,,kn: ಯಾವುದೇ ವ್ಯಕ್ತಿಯ ತುಂಬಾ ಮೃಧುವಾದ ಕೋಮಲವಾದ ಸ್ವಭಾವ || te: శివుడి యొక్క భార్య,form_similar,,,,
B000623,ಸ್ಕೂಲ್,స్కూల్,skūl,skūl,,kn: ಒಂದೇ ಶೈಲಿ ಅಥವಾ ಚಿಂತನೆ ಹೊಂದಿದ ವಿದ್ವಾಂಸ ಅಥವಾ ಕಲಾಕಾರರ ವಿಶಿಷ್ಟ ಗುಂಪು || te: చిన్నపిల్లలు చదువుకునే చోటు,form_similar,,,,
B000624,ಸ್ಥಾಯಿ,స్థాయి,sthāyi,sthāyi,,"kn: ಸಂಗೀತದಲ್ಲಿ ಯಾವುದೇ ಹಾಡಿನ ಮೊದಲ ಪದ/ಚರಣ || te: ఏ విషయం, మాట లేదా సంఘటన యొక్క విశేషమైన పరిస్థితి",form_similar,,,,
B000625,ಸ್ಥಿರ,స్థిర,sthira,sthira,,"kn: ಹರಿಯುವಿಕೆ, ಸಾಗುವಿಕೆ ಇಲ್ಲದ ಸ್ಥಗಿತ ಸ್ಥಿತಿ || te: చలనం లేకుండా వుండటం",form_similar,,,,
B000626,ಸ್ಮರಣ,స్మరణ,smaraṇa,smaraṇa,,kn: ಬುದ್ಧಿ/ಜ್ಞಾನವನ್ನು ನೀಡುವ ವೃತ್ತಿ ಅಥವಾ ಶಕ್ತಿ || te: స్మరించుకొనే జ్ఞానం.,form_similar,,,,
B000627,ಸ್ಮೃತಿ,స్మృతి,smr̥ti,smr̥ti,,kn: ಆಗಿಹೋದದ್ದನ್ನು ಮನಸ್ಸಿಗೆ ತಂದುಕೊಳ್ಳುವುದು || te: వ్యక్తికి సంబంధించిన జ్ఞాపకానికి తెచ్చుకొనుట,form_similar,,,,
B000628,ಸ್ವಕೀಯ,స్వకీయ,svakīya,svakīya,,kn: ಸ್ವವಿಮರ್ಶೆಯಿಲ್ಲದೆ ತನ್ನನ್ನು ತಾನು ಮೋಹಿಸಿ ತನ್ನ ಪರವಾಗಿರುವವ ಅಥವಾ ತನ್ನ ಪಕ್ಷದ ಪರವಾಗಿ ಇರುವಂತಹುದು || te: మనకు మాత్రమే పూర్తి అధికారం ఉండే స్థితి,form_similar,,,,
B000629,ಸ್ವಯಂ,స్వయం,svayaṁ,svayaṁ,,kn: ತನಗೇ ಸೇರಿದ್ದು ಅಥವಾ ತನ್ನ ಸ್ವಂತದ || te: మనకు మాత్రమే పూర్తి అధికారం ఉండే స్థితి,form_similar,,,,
B000630,ಸ್ವಾಮಿ,స్వామి,svāmi,svāmi,,kn: ಅವನು ತುಂಬಾ ದೊಡ್ಡ ರಾಜ ಅವನ ಅಧೀನದಲ್ಲಿ ಅನೇಕ ರಾಜರುಗಳು ಮತ್ತು ರಾಜ್ಯಗಳು ಇದ್ದವು || te: హిందువులలో నాలుగు వర్ణాలలో ఒక వర్ణనికి చెందినవారు,form_similar,,,,
B000631,ಹತ್ತು.,హత్తు.,hattu.,hattu.,,kn: ಸರಿಸುಮಾರು ಹತ್ತು || te: ఏదేని వస్తువును  ఏదేని అంగముతో తడుముట.,form_similar,,,,
B000632,ಹದ್ದು,హద్దు,haddu,haddu,,kn: ಭೇಟೆಯಾಡುವ ಒಂದು ದೊಡ್ಡ ಪಕ್ಷಿ ಅದು ಪ್ರಾಯಶಃ ಸತ್ತಿರುವಂತಹ ಪಶು-ಪಕ್ಷಿಗಳ ಮಾಂಸವನ್ನು ಭಕ್ಷಿಸುತ್ತದೆ/ತಿನ್ನುತ್ತದೆ || te: ఒక పరిమిత స్థానము.,form_similar,,,,
B000633,ಹಲಂತ,హలంత,halaṁta,halaṁta,,kn: ಭಾರತೀಯ ಲಿಪಿಗಳಲ್ಲಿ ಸ್ವರವಿಲ್ಲದೆ ವ್ಯಂಜನಗಳನ್ನು ಬರೆಯಲು ಪ್ರಧಾನ ಚಿಹ್ನೆಯೊಂದಿಗೆ ಸೇರಿಸುವ ಉಪಚಿಹ್ನೆ || te: హల్లుతో అంతమయ్యేది,form_similar,,,,
B000634,ಹಲ್ವಾ,హల్వా,halvā,halvā,,kn: ಹಿಟ್ಟಿನಿಂದ ಮಾಡಿದಂತಹ ಒಂದು ಪ್ರಕಾರದ ತೆಳುವಾದ ಹಲ್ವಾ || te: రవ్వతో చేసే ఒక తీపి పదార్ధం,form_similar,,,,
B000635,ಹಸ್ತಾ,హస్తా,hastā,hastā,,kn: ಚಂದ್ರನು ಹಸ್ತಾ ನಕ್ಷತ್ರಕ್ಕೆ ಬರುವ ಸಮಯ || te: ఇరవై ఏడు నక్షత్రాలలో పదమూడవది,form_similar,,,,
B000636,ಹಾಯಿ,హాయి,hāyi,hāyi,,"kn: ದೋಣಿಯ ಕಂಬಕ್ಕೆ ಕಟ್ಟುವ ಬಟ್ಟೆ ಅಥವಾ ಹರಿಗೋಲು || te: మనుషుల జీవితంలో క్షోభ, ధుఃఖం లేకుంటే వచ్చేది",form_similar,,,,
B000637,ಹಾಲು,హాలు,hālu,hālu,,kn: ಸಸ್ತನಿಗಳ ಮೊಲೆಗಳಿಂದ ಸ್ರವಿಸುವ ಬಿಳಿಯ ದ್ರವ || te: ఇంట్లో విశాలమైన స్థలమున్న గది.,form_similar,,,,
B000638,ಹುಕ್ಕಾ,హుక్కా,hukkā,hukkā,,kn: ತಂಬಾಕನ್ನು ಸೇವಿಸುವ ಒಂದು ವಿಶೇಷ ಪ್ರಕಾರದ ಉಪಕರಣ || te: పూర్వ కాలంలోని రాజులు  పొగ పీల్చడానికి ఉపయోగించే ఒక గొట్టం,form_similar,,,,
B000639,ಹೆಚ್ಚು,హెచ్చు,heccu,heccu,,kn: ಯಾವುದೋ ಒಂದು ಹೆಚ್ಚಿನ ಪ್ರಮಾಣ ಇರುವುದು || te: అధికంగా ఉండుట.,form_similar,,,,
B000640,ಹೋಲ್ಡರ್,హోల్డర్,hōlḍar,hōlḍar,,"kn: ತಾತ್ಕಾಲಕ್ಕೆ ಇಲ್ಲವೇ ನಿಗಧಿತ ಸಮಯದವರೆಗೆ ಒಂದು ವಸ್ತು, ಆಸ್ತಿ ಇಲ್ಲವೇ ವಿಷಯದ ಬಗ್ಗೆ ಸ್ವಾಮಿತ್ವವನ್ನು ಹೊಂದಿದ ವ್ಯಕ್ತಿ || te: బల్బులు పెట్టడానికి ఉపయోగించేది",form_similar,,,,
B000641,ಉತ್ತರಫಾಲ್ಗುಣ_ನಕ್ಷತ್ರ,ఉత్తరఫాల్గుణ_నక్షత్రం,uttaraphālguṇa_nakṣatra,uttaraphālguṇa_nakṣatraṁ,,kn: ಎಪ್ಪತ್ತೇಳು ನಕ್ಷತ್ರಗಳಲ್ಲಿ ಒಂದು || te: చంద్రుడు ఉత్తరఫాల్గున నక్షత్రంలో కి వెళ్లె రోజు,form_similar,,,,
B000642,ಶತಭಿಷ_ನಕ್ಷತ್ರ,శతభిష_నక్షత్రం,śatabhiṣa_nakṣatra,śatabhiṣa_nakṣatraṁ,,kn: ಯಾವ ಕಾಲ ಚಂದ್ರ ಶತಭಿಷ ನಕ್ಷತ್ರದಲ್ಲಿ ಇರುತ್ತಾನೋ || te: ఇరవై ఏడు నక్షత్రాలలో ఇరవై నాలుగవ నక్షత్రం,form_similar,,,,
B000643,ಸ್ತ್ರೀ_ಜನನೇಂದ್ರಿಯ,స్త్రీ_జననేంద్రియం,strī_jananēṁdriya,strī_jananēṁdriyaṁ,,kn: ಹಂಗಸರ ಜನನದ ಗುಹ್ಯ ಭಾಗ || te: స్త్రీలలో ఉండే పిల్లలు పుట్టే అవయవం,form_similar,,,,
B000644,ತ್ರಭುವನಸುಂದರಿ,త్రిభువనసుందరి,trabhuvanasuṁdari,tribhuvanasuṁdari,,kn: ಶಿವನ ಹೆಂಡತಿ || te: సింహాన్ని వాహనంగా కలిగిన దేవత,form_similar,,,,
B000645,ನಿಯಮ_ಉಲ್ಲಂಘನೆ,నియమ_ఉల్లంఘన,niyama:ullaṁghane,niyama:ullaṁghana,,kn: ಯಾವುದೇ ಆಟದ ನಿಯಮಗಳನ್ನು ಉಲ್ಲಂಘನೆ ಮಾಡುವ ಕ್ರಿಯೆ || te: నియమం పాటించకపోవు క్రియా లేదా భావన,form_similar,,,,
B000646,ಅಧಿಕಾರ_ರಹಿತ,అధికార_రహితం,adhikāra_rahita,adhikāra_rahitaṁ,,kn: ಯಾರಿಗೆ ಅಧಿಕಾರವಿಲ್ಲವೋ || te: హక్కు ఉండకపోవడం.,form_similar,,,,
B000647,ಉತ್ತರ_ಫಾಲ್ಗುಣ,ఉత్తర_ఫాల్గుణం,uttara_phālguṇa,uttara_phālguṇaṁ,,kn: ಎಪ್ಪತ್ತೇಳು ನಕ್ಷತ್ರಗಳಲ್ಲಿ ಒಂದು || te: చంద్రుడు ఉత్తరఫాల్గున నక్షత్రంలో కి వెళ్లె రోజు,form_similar,,,,
B000648,ಗೃಹಸ್ಥ_ಆಶ್ರಮ,గృహస్థ_ఆశ్రమీ,gr̥hastha_āśrama,gr̥hastha_āśramī,,kn: ನಾಲ್ಕು ಆಶ್ರಮದಲ್ಲಿ ಎರಡನೇ ಆಶ್ರಮ ಇದರಲ್ಲಿ ಜನರು ಮದುವೆಯಾಗಿ ಮನೆಯ ಜವಾಬ್ದಾರಿಗಳನ್ನು ವಹಿಸಿಕೊಳ್ಳುತ್ತಾರೆ || te: చతుర్విధ ధర్మాలలో ఒకటి,form_similar,,,,
B000649,ಪರ್ವತ_ಶಿಖರ,పర్వత_శిఖరం,parvata_śikhara,parvata_śikharaṁ,,kn: ಬೆಟ್ಟ ಅಥವಾ ಪರ್ವತದ ಎತ್ತರದ ಪ್ರದೇಶ || te: పర్వతం యొక్క మధ్య భాగం,form_similar,,,,
B000650,ಪೌರಾಣಿಕ_ವ್ಯಕ್ತಿ,పౌరాణిక_వ్వక్తి,paurāṇika_vyakti,paurāṇika_vvakti,,kn: ಒಬ್ಬ ವ್ಯಕ್ತಿಯ ವರ್ಣನೆಯನ್ನು ಪುರಾಣ ಅಥವಾ ಧಾರ್ಮಿಕ ಗ್ರಂಥಗಳಲ್ಲಿ ನೋಡಬಹುದು || te: పురాణాలలోని వ్వక్తి,form_similar,,,,
B000651,ವಿಶಾಖನಕ್ಷತ್ರ,విశాఖనక్షత్రం,viśākhanakṣatra,viśākhanakṣatraṁ,,kn: ಎಪ್ಪತ್ತೇಳು ನಕ್ಷತ್ರಗಳಲ್ಲಿ ಹದಿನಾರನೇ ನಕ್ಷತ್ರ || te: ఆంధ్రప్రదేశ్ లోని ఒక ప్రముఖ పట్టణంతో వున్న నక్షత్రం,form_similar,,,,
B000652,ವೈಷ್ಣವ-ಸನ್ಯಾಸಿ,వైష్ణవ_సన్యాసి,vaiṣṇava-sanyāsi,vaiṣṇava_sanyāsi,,kn: ಆ ಸಾಧು ವೈಷ್ಣವ ಸಂಪ್ರದಾಯದ ಅನುಯಾಯಿ || te: విష్ణువును పూజించే సాధువు,form_similar,,,,
B000653,ಸನಾತನ_ಧರ್ಮ,సనాతన_ధర్మం,sanātana_dharma,sanātana_dharmaṁ,,"kn: ಭಾರತೀಯ ಧರ್ಮವು ತುಂಬಾ ಪ್ರಾಚೀನವಾಗಿದ್ದು ಮತ್ತು ಅದರಲ್ಲಿ ದೇವಿ, ದೇವತೆಗಳು, ವೇದ, ಪುರಾಣ ಮುಂತಾದವುಗಳಿಗೆ ತುಂಬಾ ಮಹತ್ವವಿರುವುದು || te: పురాతనమైన ధర్మం",form_similar,,,,
B000654,ಅಕ್ರಮ_ಸಂತಾನ,అక్రమ_సంతానం,akrama_saṁtāna,akrama_saṁtānaṁ,,kn: ಕಾನೂನು ವಿರುದ್ದವಾಗಿ ಹುಟ್ಟಿದ ಮಗು || te: వివాహేతర సంబంధం ద్వారా పుట్టినవాడు/రంకు మగనికి పుట్టినవాడు,form_similar,,,,
B000655,ಅಲಂಕಾರ_ರಹಿತ,అహంకార_రహిత,alaṁkāra_rahita,ahaṁkāra_rahita,,kn: ಯಾವುದೇ ಅಲಂಕಾರ ಇಲ್ಲದೇ ಇರುವಂತಹದ್ದು || te: అభిమానం లేకుండుట,form_similar,,,,
B000656,ಆಶ್ಲೇಷನಕ್ಷತ್ರ,ఆశ్లేషనక్షత్రం,āślēṣanakṣatra,āślēṣanakṣatraṁ,,kn: ರಾಶಿಚಕ್ರದ ಎಪ್ಪತ್ತೇಳು ನಕ್ಷತ್ರಗಳಲ್ಲಿ ಒಂಭತ್ತನೇ ನಕ್ಷತ್ರ || te: ఇరవై ఏడు నక్షత్రాలలో తొమ్మిదవది,form_similar,,,,
B000657,ಉನ್ನತ_ಅಧಿಕಾರ,ఉన్నత_అధికారి,unnata_adhikāra,unnata_adhikāri,,kn: ಯಾರೋ ಒಬ್ಬರಿಗೆ ಉನ್ನತವಾದ ಅಧಿಕಾರ ದೊರೆತಿರುವುದು || te: ఎవరికి హాని చేయని ఉద్యోగి,form_similar,,,,
B000658,ಗ್ರಾಮ-ಪಂಚಾಯಿತಿ,గ్రామపంచాయితి,grāma-paṁcāyiti,grāmapaṁcāyiti,,"kn: ಗ್ರಾಮದಿಂದ ಚುನಾಯಿಸಿದ ಪ್ರತಿನಿಧಿಗಳ ಪಂಚಾಯಿತಿ ಅಥವಾ ಪರಿಷತ್ || te: వివాదములు, గొడవలు రూపుమాపుటకు ఎన్నుకొనే ప్రజల గుంపు",form_similar,,,,
B000659,ಗ್ರಾಮ_ಪಂಚಾಯಿತಿ,గ్రామపంచాయితి,grāma_paṁcāyiti,grāmapaṁcāyiti,,"kn: ಗ್ರಾಮದಿಂದ ಚುನಾಯಿಸಿದ ಪ್ರತಿನಿಧಿಗಳ ಪಂಚಾಯಿತಿ ಅಥವಾ ಪರಿಷತ್ || te: వివాదములు, గొడవలు రూపుమాపుటకు ఎన్నుకొనే ప్రజల గుంపు",form_similar,,,,
B000660,ಪುಷ್ಪಕ_ವಿಮಾನ,పుష్పక_విమానం,puṣpaka_vimāna,puṣpaka_vimānaṁ,,kn: ಪುರಾಣದಲ್ಲಿ ವರ್ಣಿಸಿದ ಒಂದು ವಿಮಾನವನ್ನು ರಾವಣ ಕುಬೇರನಿಂದ ಕಸಿದುಕೊಂಡಿದ್ದ || te: కథలలో వర్ణించబడిన పిల్లల ఊగెడు మంచంలాంటి గాలిలో ఎగిరే కల్పిత వాహనం,form_similar,,,,
B000661,ವಸ್ತು_ವಿನಿಮಯ,వస్తు_వినిమయం,vastu_vinimaya,vastu_vinimayaṁ,,kn: ಒಂದು ವಸ್ತುವನ್ನು ತೆಗೆದುಕೊಂಡು ಬದಲಾಗಿ ಇನ್ನೊಂದು ವಸ್ತುವನ್ನು ನೀಡುವ ಕ್ರಿಯೆ || te: ఒక వస్తువును ఇచ్చి వేరొక వస్తువును తీసుకునే వ్యాపార పద్ధతి,form_similar,,,,
B000662,ಸನ್ನಿಪಾತಜ್ವರ,సన్నిపాతజ్వరం,sannipātajvara,sannipātajvaraṁ,,"kn: ತೀವ್ರವಾದ ಜ್ವರದಿಂದ ಉಂಟಾಗುವ ಅವಸ್ಥೆಯಲ್ಲಿ ಕಫ, ಪಿತ್ತ ಮತ್ತು ವಾತ ಒಂದೇ ಬಾರಿಗೆ ಕೋಪಗೊಂಡು ತುಂಬಾ ಉಗ್ರ ರೂಪವನ್ನು ತಾಳುವುದು || te: ఒక విధమైన జ్వరం",form_similar,,,,
B000663,1000000000000,10000000000000,1000000000000,10000000000000,,kn: ಒಂದರ ಮುಂದೆ ಹನ್ನೆರಡು ಸೊನ್ನೆಗಳನ್ನು ಹಾಕುವುದರಿಂದ ಪ್ರಾತ್ತಿಯಾಗುವ ಸಂಖ್ಯೆ || te: వంద పదివేల కోట్ల సంఖ్య,form_similar,,,,
B000664,1000000000000,౧౦౦౦౦౦౦౦౦౦౦౦౦౦,1000000000000,10000000000000,,kn: ಒಂದರ ಮುಂದೆ ಹನ್ನೆರಡು ಸೊನ್ನೆಗಳನ್ನು ಹಾಕುವುದರಿಂದ ಪ್ರಾತ್ತಿಯಾಗುವ ಸಂಖ್ಯೆ || te: వంద పదివేల కోట్ల సంఖ్య,form_similar,,,,
B000665,ಅನುಮತಿ_ಪತ್ರ,అనుమతి_పత్రం,anumati_patra,anumati_patraṁ,,"kn: ನಮ್ಮ ದೇಶದ ನಿವಾಸಿಗಳು ವಿದೇಶಕ್ಕೆ ಹೋಗಲು ನೀಡಲಾಗುವ ಅನುಮತಿ ಪತ್ರ/ದಸ್ತಾವೇಜು || te: ప్రయాణంలో నిరాటంకముగా పోవుటకు ఇచ్చు అధికారపత్రిక,",form_similar,,,,
B000666,ಕಂಠಾಭರಣ,కంఠాభరణం,kaṁṭhābharaṇa,kaṁṭhābharaṇaṁ,,kn: ಹೆಂಗಸರ ಕೊರಳೊಳಗಿನ ಒಂದು ಆಭರಣ || te: గొంతులో వేసుకునే ఒక ఆభరణం పెద్ద పెద్ద రత్నాలు కలిగి ఉంటుంది,form_similar,,,,
B000667,ಚಿಲ್ಲರೆ_ಅಂಗಡಿ,చిల్లర_అంగడి,cillare_aṁgaḍi,cillara_aṁgaḍi,,kn: ಚಿಕ್ಕ-ಪುಟ್ಟ ಅಥವಾ ಚಿಲ್ಲರೆ ಸಾಮಾನು ಅಥವಾ ಸ್ವಲ್ಪ ಸ್ವಲ್ಪ ಸರಕು ಅಥವಾ ಸಮಾನನ್ನು ಮಾರುವವ || te: చిన్న చిన్న నిత్యావసర వస్తువులు అమ్మే చోటు,form_similar,,,,
B000668,ಧರ್ಮಾವಲಂಭಿ,ధర్మావలంబి,dharmāvalaṁbhi,dharmāvalaṁbi,,"kn: ಅವರು ಯಾವ ಧರ್ಮವನ್ನು ನಂಬುತ್ತಾರೆ || te: ధర్మాన్ని, న్యాయాన్ని నిష్ఠగా ఉంచుకునే వ్యక్తి",form_similar,,,,
B000669,ನಿವಾಸ_ಸ್ಥಾನ,నివాస_స్థానం,nivāsa_sthāna,nivāsa_sthānaṁ,,kn: ಪ್ರಾಣಿ ಅಥವಾ ಮನುಷ್ಯರು ವಾಸಕ್ಕೆ ಯೋಗ್ಯವಾದ ಪ್ರದೇಶ || te: తాత్కాలికంగా నివ్స్సించడానికి ఏర్పాటు చేసిన మకాము,form_similar,,,,
B000670,ಪ್ರತಿಜ್ಞಾಪತ್ರ,ప్రతిజ్ఞాపత్రం,pratijñāpatra,pratijñāpatraṁ,,kn: ಒಂದು ಪತ್ರದ ಮೇಲೆ ಯಾವುದೇ ಪ್ರಕಾರದ ಕಾರಾರು ಮತ್ತು ಅದರ ನಿಯಮಗಳು ಬರೆದಿರುವುದು || te: ప్రమాణ పూర్వకముగా వ్ర్రాసి ఇచ్చుట.,form_similar,,,,
B000671,ಭಿನ್ನ_ಸಂಖ್ಯೆ,భిన్న_సంఖ్య,bhinna_saṁkhye,bhinna_saṁkhya,,kn: ಗಣಿತದಲ್ಲಿ ಒಂದಕ್ಕಿಂತ ಕಡಿಮೆ ಅಥವಾ ಯಾವುದೇ ಭಾಗ ಅದರ ಸೂಚನೆ ನೀಡುವ ಸಂಖ್ಯೆ || te: దేనితోనూ భాగించబడనివి,form_similar,,,,
B000672,ಭೂಮಧ್ಯರೇಖೆ,భూమధ్యరేఖ,bhūmadhyarēkhe,bhūmadhyarēkha,,kn: ಭೂಮಧ್ಯರೇಖೆಯ ಅಥವಾ ಭೂಮಧ್ಯರೇಖೆಗೆ ಸಂಬಂಧಿಸಿದ || te: 0 డిగ్రీల రేఖాంశము,form_similar,,,,
B000673,ಯಥಾರ್ಥವಾದ,యథార్థవాదం,yathārthavāda,yathārthavādaṁ,,kn: ಯಾವುದೇ ರೀತಿಯ ನೆಪ ಮತ್ತು ಕಾರಣ ನೀಡದೆ ನೇರವಾದ ಇರುವ || te: భౌతిక జగత్తు యొక్క ఉనికి మరియు ఇతర జ్ఞానము భౌతికతత్వాలతో కూడుకొని ఉంటుంది,form_similar,,,,
B000674,ಯೋಗ್ಯತಾ_ಪತ್ರ,యోగ్యతా_పత్రం,yōgyatā_patra,yōgyatā_patraṁ,,kn: ಯಾವುದೋ ಒಂದು ಪತ್ರದಲ್ಲಿ ಯಾರೋ ಒಬ್ಬರ ವಿವರ ಬರೆದಿದ್ದು ವಿಶೇಷವಾಗಿ ಅವರ ಭಾವಚಿತ್ರ ಸಹ ಇರುತ್ತದೆ || te: రూఢి పత్రము పొందుట.,form_similar,,,,
B000675,ವಸಂತ_ಪಕ್ಷಿ,వసంత_పక్షి.,vasaṁta_pakṣi,vasaṁta_pakṣi.,,kn: ಕಪ್ಪ ಬಣ್ಣದ ಹಕ್ಕಿಯ ಧ್ವನಿ ಮಧುರವಾಗಿರುವುದು || te: ఒక రకమైన పక్షి శరీరం పచ్చరంగులో గొంతుభాగం ఎరుపు రంగులో వుంటుంది,form_similar,,,,
B000676,ವೈದ್ಯ_ಶಾಸ್ತ್ರ,వైద్య_శాస్త్రం,vaidya_śāstra,vaidya_śāstraṁ,,kn: ವೈದ್ಯ ಶಾಸ್ತ್ರಕ್ಕೆ ಸಂಬಂಧಿಸಿದಂತಹ || te: చికిత్సకు సంబంధించిన విజ్ఞానము.,form_similar,,,,
B000677,ವೈಸ್_ಪ್ರಸಿಡೆಂಟ್,వైస్_ప్రెసిడెంట్,vais_prasiḍeṁṭ,vais_presiḍeṁṭ,,"kn: ರಾಷ್ಟ್ರಪತಿಯವರ ಅನುಪಸ್ಥಿಯಲ್ಲಿ ಆಡಳಿತವನ್ನು ನಡೆಸುವ  ಮತ್ತು ಅವರ ಕೆಲಸದಲ್ಲಿ ಸಹಾಯಕರಾಗಿ ಕೆಲಸಮಾಡುವ ಅಧಿಕಾರವನ್ನು ಪಡೆದಿರುವ ಹುದ್ದೆ || te: ఏదేని సంస్థ యొక్క అధికారి వీరి పదవి సభాపతి తరువాత లేక అంతకంటే చిన్న, మంత్రి కన్నా పెద్దదౌతుంది.",form_similar,,,,
B000678,ಶ್ರವಣೇಂದ್ರಿಯ,శ్రవణేంద్రియం,śravaṇēṁdriya,śravaṇēṁdriyaṁ,,kn: ಆ ಇಂದ್ರೀಯದಿಂದ ಶಬ್ದ ಕೇಳಿಸುವುದು || te: పంచేంద్రియాల్లో వినికిడికి సంబంధించిన,form_similar,,,,
B000679,ಸಂಗ್ರಹ-ಕರ್ತ,సంగ్రహకర్త,saṁgraha-karta,saṁgrahakarta,,kn: ಸಂಗ್ರಹ ಮಾಡುವವ || te: వస్తువుల యొక్క యజమాని,form_similar,,,,
B000680,ಸಂಗ್ರಹ_ಕರ್ತ,సంగ్రహకర్త,saṁgraha_karta,saṁgrahakarta,,kn: ಸಂಗ್ರಹ ಮಾಡುವವ || te: వస్తువుల యొక్క యజమాని,form_similar,,,,
B000681,ಸೌಂದರ್ಯವತಿ,సౌందర్యవతి.,sauṁdaryavati,sauṁdaryavati.,,kn: ಯಾರನ್ನಾದರೂ ಆಕರ್ಷಿಸುವಂತಹ ಸುಂದರವಾದ ದೇಹಪ್ರಕೃತಿಯನ್ನು ಹೊಂದಿದ ಹೆಂಗಸು || te: సురూపం కలది,form_similar,,,,
B000682,ಸ್ಥಿರ-ಮನಸ್ಸು,స్థిరమనస్సు,sthira-manassu,sthiramanassu,,kn: ಯಾರೋ ಒಬ್ಬರ ಮನಸ್ಸು ಅಥವಾ ದ್ಯಾನ ಯಾವುದೋ ಒಂದನ್ನು ಕೇಂದ್ರಿಕರಿಸಿರುವ ಅಥವಾ ಬಹಳಷ್ಟು ಪ್ರಯತ್ನದಿಂದ ಯಾವುದೋ ಒಂದು ಕೆಲಸ ಅಥವಾ ಮಾತಿನಲ್ಲಿ ತಲ್ಲೀನನಾಗಿರುವ || te: స్థిరచింతనతో.,form_similar,,,,
B000683,ಹಸ್ತನಕ್ಷತ್ರ,హస్తనక్షత్రం,hastanakṣatra,hastanakṣatraṁ,,kn: ಎಪ್ಪತ್ತೇಳು ನಕ್ಷತ್ರಗಳಲ್ಲಿ ಹದಿಮೂರನೇ ನಕ್ಷತ್ರ || te: చిత్త నక్షత్రం ముందు వచ్చే నక్షత్రం,form_similar,,,,
B000684,1000000000000,100000000000,1000000000000,100000000000,,kn: ಒಂದರ ಮುಂದೆ ಹನ್ನೆರಡು ಸೊನ್ನೆಗಳನ್ನು ಹಾಕುವುದರಿಂದ ಪ್ರಾತ್ತಿಯಾಗುವ ಸಂಖ್ಯೆ || te: నూరు కోట్లు,form_similar,,,,
B000685,ಅಧಿಕಾರ_ಹೀನ,అధికారహీన,adhikāra_hīna,adhikārahīna,,kn: ಯಾರಿಗೆ ಅಧಿಕಾರವಿಲ್ಲವೋ || te: అధికారం తక్కువ లేక లేకుండుట,form_similar,,,,
B000686,ಅಧಿಕಾರಹೀನ,అధికారహీనం,adhikārahīna,adhikārahīnaṁ,,kn: ಯಾರಿಗೆ ಅಧಿಕಾರವಿಲ್ಲವೋ || te: హక్కు ఉండకపోవడం.,form_similar,,,,
B000687,ಅರ್ಥವಿವರಣೆ,అర్థవివరణ,arthavivaraṇe,arthavivaraṇa,,"kn: ಯಾವುದಾದರೂ ಶಬ್ದ, ಪದದ ಅರ್ಥ ಅಥವಾ ಭಾವ ವ್ಯಕ್ತಪಡಿಸುವ ಸ್ಪಷ್ಟ ಚಿತ್ರಣ || te: ఏదైన కష్తమైన వాక్యాలు మొదలైనవాటికి అర్థాన్ని స్పష్టీకరణ చేయడం.",form_similar,,,,
B000688,ಅಸ್ಥಿಪಂಜರ,అస్థిపంజరం,asthipaṁjara,asthipaṁjaraṁ,,kn: ಶರೀರದಲ್ಲಿನ ಮೂಳೆಯ ರಚನೆ || te: పొత్తి కడుపు చుట్టూ ఉన్న అస్ధిపంజరం.,form_similar,,,,
B000689,ಆತ್ಮಸಮರ್ಪಣೆ,ఆత్మసమర్పణ,ātmasamarpaṇe,ātmasamarpaṇa,,"kn: ಯುದ್ಧ, ವಿವಾದ ಮುಂತಾದವುಗಳನ್ನು ಮುಗಿಸಲು ನಮ್ಮಷ್ಟಕ್ಕೆ ನಾವು ಶತ್ರು ಅಥವಾ ವಿಪಕ್ಷದವರಿಗೆ ಶರಣಾಗುವ ಕ್ರಿಯೆ || te: దేవుని పట్ల నమ్మకం",form_similar,,,,
B000690,ಉನ್ನತ_ಪದವಿ,ఉన్నతపదవి,unnata_padavi,unnatapadavi,,kn: ಉನ್ನತ ಹುದ್ದೆಯಲ್ಲಿರುವ || te: ఉన్నపదవి నుంచి పెద్దపదవి.,form_similar,,,,
B000691,ಕರ್ಣಕುಂಡಲ,కర్ణకుండలం,karṇakuṁḍala,karṇakuṁḍalaṁ,,kn: ಕಿವಿಗಳಲ್ಲಿ ಧರಿಸುವಂಥ ಒಂದು ಆಭರಣ || te: చెవికి ధరించే ఒక పెద్ద గుండ్రటి ఆభరణం,form_similar,,,,
B000692,ಕ್ರೌಂಚಪಕ್ಷಿ,క్రౌంచపక్షి.,krauṁcapakṣi,krauṁcapakṣi.,,kn: ಜಲಾಶಯದ ದಡದಲ್ಲಿ ಇರುವಂತಹ ಒಂದು ಪ್ರಕಾರದ ಪಕ್ಷಿ || te: శరీర కింది భాగం తెల్లగా వున్న ఒక జల పక్షి,form_similar,,,,
B000693,ಗ್ರಹಣ_ಶಕ್ತಿ,గ్రహణశక్తి,grahaṇa_śakti,grahaṇaśakti,,"kn: ಸ್ಥಿತಿ, ಬುದ್ಧಿ, ಉದ್ಯೋಗ ಮೊದಲಾದವುಗಳ ಗಡಿ ಅಥವಾ ಸೀಮೆ || te: గ్రహించుకోగల సామర్ధ్యం లేదా భావన",form_similar,,,,
B000694,ಪರಮಾಣುವಿನ,పరమాణువైన,paramāṇuvina,paramāṇuvaina,,kn: ಪರಮಾಣುವಿಗೆ ಸಂಬಂಧಿಸಿದ ಅಥವಾ ಪರಮಾಣುವಿನ || te: బాంబు యొక్క గుణం,form_similar,,,,
B000695,ಪರಿಭ್ರಮಣ,పరిభ్రమణం,paribhramaṇa,paribhramaṇaṁ,,"kn: ನಿರ್ಣಯಿಸಿದ ಅಥವಾ ನಿಯಮಿತವಾಗಿ ಮತ್ತು ಬಹುಷ್ಯ ವೃತ್ತಾ ಕಾರದ ಮಾರ್ಗದಲ್ಲಿ ಹಲವಾರು ವಸ್ತುಗಳು ವಿಶೇಷವಾಗಿ ನಕ್ಷತ್ರ ಚಲಿಸುವುದು, ತಿರುಗುವುದು ಅಥವಾ ಸುತ್ತುವುದು || te: నాలుగువైపుల తిరగడం.",form_similar,,,,
B000696,ಪುನರುಚ್ಚರಣೆ,పునరుచ్చరణ,punaruccaraṇe,punaruccaraṇa,,kn: ಯಾವುದಾದರೂ ವಿಷಯವನ್ನು ಮತ್ತೆ-ಮತ್ತೆ ಅಭ್ಯಸಿಸುವುದು || te: చెప్పినదే మరల చెప్పుట.,form_similar,,,,
B000697,ಪ್ರತಿಷ್ಠಾಪನ,ప్రతిష్టాపన,pratiṣṭhāpana,pratiṣṭāpana,,kn: ಪವಿತ್ರವೆನಿಸುವ ಮೂರ್ತಿ ಮತ್ತಿತರ ವಸ್ತುಗಳನ್ನು ಒಂದು ಸ್ಥಳದಲ್ಲಿ ಇರಿಸುವ ಕಾರ್ಯ || te: దేవతా విగ్రహాలను మంత్రపూర్వకంగా స్థాపించడం లేదా శాశ్వతంగా నిలపడం,form_similar,,,,
B000698,ಭೌತಿಕವಾದ,భౌతికవాదం,bhautikavāda,bhautikavādaṁ,,kn: ಚೇತನರಹಿತವಾದ ಅಥವಾ ಜೀವವಿರದ || te: భౌతిక జగత్తు యొక్క ఉనికి మరియు ఇతర జ్ఞానము భౌతికతత్వాలతో కూడుకొని ఉంటుంది,form_similar,,,,
B000699,ಮಂಗಳಸೂತ್ರ,మంగళసూత్రం,maṁgaḷasūtra,maṁgaḷasūtraṁ,,kn: ಒಂದು ಆಭರಣ ಅದು ವಿವಾಹಿತೆ ತನ್ನ ಕೊರಳಲ್ಲಿ ಧರಿಸುತ್ತಾಳೆ ಮತ್ತು ಅದು ಸೌಭಾಗ್ಯದ ಸೂಚಕ ಎಂದು ನಂಬಲಾಗುತ್ತದೆ || te: పెళ్ళికి మెడలో కట్టేది,form_similar,,,,
B000700,ಮಾರ್ಗದರ್ಶಕ,మార్గదర్శకం,mārgadarśaka,mārgadarśakaṁ,,kn: ಯಾವುದೇ ಗುಂಪು ಅಥವಾ ಸಮೂಹವನ್ನು ಮುನ್ನಡೆಸಬಹುದಾದ ದಾರಿಯನ್ನು ಸೂಚಿಸಬಹುದಾದವರು || te: మంచి దారి చూపేది,form_similar,,,,
B000701,ಲೌಕಿಕ-ಪ್ರೇಮ,లౌకికప్రేమ,laukika-prēma,laukikaprēma,,kn: ಇಬ್ಬರು ಪ್ರೇಮಿಗಳ ನಡುವಿನ ಸಂಬಂಧ || te: మానవుల మధ్య కలిగిన ప్రేమానుబంధాలు,form_similar,,,,
B000702,ಲೌಕಿಕ_ಪ್ರೇಮ,లౌకికప్రేమ,laukika_prēma,laukikaprēma,,kn: ಇಬ್ಬರು ಪ್ರೇಮಿಗಳ ನಡುವಿನ ಸಂಬಂಧ || te: మానవుల మధ్య కలిగిన ప్రేమానుబంధాలు,form_similar,,,,
B000703,ವಾಸ್ತವಿಕವಾದ,వాస్తవికవాది,vāstavikavāda,vāstavikavādi,,kn: ಯಾವುದೇ ಸಂಗತಿಯು ವಾಸ್ತವ ಜಗತ್ತಿನಲ್ಲಿ ನಡೆಯುವಂತಹದ್ದು || te: వాస్తవిక వాదాన్ని అనుసరించేవాడు,form_similar,,,,
B000704,ಶುಭ_ಸಮಯ,శుభ_సమయం,śubha_samaya,śubha_samayaṁ,,kn: ನಿರ್ದಿಷ್ಟವಾದ ಕ್ಷಣ ಅಥವಾ ಸಮಯ || te: పగలు-రాత్రిలో మూడవ భాగం,form_similar,,,,
B000705,ಸರ್ವಂತರ್ಯಾಮಿ,సర్వాంతర్యామి,sarvaṁtaryāmi,sarvāṁtaryāmi,,"kn: ಸಹೃದಯಿ, ಧರ್ಮಿ ಮತ್ತು ಯಾವಾಗಲೂ ಬೇರೆಯರಿಗೆ ಸಹಾಯಮಾಡುವಂತಹ ವ್ಯಕ್ತಿ || te: ధర్మగ్రంధం ప్రకారం సృష్టిని సృష్టించి తన అదుపాజ్ఞలలో పెట్టుకునేవాడు",form_similar,,,,
B000706,ಸಾಕಾರ_ಬ್ರಹ್ಮ,సాకారబ్రహ్మ,sākāra_brahma,sākārabrahma,,"kn: ಸತ್ವ, ರಜಸ್ಸು ಮತ್ತು ತಮೋ ಈ ಮೂರುಗಳಿಂದ ಯುಕ್ತನಾಗಿರುವ ಪರಮಾತ್ಮನ ರೂಪ || te: సత్వము, రజస్సు, తమోగుణం ఈ మూడు గుణాలతోకూడిన",form_similar,,,,
B000707,ಸುಖಾನುಭವ,సుఖానుభవం,sukhānubhava,sukhānubhavaṁ,,kn: ಆ ಅನುಭವ ಸುಖವನ್ನು ನೀಡುವಂತಹದ್ದಾಗಿರುತ್ತದೆ || te: భోగలాలసను అనుభవించే వ్యవహారం,form_similar,,,,
B000708,ಹಸ್ತಲಾಘವ,హస్తలాఘవం,hastalāghava,hastalāghavaṁ,,kn: ಕೈಯನ್ನು ಕುಲುಕುವ ಕ್ರಿಯೆ || te: చేతిలో ఉండే నైపుణ్యమైన పని,form_similar,,,,
B000709,00000000000,100000000000,00000000000,100000000000,,kn: ಒಂದರ ಮುಂದೆ ಹನ್ನೆರಡು ಸೊನ್ನೆಗಳನ್ನು ಹಾಕುವುದರಿಂದ ಪ್ರಾತ್ತಿಯಾಗುವ ಸಂಖ್ಯೆ || te: నూరు కోట్లు,form_similar,,,,
B000710,ಅಂತಃಕರಣ,అంతఃకరణం,aṁtaḥkaraṇa,aṁtaḥkaraṇaṁ,,"kn: ಮನುಷ್ಯನೊಳಗಿನ ಅಂತರ್ಗತವಾದ ಮನಸ್ಸಿನ ಒಂದು ಭಾವ || te: అనుభవం, సంకల్పం, కోరిక, ఆలోచన కలిగించే మనిషిలోని శక్తి.",form_similar,,,,
B000711,ಅಗ್ನಿಪರ್ವತ,అగ్నిపర్వతం,agniparvata,agniparvataṁ,,"kn: ಆ ಪರ್ವತ ಶಿಖರದ ತುದಿಯಿಂದ ಹೊಗೆ, ಬೂದಿ ಬೆಂಕಿ ಮೊದಲಾದ ಪದಾರ್ಥಗಳು ನೀರಾಗಿ ಆಗಿಂದಾಗೆ ಹೊರಬರುತ್ತದೆ || te: భూమి లోపలి ఉష్ణము లావా రూపములో  వెలువడుట.",form_similar,,,,
B000712,ಅತ್ಯವಶ್ಯಕ,అత్యవశ్యకం,atyavaśyaka,atyavaśyakaṁ,,kn: ಹೆಚ್ಚು ಅಗತ್ಯವಿರುವಿಕೆ || te: అకస్మాతుగా జరిగే సంఘటనలు.,form_similar,,,,
B000713,ಅನುಪಸ್ಥಿತ,అనుపస్థితం,anupasthita,anupasthitaṁ,,kn: ನಿರ್ದಿಷ್ಟ ಸಮಯ ಮತ್ತು ಸ್ಥಳದಲ್ಲಿ ವ್ಯಕ್ತಿ ಮತ್ತು ವಸ್ತು ಸಂಗತಿಗಳು ಇಲ್ಲದಿರುವುದು || te: భూతాలు మరియు దయ్యాల పై నమ్మకం లేని,form_similar,,,,
B000714,ಅಭಿಯಂತ್ರಣ,అభిమంత్రణ,abhiyaṁtraṇa,abhimaṁtraṇa,,kn: ಯಾವುದೇ ಬಗೆಯ ನಿರ್ಮಾಣ ಕಾರ್ಯವನ್ನು ನೋಡಿಕೊಳ್ಳುವ ಕೆಲಸ || te: మంత్రం చదివి శుధ్ధి చేయుట,form_similar,,,,
B000715,ಅಶುಭ_ವಾರ,అశుభ_వార్త,aśubha_vāra,aśubha_vārta,,"kn: ಯಾವುದಾದರು ವ್ಯಕ್ತಿ ವಿಶೇಷ ಅಥವಾ ಕೆಲಸ ಮಾಡುವುದಕ್ಕೆ ಅಶುಭ ಎಂದು ನಂಬುವಂತಹ ದಿನ || te: ఇది ఒక వార్త, ఇది మంచితో కూడుకొన్నది",form_similar,,,,
B000716,ಆತ್ಮಗೌರವ,ఆత్మగౌరవం,ātmagaurava,ātmagauravaṁ,,kn: ಆತ್ಮಗೌರವದ ಅವಸ್ಥೆ ಅಥವಾ ಭಾವ || te: వ్యక్తిగత ప్రతిష్ఠ లేక అభిమానం.,form_similar,,,,
B000717,ಆತ್ಮವಿಶ್ವಾಸ,ఆత్మవిశ్వాసం,ātmaviśvāsa,ātmaviśvāsaṁ,,kn: ತನ್ನ ಮೇಲೆ ತಾನಿಟ್ಟಿರುವ ವಿಶ್ವಾಸ || te: తనపైన తనకు నమ్మకం కలిగి ఉండుట.,form_similar,,,,
B000718,ಉತ್ತರ-ಫಾಲ್ಗುಣ_ನಕ್ಷತ್ರ,ఉత్తరఫాల్గుణ_నక్షత్రం,uttara-phālguṇa_nakṣatra,uttaraphālguṇa_nakṣatraṁ,,kn: ಎಪ್ಪತ್ತೇಳು ನಕ್ಷತ್ರಗಳಲ್ಲಿ ಒಂದು || te: చంద్రుడు ఉత్తరఫాల్గున నక్షత్రంలో కి వెళ్లె రోజు,form_similar,,,,
B000719,ಉತ್ತರ_ಫಾಲ್ಗುಣ_ನಕ್ಷತ್ರ,ఉత్తరఫాల్గుణ_నక్షత్రం,uttara_phālguṇa_nakṣatra,uttaraphālguṇa_nakṣatraṁ,,kn: ಎಪ್ಪತ್ತೇಳು ನಕ್ಷತ್ರಗಳಲ್ಲಿ ಒಂದು || te: చంద్రుడు ఉత్తరఫాల్గున నక్షత్రంలో కి వెళ్లె రోజు,form_similar,,,,
B000720,ಏಕಾಭಿಪ್ರಾಯ,ఏకాభిప్రాయం,ēkābhiprāya,ēkābhiprāyaṁ,,kn: ಯಾವುದಾದರೂ ಒಂದು ಸಂಗತಿಗೆ ಎಲ್ಲರೂ ಒಂದೇ ಅಭಿಪ್ರಾಯವನ್ನು ಸೂಚಿಸುವುದು || te: అందరూ అంగీకరించే భావన.,form_similar,,,,
B000721,ಕಾರ್ಯಾರಂಭ,కార్యారంభం,kāryāraṁbha,kāryāraṁbhaṁ,,kn: ಯಾವುದಾದರು ಕೆಲಸ ಆರಂಭವಾಗುವಿಕೆ || te: కార్యం యొక్క ఆరంభం,form_similar,,,,
B000722,ಗಮ್ಯಸ್ಥಾನ,గమ్యస్థానం,gamyasthāna,gamyasthānaṁ,,"kn: ಯಾತ್ರೆ, ಓಟ ಮುಂತಾದವುಗಳಲ್ಲಿ ಕೊನೆಯಲ್ಲಿ ಸೇರುವ ಸ್ಥಳ || te: చేరుకోవలసిన స్థలము",form_similar,,,,
B000723,ಚರಣಾಮೃತ,చరణామృతం,caraṇāmr̥ta,caraṇāmr̥taṁ,,"kn: ಪೂಜ್ಯ ವ್ಯಕ್ತಿಗಳ ಚರಣವನ್ನು ತೊಳೆದ ನೀರು || te: పాలు, పెరుగు, నెయ్యు, అరటిపండు మొదలగువాటితో నైవేద్యానికి చేసేది",form_similar,,,,
B000724,ಜನುಮ_ಭೂಮಿ,జన్మ_భూమి,januma_bhūmi,janma_bhūmi,,kn: ಯಾರೋ ಒಬ್ಬರು ಹುಟ್ಟಿದ ಸ್ಥಾನದಲ್ಲಿ ಜನ್ಮಸಿರುವರು || te: ఏ స్థానములో ఐతే పుట్టి ఉంటారో.,form_similar,,,,
B000725,ಜಲತರಂಗ,జలతరంగం,jalataraṁga,jalataraṁgaṁ,,"kn: ನದಿ, ಸಮುದ್ರ ಮೊದಲಾದವುಗಳಲ್ಲಿ ಸ್ವಲ್ಪ ದೂರದವರೆಗೆ ಹೋಗಿ ಮೇಲಕ್ಕೆ ಎದ್ದು ಮತ್ತೆ ಕೆಳಗೆ ಇಳಿಯುವ ಜಲರಾಶಿ ಅದು ಮುಂದೆ ಮುಂದೆ ಸಾಗುತ್ತಿರುವ ಹಾಗೆ ಕಾಣುತ್ತದೆ || te: వివిధ పరిణామాలలో చేయబడిన ఇత్తడి లేదా పింగాణి పాత్రలలో నీటిని పోసి క్రమబద్ధంగా వాయించే వాద్యం",form_similar,,,,
B000726,ಜಲಪ್ರವಾಹ,జలప్రవాహం,jalapravāha,jalapravāhaṁ,,kn: ನೀರಿನ ಪ್ರವಾಹ || te: కాలువలలో జరిగే ప్రవాహం,form_similar,,,,
B000727,ದಿವ್ಯ-ದೃಷ್ಟಿ,దివ్యదృష్టి,divya-dr̥ṣṭi,divyadr̥ṣṭi,,kn: ಆ ಮಾನಸಿಕ ಶಕ್ತಿಯಿಂದ ವ್ಯಕ್ತಿಯ ಗುಪ್ತ ರಹಸ್ಯವನ್ನು ತಿಳಿಯ ಬಹುದು || te: మనసుతో చూచేవాడు,form_similar,,,,
B000728,ದಿವ್ಯ_ದೃಷ್ಟಿ,దివ్యదృష్టి,divya_dr̥ṣṭi,divyadr̥ṣṭi,,kn: ಆ ಮಾನಸಿಕ ಶಕ್ತಿಯಿಂದ ವ್ಯಕ್ತಿಯ ಗುಪ್ತ ರಹಸ್ಯವನ್ನು ತಿಳಿಯ ಬಹುದು || te: మనసుతో చూచేవాడు,form_similar,,,,
B000729,ದೃಶ್ಯಕಾವ್ಯ,దృశ్యకావ్యం,dr̥śyakāvya,dr̥śyakāvyaṁ,,"kn: ಅವನ ರಚನೆಯಿಂದ ರಂಗಮಂಟದಲ್ಲಿ ಪಾತ್ರಧಾರಿಗಳ ಹಾವಭಾವ, ಕಥೋಪಥನ ಮೊದಲಾದವುಗಳ ಮುಖಾಂತರವಾಗ ಪ್ರದರ್ಶನವಾಗುವಂತದ್ದು || te: ఒక కావ్యం దీనిని అభినయంతో చేస్తారు",form_similar,,,,
B000730,ಧರ್ಮಕರ್ತ,ధర్మకర్త.,dharmakarta,dharmakarta.,,kn: ಪುಣ್ಯ ಮಾಡುವ ಅಥವಾ ಪುಣ್ಯ ಮಾಡುತ್ತಿರುವ || te: ఒక వ్యక్తి యొక్క అధీనములో సంస్థ యొక్క సంపద లేక  ఆస్థి ఉండుట.,form_similar,,,,
B000731,ಧರ್ಮನಿಷ್ಟ,ధర్మనిష్ఠ,dharmaniṣṭa,dharmaniṣṭha,,kn: ಧರ್ಮದ ಬಗ್ಗೆ ನಿಷ್ಠೆಯನ್ನು ಇಟ್ಟು ಕೊಂಡಿರುವಂತಹ ವ್ಯಕ್ತಿ || te: ధార్మిక పనులయందు నిష్ఠకలిగిన వాడు,form_similar,,,,
B000732,ಧರ್ಮನಿಷ್ಠೆ,ధర్మనిష్ఠ,dharmaniṣṭhe,dharmaniṣṭha,,kn: ಧರ್ಮಶೀಲತೆಯುಂಟಾಗುವ ಅವಸ್ಥೆ ಅಥವಾ ಭಾವ || te: ధార్మిక పనులయందు నిష్ఠకలిగిన వాడు,form_similar,,,,
B000733,ಧರ್ಮಶಾಸ್ತ್ರ,ధర్మశాస్త్రి,dharmaśāstra,dharmaśāstri,,"kn: ಜನ-ಸಾಧಾರಣರ ಹಿತಕ್ಕಾಗಿ ವಿಧಾನ/ವಿಚಾರ, ಆಚರಣೆಗಳನ್ನು ಹೇಳುವಂತಹ ಧಾರ್ಮಿಕವಾದ ಗ್ರಂಥ || te: ధర్మ గ్రంధాలు తెలిసిన వ్యక్తి",form_similar,,,,
B000734,ನಂದನವನ,నందనవనం,naṁdanavana,naṁdanavanaṁ,,"kn: ಆ ಜಾಗದಲ್ಲಿ ಹಣ್ಣು-ಹೂಗಳು ಅಥವಾ ಸುಂದರವಾದ ಗಿಡ, ವೃಕ್ಷ ಮುಂತಾದವುಗಳನ್ನು ಹಾಕಲಾಗಿದೆ/ಬೆಳಸಲಾಗಿದೆ || te: ఇంద్రుడు విహరించే వనం",form_similar,,,,
B000735,ನಾಟಕರಂಗ,నాటకరంగం,nāṭakaraṁga,nāṭakaraṁgaṁ,,"kn: ರಂಗ, ಘಟನಸ್ಥಾನ, ಯಾವುದೇ ಘಟನೆಯು ನಡೆಯುವ ಸ್ಥಳ || te: నాయిక, నాయుకుడు అభినయించు చోటు",form_similar,,,,
B000736,ನಾಸ್ತಿಕವಾದ,నాస్తికవాదం,nāstikavāda,nāstikavādaṁ,,kn: ವೇದ ಈಶ್ವರ ಮತ್ತು ಪರಲೋಕ ಮುಂತಾದವುಗಳಲ್ಲಿ ನಂಬಿಕೆ ಇಲ್ಲದಿರುವ ಮನಸ್ಥಿತಿ || te: దేవున్ని నమ్మని సిద్థాంతం.,form_similar,,,,
B000737,ನ್ಯಾಯಶಾಸ್ತ್ರ,న్యాయశాస్త్రం,nyāyaśāstra,nyāyaśāstraṁ,,kn: ಹಲವಾರು ವ್ಯಕ್ತಿಗಳಲ್ಲಿ ಒಬ್ಬ ವ್ಯಕ್ತಿ ಅಥವಾ ಶಾಸ್ತ್ರದಲ್ಲಿ ಯಾವುದೇ ವಸ್ತುಗಳ ಯಥಾರ್ಥ ಜ್ಞಾನ ಪಡಿಯಲು ಮತ ಅಥವಾ ವಿಚಾರಗಳ ಸರಿಯಾಗಿ ವಿವೇಚನೆ ಮಾಡಬೇಕು || te: ధర్మాన్ని అనుసరించి తప్పులను తెలిపే శాస్త్రం.,form_similar,,,,
B000738,ನ್ಯಾಯಸ್ಥಾನ,న్యాయస్థానం,nyāyasthāna,nyāyasthānaṁ,,kn: ಸರ್ಕಾರಿ ನ್ಯಾಯಾಲಯದ ನ್ಯಾಯಕರ್ತರುಗಳ ಈ ಸಮೂಹ ಇದು ಮೊಕದ್ದಮೆಗಳ ತೀರ್ಮಾನವನ್ನು ಹೇಳುತ್ತದೆ || te: ఈ ప్రదేశంలో ప్రభుత్వ తరపు నుండి నియమించబడిన న్యాయమూర్తులు వాదనలు విని  న్యాయం చేస్తారు.,form_similar,,,,
B000739,ಪಟ್ಟಣ_ವಾಸಿ,పట్టణవాసి,paṭṭaṇa_vāsi,paṭṭaṇavāsi,,kn: ನಗರ ಅಥವಾ ಪಟ್ಟಣದಲ್ಲಿ ವಾಸಿಸುವಿಕೆ || te: పట్టణాల్లో నివాసం ఉండే వ్యక్తి,form_similar,,,,
B000740,ಪರಿಕ್ರಮಣ,పరిక్రమణం,parikramaṇa,parikramaṇaṁ,,kn: ತಿರು ತಿರುಗಿ ಬಂದು ಹೋಗುವ ಕ್ರಿಯೆ || te: నాలుగువైపుల తిరగడం.,form_similar,,,,
B000741,ಪರಿಶುದ್ಧತೆ,పరిశుద్ధత,pariśuddhate,pariśuddhata,,kn: ಯಾವುದೇ ಪ್ರಕಾರದ ಅಶುದ್ಧತೆ ಇಲ್ಲದಂತಹ ಸ್ಥಿತಿ || te: పాపహీనమయ్యే స్థితి లేక భావము.,form_similar,,,,
B000742,ಪುನರ್ವಿವಾಹ,పునర్వివాహం,punarvivāha,punarvivāhaṁ,,kn: ಯಾವುದಾದರು ಸ್ತ್ರೀ ಪತಿಯನ್ನು ಬಿಟ್ಟಿರುವ ಅಥವಾ ವಿವಾಹ ವಿಚ್ಛೇದನವನ್ನು ಪಡೆದ ಅಥವಾ ಪತಿಯ ಮರಣದ ನಂತರ ಆಗುವಂತಹ ಎರಡನೆಯ ವಿವಾಹ || te: భర్త చనిపొయిన  తర్వాత మళ్ళి పెళ్లి చేసుకొవడం,form_similar,,,,
B000743,ಪುಷ್ಪಗುಚ್ಛ,పుష్పగుచ్ఛం,puṣpaguccha,puṣpagucchaṁ,,kn: ಹೂಗಳಿಂದ ತುಂಬಿರುವಂತಹ ಅಂಜಲಿ ಅಥವಾ ಗುಚ್ಛ ಅದನ್ನು ದೇವರು ಅಥವಾ ಮಹಾನ್ ವ್ಯಕ್ತಿಗಳಿಗೆ ಅರ್ಪಿಸಲಾಗುತ್ತದೆ || te: కొన్ని కాడలున్న పువ్వుల్ని దగ్గరచేర్చి పట్టుకోవడానికి వీలుగా దారంతో కట్టిన గుచ్ఛం.,form_similar,,,,
B000744,ಪೋಲಿಸ್_ಸ್ಟೇಷನ್,పోలీస్_స్టేషన్,pōlis_sṭēṣan,pōlīs_sṭēṣan,,kn: ಚಾವಡಿ ಪೊಲೀಸು ದಳದ ಸ್ಥಳೀಯ ಕಚೇರಿ || te: దొంగలను ఉంచు స్థలం,form_similar,,,,
B000745,ಪ್ರತಿಬಂಧ,ప్రతిబంధం,pratibaṁdha,pratibaṁdhaṁ,,kn: ಮನೋಭಾವ ಮೊದಲಾದವುಗಳನ್ನು ನಿಯಂತ್ರಣದಲ್ಲಿ ಇಟ್ಟುಕೊಳ್ಳುವ ಕ್ರಿಯೆ || te: ఏదైన పని చేయు సమయంలో కలిగే బాధ.,form_similar,,,,
B000746,ಬಾಲಾಪರಾಧ,బాలాపరాధం,bālāparādha,bālāparādhaṁ,,kn: ಯಾವುದೇ ಕೆಲಸವನ್ನು ವಿಧಿ ಅಥವಾ ವಿಧಾನದ ವಿರುದ್ಧವಾಗಿ ಮಾಡಿದರೆ (ಮತ್ತು) ಅದಕ್ಕಾಗಿ ಅವರಿಗೆ ಶಿಕ್ಷೆ ಆಗಬಹುದು || te: పిల్లలు చేసే అపరాధం,form_similar,,,,
B000747,ಬ್ರಹ್ಮಚರ್ಯ,బ్రహ్మచర్యం,brahmacarya,brahmacaryaṁ,,"kn: ಆಶ್ರಮ ವ್ಯವಸ್ಥೆಯಲ್ಲಿ ನಾಲ್ಕು ಆಶ್ರಮಗಳಲ್ಲಿ ಒಂದು ಮತ್ತು ಸ್ತ್ರೀ ಸಂಭೋಗ, ವಿವಾಹ ಮುಂತಾದವುಗಳು ನಿಷಿದ್ಧವಾದಂತಹ ಆಶ್ರಮ || te: వివాహం చేసుకోని స్థితి.",form_similar,,,,
B000748,ಮುಖ್ಯಭಾಗ,ముఖ్యభాగం,mukhyabhāga,mukhyabhāgaṁ,,kn: ಆ ತತ್ವ ಪರಮಾಣುಗಳಿಗಿಂತ ಕಡಿಮೆ ಕಠಿಣವಾಗಿರುತ್ತದೆ ಹಾಗೂ ಅದು ಎಲ್ಲಾ ತತ್ವಗಳ ಮಧ್ಯಸ್ಥ ಎಂದು ನಂಬಲಾಗುತ್ತದೆ || te: ఆలోచనలతో వచ్చు సిద్థాంతం.,form_similar,,,,
B000749,ಯುದ್ದ_ಭೂಮಿ,యుద్ధ_భూమి,yudda_bhūmi,yuddha_bhūmi,,kn: ಕೋಟೆ ಅಥವಾ ಪಟ್ಟಣ ಮುಂತಾದವುಗಳನ್ನು ರಕ್ಷಣೆ ಮಾಡುತ್ತಾರೆ || te: యుద్ధం జరిగే ప్రదేశం.,form_similar,,,,
B000750,ರಂಗಸ್ಥಲ,రంగస్థలం,raṁgasthala,raṁgasthalaṁ,,"kn: ರಂಗ, ಘಟನಸ್ಥಾನ, ಯಾವುದೇ ಘಟನೆಯು ನಡೆಯುವ ಸ್ಥಳ || te: నాయిక, నాయుకుడు అభినయించు చోటు",form_similar,,,,
B000751,ರಜನಿಗಂಧ,రజనీగంధ,rajanigaṁdha,rajanīgaṁdha,,kn: ಒಂದು ಸಸ್ಯದ ಹೂವು ರಾತ್ರಿ ಅರಳುವುದು || te: రాత్రి సమయంలో వికసించి సువాసన వెదజల్లే పూలు,form_similar,,,,
B000752,ಲಾಭದಾಯಕ,లాభదాయకం,lābhadāyaka,lābhadāyakaṁ,,kn: ಯಾವುದನ್ನಾದರೂ ಮಾಡುವುದರಿಂದ ಸಿಗುವ ಹೆಚ್ಚಿನ ತೃಪ್ತಿ ಅಥವಾ ಲಾಭ || te: అందరికీ అవసరమైనది,form_similar,,,,
B000753,ವೇಶ್ಯಾವೃತ್ತಿ,వేశ్యా_వృత్తి,vēśyāvr̥tti,vēśyā_vr̥tti,,kn: ಹೆಂಗಸು ಮತ್ತು ಗಂಡಸಿನ ಅನುಚಿತ ಸಂಬಂಧ || te: ఒళ్ళు అమ్ముకోవడం.,form_similar,,,,
B000754,ವ್ಯಾಕುಲ_ಪಡು,వ్యాకులపడు,vyākula_paḍu,vyākulapaḍu,,kn: ಯಾವುದೇ ಪದಾರ್ಥದ ಅಭಾವದಿಂದ ದುಃಖಿಸುವ ಪ್ರಕ್ರಿಯೆ || te: విసుగుతో అటు ఇటు కదలడం,form_similar,,,,
B000755,ಶಿರೋಭೂಷಣ,శిరోభూషణం,śirōbhūṣaṇa,śirōbhūṣaṇaṁ,,kn: ತಲೆಗೆ ಹಾಕಿಕೊಳ್ಳುವ ಆಭರಣ || te: నాటకాలలో రత్నాలతో చేసిన తలకు ధరించే ఆభరణం,form_similar,,,,
B000756,ಶುದ್ಧೀಕರಣ,శుద్దీకరణ,śuddhīkaraṇa,śuddīkaraṇa,,kn: ಸ್ವಚ್ಚವಾಗುವ ಅವಸ್ಥೆ ಅಥವಾ ಭಾವ || te: శుద్దపరచే క్రియ.,form_similar,,,,
B000757,ಶುಭಸಮಯ,శుభసమయం,śubhasamaya,śubhasamayaṁ,,kn: ದಿನ-ರಾತ್ರಿಯ ನಲವತ್ತೆಂಟು ನಿಮಿಷಗಳ ಅವಧಿ || te: ఇలాంటి శకునం అది శుభాన్ని తీసుకొస్తుంది,form_similar,,,,
B000758,ಶೋಭಾಯಮಾನ,శోభాయమానం,śōbhāyamāna,śōbhāyamānaṁ,,kn: ಹೊಳೆಯುತ್ತಿರುವಂತಹ || te: పచ్చగా అభివృద్ధి చెందినపుడు కలిగే భావన,form_similar,,,,
B000759,ಸಾರ್ವಕಾಲಿಕ,సార్వకాలికం,sārvakālika,sārvakālikaṁ,,kn: ಎಲ್ಲಾ ಕಾಲಕ್ಕೂ ಅನ್ವಯವಾಗುವ ಅಥವಾ ಎಲ್ಲ ಕಾಲದಲ್ಲೂ ಇರುವಂತಹದು || te: ఎప్పుడూ నాశనం కానిది,form_similar,,,,
B000760,ಸಾರ್ವಜನಿಕ,సార్వజనికం,sārvajanika,sārvajanikaṁ,,kn: ಸರ್ವರನ್ನೂ ಒಳಗೊಳ್ಳಬಹುದಾದ ಅಥವಾ ಸರ್ವರಿಗೂ ಅನ್ವಯವಾಗುವ ಯಾವುದೇ ವಿಷಯ ಅಥವಾ ಸಂಗತಿ || te: ఎల్లప్పుడూ సార్వజనీనంగా ఉండు భావన.,form_similar,,,,
B000761,ಸೃಷ್ಟಿಕರ್ತ,సృష్టి_కర్త,sr̥ṣṭikarta,sr̥ṣṭi_karta,,kn: ಹಿಂದೂಗಳು ಒಬ್ಬ ದೇವನು  ಸೃಷ್ಟಿಯನ್ನು ನಿರ್ಮಿಸಿದ್ದಾರೆಂದು ನಂಬಿರುವರು || te: వ్యాకరణంలో కర్మ క్రియలతో పాటు వుండేది,form_similar,,,,
B000762,ಸೃಷ್ಠಿಕರ್ತ,సృష్టికర్త,sr̥ṣṭhikarta,sr̥ṣṭikarta,,"kn: ಸಹೃದಯಿ, ಧರ್ಮಿ ಮತ್ತು ಯಾವಾಗಲೂ ಬೇರೆಯರಿಗೆ ಸಹಾಯಮಾಡುವಂತಹ ವ್ಯಕ್ತಿ || te: ధర్మగ్రంధం ప్రకారం సృష్టిని సృష్టించి తన అదుపాజ్ఞలలో పెట్టుకునేవాడు",form_similar,,,,
B000763,ಹಂಸಗಾಮಿನಿ,హంసగామిని.,haṁsagāmini,haṁsagāmini.,,kn: ಹಂಸದ ಹಾಗೆ ಸುಂದರವಾಗಿ ನಡೆಯುವ ಹೆಂಗಸು || te: హంసలాగా నడిచే స్త్రీ,form_similar,,,,
B000764,00000000000,౧౦౦౦౦౦౦౦౦౦౦,00000000000,10000000000,,kn: ಒಂದರ ಮುಂದೆ ಹನ್ನೆರಡು ಸೊನ್ನೆಗಳನ್ನು ಹಾಕುವುದರಿಂದ ಪ್ರಾತ್ತಿಯಾಗುವ ಸಂಖ್ಯೆ || te: నూరు కోట్లు,form_similar,,,,
B000765,1000000000,౧౦౦౦౦౦౦౦౦౦౦,1000000000,10000000000,,kn: ನೂರು ಕೋಟಿಯ ಸಂಖ್ಯೆ || te: నూరు కోట్లు,form_similar,,,,
B000766,ಅಂಗವಸ್ತ್ರ,అంగవస్త్రం,aṁgavastra,aṁgavastraṁ,,kn: ಹೊದ್ದುಕೊಳ್ಳುವ ರೇಶ್ಮೆ ಬಟ್ಟೆ || te: తుడుచుకోవడానికి ఉపయోగించే వస్త్రం,form_similar,,,,
B000767,ಅಂಜನಾದೇವಿ,అంజనాదేవి.,aṁjanādēvi,aṁjanādēvi.,,kn: ಕೇಸರಿಯ ಹೆಂಡತಿಯಾದ ಅಂಜನಾದೇವಿ ಗರ್ಭದಲ್ಲಿ ಹನುಮಂತನ ಜನ್ಮವಾಯಿತು || te: హనుమంతుడి తల్లి,form_similar,,,,
B000768,ಅಂತರ್ಧಾನ,అంతర్ధానం,aṁtardhāna,aṁtardhānaṁ,,kn: ಯಾವುದಾದರು ವರ್ಗ ಅಥವಾ ಸಮಾಜದ ಒಳಗಿಂದೊಳಗಿರುವ ನಿಶ್ಚಿತವಿಚಾರ ಅಥವಾ ವಿಚಾರ ಸಾಧಾರಣತೆಗಿಂತ ಎತ್ತರಕ್ಕೆ ಹೋಗುವುದಿಲ್ಲ || te: కనిపించకుండా పోవడం,form_similar,,,,
B000769,ಅದ್ವೈತವಾದ,అద్వైతవాది,advaitavāda,advaitavādi,,"kn: ಆತ್ಮ ಮತ್ತು ಪರಮಾತ್ಮ ಎರಡನ್ನು ಒಂದೇ ಎಂದು ಪ್ರತಿಪಾದಿಸುವ ಮತ್ತು ಬ್ರಹ್ಮನ ಹೊರತಾಗಿ ಉಳಿದ್ದಿದ್ದೆಲ್ಲವನ್ನು ಅಸತ್ಯವೆಂದೂ ಅವಸ್ತವಿಕವೆಂದೂ ವಾದಿಸುವ ವೇದಾಂತದ ಒಂದು ಸಿದ್ಧಾಂತ || te: దేవుడు, మనిషి ఆత్మ ఒకటేనని చెప్పెవాడు",form_similar,,,,
B000770,ಅಪರಿಜ್ಞಾನ,అపరిజ్ఞానం,aparijñāna,aparijñānaṁ,,"kn: ಒಂದು ವಿಚಾರ ಧಾರೆಯಲ್ಲಿ ಪ್ರಕೃತಿ, ಆತ್ಮ, ಪರಮಾತ್ಮ, ಮತ್ತು ಜೀವನದ ಅಂತಿಮ ಗುರಿ ಮುಂತಾದವುಗಳನ್ನು ವಿವೇಚನೆ ಮಾಡುವುದು || te: సంపూర్ణ జ్ఞానము లేకపోవటం",form_similar,,,,
B000771,ಅಭಿನಂದನೆ,అభినందన,abhinaṁdane,abhinaṁdana,,kn: ಈ ರೀತಿಯ ಮಾತು ಅಥವಾ ಕೆಲಸ ಯಾರೋ ಒಬ್ಬರ ಬದಲು ಹೇಳಿದಾಗ ಅಥವಾ ಮಾಡಿದಾಗ ಅವರಿಗೆ ಪ್ರಸನ್ನತೆ ದೊರೆತು ಅಥವಾ ಗೌರವ ಹೊಂದುವ ಅವಸ್ಥೆ || te: ప్రశంస పొందినటువంటి,form_similar,,,,
B000772,ಅಭಿವೃದ್ಧಿ,అభివృద్ది,abhivr̥ddhi,abhivr̥ddi,,kn: ಇರುವ ಸ್ಥಿತಿಯನ್ನು ಉತ್ತಮಗೊಳಿಸುವುದು ಅಥವಾ ಉತ್ತಮಗೊಳ್ಳುವಂತೆ ಕೆಲವು ಕಾರ್ಯಕ್ರಮಗಳನ್ನು ಹಮ್ಮಿಕೊಂಡು ಇರುವ ಸ್ಥಿತಿಯನ್ನು ಸುಧಾರಿಸುತ್ತಾ ಹೋಗುವುದು || te: పెరిగే క్రియ.,form_similar,,,,
B000773,ಅವಕಾಶವಾದ,అవకాశవాది,avakāśavāda,avakāśavādi,,kn: ಯಾವುದೇ ತತ್ವಗಳಿಲ್ಲದೆ ಸಂದರ್ಭಕ್ಕೆ ತಕ್ಕ ಹಾಗೆ ಏನೋ ಒಂದನ್ನು ಮಾಡಿ ಸ್ವಾರ್ಥ ಸಾಧಿಸಿಕೊಳ್ಳುವ ಭಾವನೆ ಅಥವಾ ಅವಸ್ಥೆ || te: అదును చూసి కావలసింది తీసుకోవడం,form_similar,,,,
B000774,ಅಸಮಂಜಸ,అసమంజసం,asamaṁjasa,asamaṁjasaṁ,,kn: ಹೂ ಅಥವಾ ಉಹೂ ಅನ್ನುವ ಅವಸ್ಥೆ || te: సమంజసం లేని.,form_similar,,,,
B000775,ಅಸಹ್ಯಕರ,అసభ్యకర,asahyakara,asabhyakara,,kn: ಜುಗುಪ್ಸೆಯಿಂದ ಉಂಟಾಗುವ ಭಾವ || te: పదిమందిలో చేయకూడని పనులు లేదా మాటలు,form_similar,,,,
B000776,ಆರ್ಯಸಮಾಜ,ఆర్యసమాజం,āryasamāja,āryasamājaṁ,,kn: ಒಂದು ಧಾರ್ಮಿಕ ಸಮಾಜ ಅದರ ಸಂಸ್ಥಾಪಕ ಸ್ವಾಮಿ ದಯಾನಂದ || te: దయానంద సరస్వతి స్థాపించిన సమాజం,form_similar,,,,
B000777,ಆವಿಷ್ಕರಣ,ఆవిష్కరణ.,āviṣkaraṇa,āviṣkaraṇa.,,kn: ಸದ್ಯದಲ್ಲಿ ಇರದ ವಸ್ತು ಸಂಗತಿಯೊಂದನ್ನು ಹೊಸದಾಗಿ ಕಂಡುಹಿಡಿಯುವುದು ಅಥವಾ ಯಾವುದಾದರು ಹೊಸ ವಸ್ತುವನ್ನು ತಯಾರಿಸುವುದು || te: కల్పన చేసే క్రియ,form_similar,,,,
B000778,ಆವಿಷ್ಕರಣ,ఆవిష్కరణం,āviṣkaraṇa,āviṣkaraṇaṁ,,"kn: ಸದ್ಯದಲ್ಲಿ ಇರದ ವಸ್ತು ಸಂಗತಿಯೊಂದನ್ನು ಹೊಸದಾಗಿ ಕಂಡುಹಿಡಿಯುವುದು ಅಥವಾ ಯಾವುದಾದರು ಹೊಸ ವಸ್ತುವನ್ನು ತಯಾರಿಸುವುದು || te: కొత్తగా కనిపెట్టిన విషయం, భవనం, విగ్రహం మొదలైన వాటిని వెల్లడి చేయడం",form_similar,,,,
B000779,ಆಶ್ಚರ್ಯಪಡು,ఆర్చర్యపడు,āścaryapaḍu,ārcaryapaḍu,,"kn: ಯಾವುದೇ ವಸ್ತು, ವಿಷಯ, ಸುದ್ದಿ, ಸಮಾಚಾರ, ಇತ್ಯಾದಿಗಳನ್ನು ನೋಡಿದಾಗ ಇಲ್ಲವೇ ಕೇಳಿದಾಗ ಇಲ್ಲವೇ ತಿಳಿದಾಗ ಇಲ್ಲವೇ ಅನುಭವಕ್ಕೆ ಬಂದಾಗ ಮನಸ್ಸಿನಲ್ಲಿ ಹುಟ್ಟುವ ಅನಿಸಿಕೆ ಹೊರಹೊಮ್ಮುವ ಪ್ರಕ್ರಿಯೆ || te: మానసిక లేదా శారీరకమైన ఆకస్మిక వ్యాకులత",form_similar,,,,
B000780,ಆಷಾಢಭೂತಿ,ఆషాడభూతి,āṣāḍhabhūti,āṣāḍabhūti,,kn: ಯಾರೋ ಒಬ್ಬರು ಬೇರೆ-ಬೇರೆ ರೂಪವನ್ನು ಧರಿಸಿಕೊಂಡು ಜನರನ್ನು ಚಕಿತಗೊಳಿಸುತ್ತಾರೆ || te: మోసం చేయు వ్యక్తి.,form_similar,,,,
B000781,ಉದ್ಯಾನವನ,ఉద్యానవనం,udyānavana,udyānavanaṁ,,"kn: ಆ ಜಾಗದಲ್ಲಿ ಹಣ್ಣು-ಹೂಗಳು ಅಥವಾ ಸುಂದರವಾದ ಗಿಡ, ವೃಕ್ಷ ಮುಂತಾದವುಗಳನ್ನು ಹಾಕಲಾಗಿದೆ/ಬೆಳಸಲಾಗಿದೆ || te: చిన్న అడవిలాంటి ప్రదేశం",form_similar,,,,
B000782,ಕಥಾನಾಯಕ,కథానాయకి,kathānāyaka,kathānāyaki,,"kn: ಕಥೆ, ಸಹಿತ್ಯ ಮುಂತಾದವುಗಳಲ್ಲಿ ಒಬ್ಬ ಪುರುಷನ ಚರಿತ್ರೆಯು, ಯಾವುದೇ ಕಾವ್ಯ, ನಾಟಕ ಇತ್ಯಾದಿಗಳಲ್ಲಿ ಮುಖ್ಯ ರೂಪವಾಗಿ ಬಂದಿರಬಹುದು || te: నాయకుడి జోడి",form_similar,,,,
B000783,ಕಥಾನಾಯಕ,కథానాయిక,kathānāyaka,kathānāyika,,"kn: ಕಥೆ, ಸಹಿತ್ಯ ಮುಂತಾದವುಗಳಲ್ಲಿ ಒಬ್ಬ ಪುರುಷನ ಚರಿತ್ರೆಯು, ಯಾವುದೇ ಕಾವ್ಯ, ನಾಟಕ ಇತ್ಯಾದಿಗಳಲ್ಲಿ ಮುಖ್ಯ ರೂಪವಾಗಿ ಬಂದಿರಬಹುದು || te: నాయకుడి జోడి",form_similar,,,,
B000784,ಕಲ್ಲಂಗಡಿ,కల్లుఅంగడి,kallaṁgaḍi,kalluaṁgaḍi,,kn: ಒಂದು ತರಹದ ದೊಡ್ಡದಾದ ಹಣ್ಣಿನ ಒಳಗೆ ಕೆಂಪು ಬಣ್ಣನ ತಿರುಳು ಇದ್ದು ಮತ್ತು ಕಪ್ಪು ಬೀಜ ಇರುವುದು || te: మత్తు పానీయములు అమ్మబడే చోటు,form_similar,,,,
B000785,ಕಷ್ಟಪಡುವ,కష్టపడుట,kaṣṭapaḍuva,kaṣṭapaḍuṭa,,kn: ಯಾರೂ ಪರಿಶ್ರಮದಿಂದ ಕೆಲಸ ಮಾಡುವರೊ || te: ఏదేని పనిలో నిమగ్నమగుట.,form_similar,,,,
B000786,ಕಾಠಿಯಾವಾಡಿ,కాఠియావాడ్.,kāṭhiyāvāḍi,kāṭhiyāvāḍ.,,kn: ಕಾಠಿಯಾವಾಸದ ಅಥವಾ ಕಾಠಿಯಾವಾಡಕ್ಕೆ ಸಂಬಂಧಿಸಿದ || te: గుజరాత్ పశ్చిమంవైపు వుండే ప్రాంతం,form_similar,,,,
B000787,ಕಾಲಹರಣ,కాలహరణం,kālaharaṇa,kālaharaṇaṁ,,kn: ಯಾವುದೇ ಕೆಲಸ ಅಥವಾ ಸಂಗತಿಯನ್ನು ಮುಂದೆ ತಳ್ಳುವುದು ಅಥವಾ ಮುಂದೂಡುವುದು || te: తొందరగా రాలేక పోవడం,form_similar,,,,
B000788,ಕ್ಲಾಕ್_ಟವರ್,క్లాక్_టవర్.,klāk_ṭavar,klāk_ṭavar.,,kn: ಒಂದು ಅಥವಾ ಒಂದಕ್ಕಿಂತ ಹೆಚ್ಚು ದೊಡ್ಡ ಗಡಿಯಾರಗಳು ಇರುವ ಒಂದು ಸ್ತಂಭ || te: నలుదిక్కులకు కనబడేటట్లు నిర్మించబడిన సమయాన్ని తెలియజేసే ఎత్తుగా ఉండే స్తంభం.,form_similar,,,,
B000789,ಗಜಗಾಮಿನಿ,గజగామిని.,gajagāmini,gajagāmini.,,kn: ಆನೆಯ ಹಾಗೆ ಮಂದ ಗತಿಯಲ್ಲಿ ನೆಡೆಯುವವಳು || te: ఏనుగువలె నెమ్మదిగా గంభీరంగా నడిచే నాయిక,form_similar,,,,
B000790,ಗರ್ಭಕೋಶ,గర్భకోశం,garbhakōśa,garbhakōśaṁ,,kn: ಜೀವೋತ್ಪತ್ತಿ ಮಾಡುವ ಸಾಮರ್ಥ್ಯವಿರುವ ಸ್ತ್ರೀ ಅಥವಾ ಹೆಣ್ಣು ಜೀವದ ದೇಹದ ಒಂದು ಅಂಗ || te: పిండం ఎదగడానికి ఉపయోగపడే అవయవం,form_similar,,,,
B000791,ಗರ್ವಹೀನತೆ,గర్వహీనత,garvahīnate,garvahīnata,,kn: ದರ್ಪಹೀನತೆಯ ಅವಸ್ಥೆ ಅಥವಾ ಭಾವ || te: పొగరు లేకుండా వుండటం,form_similar,,,,
B000792,ಗಾಂಧೀವಾಧೀ,గాంధీవాదీ,gāṁdhīvādhī,gāṁdhīvādī,,kn: ಯಾರು ಗಾಂಧೀವಾದವನ್ನು ನಂಬುತ್ತಾರೆಯೋ ಅಥವಾ ಗಾಂಧೀಜಿಯವರ ಅನುಯಾಯಿಗಳೋ || te: గాంధీవాదాన్ని అనుసరించేటటువంటి,form_similar,,,,
B000793,ಚಂದ್ರವಂಶ,చంద్రవంక,caṁdravaṁśa,caṁdravaṁka,,kn: ಕ್ಷತ್ರಿಯರ ಎರಡು ಪ್ರಸಿದ್ಧ ಮತ್ತು ಮೂಲ ವಂಶ ಅಥವಾ ಚಂದ್ರನಿಂದ ಉತ್ಪತ್ತಿಯಾದ ವಂಶ ಎಂದು ನಂಬಲಾಗಿದೆ || te: అమావాస్య ముగిసిన తర్వాత మొదటి రోజుల్లో కనిపించె చందమామ,form_similar,,,,
B000794,ಚಂದ್ರಾಕಾರ,చంద్రాకారం,caṁdrākāra,caṁdrākāraṁ,,kn: ವೃತ್ತ ಅಥವಾ ಚಕ್ರದ ಆಕಾರದ || te: ఏదైనా అట్ట మీద గీసిన గుర్తు పెట్టిన బిందువుపై కాల్చడానికి చేశే అభ్యాసం,form_similar,,,,
B000795,ಚಕ್ರಧರ,చక్రధరం,cakradhara,cakradharaṁ,,kn: ಹಿಂಧೂಗಳ ಪ್ರಕಾರ  ಸೃಷ್ಟಿಯನ್ನು ಪಾಲನೆ ಮಾಡುತ್ತಿರುವುದು ಒಬ್ಬನೇ ದೇವರು || te: సన్నగా మరియు పొడవుగా ఉండి నేల మీదా ప్రాకే విషంగల ప్రాణి.,form_similar,,,,
B000796,ಚಕ್ರವರ್ತಿ,చక్రవర్తి.,cakravarti,cakravarti.,,kn: ಆ ರಾಜನ ರಾಜಧಾನಿ ತುಂಬಾ ದೂರದ ವರೆಗು ಹರಡಿರುವುದು || te: సర్వ ప్రపంచ శరణు కోరె వాడు,form_similar,,,,
B000797,ಚಾಂದ್ರಮಾಸ,చాంద్రమాసం,cāṁdramāsa,cāṁdramāsaṁ,,kn: ಚಂದ್ರನ ವಿಚಾರಕ್ಕೆ ಅಥವಾ ಆಧಾರದ ಮೇಲೆ ಇರುವ ಅಥವಾ ಅದಕ್ಕೆ ಸಂಬಂಧಿಸಿದ || te: చంద్రుడు భూమికి దగ్గరగా వుండే మాసం,form_similar,,,,
B000798,ಜಗಜ್ಜನನ,జగజ్జనని,jagajjanana,jagajjanani,,"kn: ಸಹೃದಯಿ, ಧರ್ಮಿ ಮತ್ತು ಯಾವಾಗಲೂ ಬೇರೆಯರಿಗೆ ಸಹಾಯಮಾಡುವಂತಹ ವ್ಯಕ್ತಿ || te: శివుడి యొక్క భార్య",form_similar,,,,
B000799,ಜಗತ್ಸಾಕ್ಷಿನ್,జగత్సాక్షి,jagatsākṣin,jagatsākṣi,,kn: ನಮ್ಮ ಸೌರಮಂಡಲದಲ್ಲಿ ದೊಡ್ಡ ಮತ್ತು ಜ್ವಾಲೆಯ ಗುಂಡಿನಿಂದ ಎಲ್ಲಾ ಗ್ರಹಕ್ಕು ಬಿಸಿಲು ಮತ್ತು ಬೆಳಕು ಸಿಗುವುದು || te: ధర్మగ్రంధం ప్రకారం సృష్టిని సృష్టించి తన అదుపాజ్ఞలలో పెట్టుకునేవాడు,form_similar,,,,
B000800,ಜಟಕಾಬಂಡಿ,జట్కాబండి,jaṭakābaṁḍi,jaṭkābaṁḍi,,kn: ಕುದುರೆಯಿಂದ ಓಡಿಸಲ್ಪಡುವ ಗಾಡಿ || te: ఒక రకమైన రెండు చక్రాల బండి దానికి గుర్రం కట్టబడి ఉంది,form_similar,,,,
B000801,ಜನಸಮೂಹ,జనసమూహం,janasamūha,janasamūhaṁ,,kn: ಒಂದು ಜಾಗದಲ್ಲಿ ಅದೇ ಸಮಯದಲ್ಲಿ ಆಗುವಂತಹ ತುಂಬಾ ಜನರ ಗುಂಪು/ ಜನಸಮೂಹ || te: ప్రజల గుంపు.,form_similar,,,,
B000802,ಜನಾಧಿಪತಿ,జలాధిపతి,janādhipati,jalādhipati,,kn: ಅವನು ತುಂಬಾ ದೊಡ್ಡ ರಾಜ ಅವನ ಅಧೀನದಲ್ಲಿ ಅನೇಕ ರಾಜರುಗಳು ಮತ್ತು ರಾಜ್ಯಗಳು ಇದ್ದವು || te: సౌరకుటుంబంలో అన్నింటికంటే దూరంగా వుండే గ్రహం,form_similar,,,,
B000803,ಜನ್ಮ-ಭೂಮಿ,జన్మ_భూమి,janma-bhūmi,janma_bhūmi,,kn: ಯಾರೋ ಒಬ್ಬರು ಹುಟ್ಟಿದ ಸ್ಥಾನದಲ್ಲಿ ಜನ್ಮಸಿರುವರು || te: ఏ స్థానములో ఐతే పుట్టి ఉంటారో.,form_similar,,,,
B000804,ಜನ್ಮಭೂಮಿ,జన్మ_భూమి,janmabhūmi,janma_bhūmi,,kn: ಯಾರೋ ಒಬ್ಬರು ಹುಟ್ಟಿದ ಸ್ಥಾನದಲ್ಲಿ ಜನ್ಮಸಿರುವರು || te: ఏ స్థానములో ఐతే పుట్టి ఉంటారో.,form_similar,,,,
B000805,ತೀರ್ಥಯಾತ್ರಿ,తీర్థయాత్ర,tīrthayātri,tīrthayātra,,kn: ತೀರ್ಥಯಾತ್ರೆಗೆ ಹೋಗುವಂತಹ ವ್ಯಕ್ತಿ || te: పవిత్ర స్థలము ఇక్కడ భక్తులు దర్శనార్ధము వస్తారు.,form_similar,,,,
B000806,ತೃಪ್ತಿ_ಪಡು,తృప్తిపడు,tr̥pti_paḍu,tr̥ptipaḍu,,kn: ಇಷ್ಟದಂತೆ ನಡೆಯುವ ಪ್ರಕ್ರಿಯೆ || te: బోజనంచెత పొట్ట నింపుకోవడం,form_similar,,,,
B000807,ತ್ರಿಸಂಧ್ಯ,త్రిసంధ్య.,trisaṁdhya,trisaṁdhya.,,"kn: ಬೆಳ್ಳಗೆ, ಮಧ್ಯಾನ ಮತ್ತು ಸಂಯಂಕಾಲ - ಈ ಮೂರು ಸಂಧಿಕಾಲ || te: ఒక రకమైన పువ్వు",form_similar,,,,
B000808,ದೃತರಾಷ್ಟ್ರ,దృతరాష్ట్రీ,dr̥tarāṣṭra,dr̥tarāṣṭrī,,"kn: ಕೌರವರ ರಾಜ, ದುರ್ಯೋಧನನ ತಂದೆ || te: దృతరాష్ట్రునికి సంబంధించిన",form_similar,,,,
B000809,ದೇವಸ್ಥಾನ,దేవస్థానం,dēvasthāna,dēvasthānaṁ,,kn: ದೇವರ ಮೂರ್ತಿಯನ್ನು ಇಟ್ಟು ಪೂಜೆ ಮಾಡುವ ಸ್ಥಳ || te: దేవతలను ప్రతిష్టించే స్థలం,form_similar,,,,
B000810,ದೈವದತ್ತ,దైవదత్తం,daivadatta,daivadattaṁ,,kn: ದೇವರಿಗೆ ಸಂಬಂದಿಸಿದುದು || te: దేవతల ద్వారా అనుగ్రహించబడిన,form_similar,,,,
B000811,ದೋಷಪೂರಿತ,దోషపూరితం,dōṣapūrita,dōṣapūritaṁ,,kn: ಯಾವುದೇ ಕೆಟ್ಟದ್ದನ್ನು ಮಾಡುವುದರಿಂದ ಬರುವ ಕೆಟ್ಟಹೆಸರು || te: అపరాథముతో నిండిన,form_similar,,,,
B000812,ಧರ್ಮಪತಿ,ధర్మపత్ని,dharmapati,dharmapatni,,kn: ಯಾರೋ ಒಬ್ಬರು ಧರ್ಮವನ್ನು ಪಾಲಿಸುತ್ತಿರುವ ಅಥವಾ ಧರ್ಮದ ದಾರಿಯಲ್ಲಿ ನಡೆಯುವಂತಹ || te: బహుపత్నులున్ననూ అన్ని ధార్మిక కార్యాలలోనూ తన భర్తతో పాటు పాల్గొనే బ్రాహ్మణ స్త్రీ,form_similar,,,,
B000813,ನಯವಂಚಕ,నయవంచన,nayavaṁcaka,nayavaṁcana,,kn: ಮೋಸ ಮಾಡುವ ವ್ಯಕ್ತಿ || te: కుయుక్తితో వంచించే భావన,form_similar,,,,
B000814,ನಿಯಂತ್ರಣ,నియంత్రణ.,niyaṁtraṇa,niyaṁtraṇa.,,kn: ಹೆದರಿಕೆಯ ಅಥವಾ ಬೆದರಿಕೆಯ ಕ್ರಿಯೆ ಅಥವಾ ಭಾವ || te: అంతరాయం.,form_similar,,,,
B000815,ನಿರಪೇಕ್ಷಿತ,నిరపేక్షత,nirapēkṣita,nirapēkṣata,,kn: ಬಯಸದ ಅಥವಾ ಬೇಡದ || te: పక్షపాతంలేకపోవడం,form_similar,,,,
B000816,ನಿರಭಿಮಾನಿ,నిరభిమాన,nirabhimāni,nirabhimāna,,kn: ಅಭಿಮಾನವಿಲ್ಲದಿರುವ ಸ್ಥಿತಿ || te: అభిమానం లేకుండుట,form_similar,,,,
B000817,ನಿರರ್ಥಕ,నిరర్థకం,nirarthaka,nirarthakaṁ,,kn: ಯೋವುದೇ ಕೆಲಸಕ್ಕೆ ಯೋಗ್ಯತೆ ಇಲ್ಲದ ಸ್ಥಿತಿ || te: నేర్పరితనం లేకపోవడం,form_similar,,,,
B000818,ನಿರುಪಯೋಗಿ,నిరుపయోగి.,nirupayōgi,nirupayōgi.,,kn: ಯಾವುದೇ ಕೆಲಸ ಮಾಡದವ ಅಥವಾ ಯಾವುದೇ ಗುರಿ ಇಲ್ಲದೆ ವೃತಾ ಸಮಯ ಹಾಳುಮಾಡುವವ || te: ఏపని చేయకుండా గాలికి తిరిగేవాడు.,form_similar,,,,
B000819,ನಿಸ್ಸಹಾಯಕ,నిస్సహాయత,nissahāyaka,nissahāyata,,kn: ಇಚ್ಚಿಸಿದರು ಅವರು ಏನನ್ನು ಮಾಡಲು ಆಗದಿರುವಂತಹ ಪರಿಸ್ಥಿತಿ || te: అవసర నిమిత్తము ఏమి చేయలేని స్థితి.,form_similar,,,,
B000820,ಪರಮಾರ್ಥ,పరమార్థం,paramārtha,paramārthaṁ,,"kn: ಸಹೃದಯಿ, ಧರ್ಮಿ ಮತ್ತು ಯಾವಾಗಲೂ ಬೇರೆಯರಿಗೆ ಸಹಾಯಮಾಡುವಂತಹ ವ್ಯಕ್ತಿ || te: ఇతరులకు మంచి చేయుట.",form_similar,,,,
B000821,ಪರಮೇಶ್ವರ,పరమేశ్వరి,paramēśvara,paramēśvari,,kn: ಸೃಷ್ಠಿಯನ್ನು ನಾಶ ಮಾಡುವ ಹಿಂದು ದೇವರು || te: శివుడి యొక్క భార్య,form_similar,,,,
B000822,ಪರಿಶೋಧಕ,పరిశోధన,pariśōdhaka,pariśōdhana,,"kn: ಯಾವುದೇ ಹೊಸ ವಸ್ತು, ಸಂಗತಿಯನ್ನು ಸಂಶೋಧನೆಯ ಮೂಲಕ ಬೆಳಕಿಗೆ ತಂದವ || te: క్రొత్త విషయాలను కనుగొనుట.",form_similar,,,,
B000823,ಪಶುವೈದ್ಯ,పశువైద్యం,paśuvaidya,paśuvaidyaṁ,,kn: ಅವನು ಪ್ರಾಣಿಗಳನ್ನು ಚಿಕಿತ್ಸೆ ಮಾಡುತ್ತಾರೆ || te: -వ్యాధితో పీడింపబడే జంతువులకు చేసే చికిత్స,form_similar,,,,
B000824,ಪಾರಿತೋಷಕ,పారితోషకం,pāritōṣaka,pāritōṣakaṁ,,kn: ಯಾವುದೋ ಕೆಲಸಕ್ಕೆ ನೀಡುವ ಸನ್ಮಾನ ಪೂರ್ವಕವಾಗಿ ನೀಡುವ ಧನ ಅಥವಾ ದ್ರವ್ಯ || te: పని చేసినందుకు ఇచ్చేది.,form_similar,,,,
B000825,ಪಾರಿಶ್ರಮಿಕ,పారిశ్రామిక,pāriśramika,pāriśrāmika,,kn: ಆ ಹಣವನ್ನು ಯಾರು ಪರಿಶ್ರಮವನ್ನು ಪಟ್ಟಿದ್ದಾರೋ ಅದರ ಬದಲಾಗಿ ಹಣದ ಅಥವಾ ಪಾರಿತೋಷಕದ ರೂಪದಲ್ಲಿ ನೀಡುತ್ತಾರೆ || te: ఎక్కువగా పరిశ్రమలున్న ప్రదేశం,form_similar,,,,
B000826,ಪುಣ್ಯ_ಭೂಮಿ,పుణ్యభూమి,puṇya_bhūmi,puṇyabhūmi,,"kn: ಯಾವ ಸ್ಥಳವನ್ನು ಪವಿತ್ರ ಸ್ಥಳವೆಂದು  ನಂಬಲಾಗುವುದೋ || te: ఒక పవిత్ర స్థానము ఇక్కడ ప్రజలు భక్తి, శ్రద్దలతో పూజ చేయడానికి,దర్షించడానికి వస్తారు.",form_similar,,,,
B000827,ಪುಷ್ಟಭೂಮಿ,ప్రుష్టభూమి,puṣṭabhūmi,pruṣṭabhūmi,,"kn: ಯಾವುದಾದರು ವ್ಯಕ್ತಿಯ ಹಿಂದಿನ ಅನುಭವ, ಶಿಕ್ಷಣ ಮೊದಲಾದವು || te: ఒక విషయంలో చివరి భాగం",form_similar,,,,
B000828,ಪೂರ್ವ-ಪಾಲ್ಗುಣ_ನಕ್ಷತ್ರ,పూర్వపాల్గుణ_నక్షత్రం,pūrva-pālguṇa_nakṣatra,pūrvapālguṇa_nakṣatraṁ,,kn: ಎಪ್ಪತ್ತೇಳು ನಕ್ಷತ್ರಗಳಲ್ಲಿ ಹನ್ನೊಂದನೇ ನಕ್ಷತ್ರ || te: చంద్రుడు పూర్వపాల్గుణంలో ఉండే సమయం,form_similar,,,,
B000829,ಪೂರ್ವ_ಪಾಲ್ಗುಣ_ನಕ್ಷತ್ರ,పూర్వపాల్గుణ_నక్షత్రం,pūrva_pālguṇa_nakṣatra,pūrvapālguṇa_nakṣatraṁ,,kn: ಎಪ್ಪತ್ತೇಳು ನಕ್ಷತ್ರಗಳಲ್ಲಿ ಹನ್ನೊಂದನೇ ನಕ್ಷತ್ರ || te: చంద్రుడు పూర్వపాల్గుణంలో ఉండే సమయం,form_similar,,,,
B000830,ಪೂರ್ವಪಾಲ್ಗುಣನಕ್ಷತ್ರ,పూర్వపాల్గుణ_నక్షత్రం,pūrvapālguṇanakṣatra,pūrvapālguṇa_nakṣatraṁ,,kn: ಎಪ್ಪತ್ತೇಳು ನಕ್ಷತ್ರಗಳಲ್ಲಿ ಹನ್ನೊಂದನೇ ನಕ್ಷತ್ರ || te: చంద్రుడు పూర్వపాల్గుణంలో ఉండే సమయం,form_similar,,,,
B000831,ಪ್ರತಿಕೂಲತೆ,ప్రతికూలత,pratikūlate,pratikūlata,,kn: ಅನುಕೂಲ ಆಗುವ ಅವಸ್ಥೆ ಅಥವಾ ಭಾವನೆ || te: పనిని ఆపడానికి వ్యతిరేకంగా చేసే క్రియ,form_similar,,,,
B000832,ಪ್ರತಿಪಕ್ಷ,ప్రతిపక్షం,pratipakṣa,pratipakṣaṁ,,kn: ವಿರೋಧ ಸ್ಥಾನದಲ್ಲಿರುವ ಪಕ್ಷ || te: పనిని ఆపడానికి వ్యతిరేకంగా చేసే క్రియ,form_similar,,,,
B000833,ಪ್ರತಿಫಲ,ప్రతిఫలం,pratiphala,pratiphalaṁ,,kn: ಯಾವುದೇ ಕೆಲಸ ಕಾರ್ಯದ ನಂತರ ಅದರಿಂದುಂಟಾದ ಬದಲಾವಣೆ || te: ఒక వస్తువుకు బదులుగా మరోక్క వస్తువును ఇచ్చుట.,form_similar,,,,
B000834,ಬ್ರಹ್ಮಚಾರಿ,బ్రహ్మచారి.,brahmacāri,brahmacāri.,,kn: ಸ್ವಯಂಪೂರ್ವಕವಾಗಿ ಬ್ರಹ್ಮಚರ್ಯವನ್ನು ಪಾಲನೆಮಾಡುವವನು || te: వివాహము జరగ కుండా ఉండు పురుషుడు.,form_similar,,,,
B000835,ಭಯಪಡುವ,భయపడుట,bhayapaḍuva,bhayapaḍuṭa,,kn: ಭಯದಲ್ಲಿರುವುದು ಅಥವಾ ಭಯಗೊಂಡ ಸ್ಥಿತಿಯಲ್ಲಿರುವುದು || te: భయము లేక దుఃఖముతో మనస్సు చంచలమగుట.,form_similar,,,,
B000836,ಭೂವಿಜ್ಞಾನ,భూవిజ్ఞానం,bhūvijñāna,bhūvijñānaṁ,,kn: ಪೃಥ್ವಿಯ ಮೇಲ್ಪದರು ಮತ್ತು ಒಳಪದರಗಳಲ್ಲು ಯಾವ-ಯಾವ ಪದಾರ್ಥ ಅಥವಾ ಸಾರಗಳಿಂದ ಮಾಡಲ್ಪಟ್ಟಿದೆ ಎಂಬುದರ ಬಗ್ಗೆ ಜ್ಞಾನವನ್ನು ನೀಡುವ ಶಾಸ್ತ್ರ || te: పుడమిని గురించి తెలియజేసేది,form_similar,,,,
B000837,ಮಡಗಾಸ್ಕರ್,మడగాస్కరీ,maḍagāskar,maḍagāskarī,,kn: ದಕ್ಷಿಣ ಆಫ್ರಿಕಾದ ಒಂದು ದೇಶ || te: మడగాస్కర్‍కు సంబంధించిన,form_similar,,,,
B000838,ಮಧ್ಯಪಾನ,మధ్యపానం,madhyapāna,madhyapānaṁ,,kn: ಹೆಂಡ ಕುಡಿಯುವ ಕ್ರಿಯೆ || te: దుకాణాలలో లభించే మత్తు పానీయం,form_similar,,,,
B000839,ಮಧ್ಯಾಂತರ,మధ్యంతర,madhyāṁtara,madhyaṁtara,,"kn: ಒಂದು ಪೂರ್ಣ ಅವಧಿಯೊಳಗೆ ಅದರ ಅರ್ಧ ಅವಧಿಯಲ್ಲಿ ದೊರೆಯುವ ವಿರಾಮ ಅಥವಾ ಬಿಡುವು, ಅವಕಾಶ || te: అవది కన్న ముందుగా జరగడం",form_similar,,,,
B000840,ಮೆಟ್ರೋ_ರೈಲು,మెట్రొ_రైలు,meṭrō_railu,meṭro_railu,,kn: ರಸ್ತೆಗಳ ನಡುವಿನಲ್ಲಿ ವಿದ್ಯುತ್ ಸಾಹಯದಿಂದ ಚಲಿಸುವ ರೈಲುಗಾಡಿ || te: అత్యంత వేగంగా ఇనుప పట్టాల పైన విద్యుత్ సహయంతో నడిచే ఒక బండి,form_similar,,,,
B000841,ಯುದ್ಧಬೇರಿ,యుద్ధభేరి,yuddhabēri,yuddhabhēri,,kn: ಯುದ್ಧ ಸಮಯದಲ್ಲಿ ನುಡಿಸುತ್ತಿದ್ದ ಒಂದು ಪ್ರಕಾರದ ವಾದ್ಯ || te: యుద్ధం మొదలు అవ్వునప్పుడు చేయు శబ్దము.,form_similar,,,,
B000842,ರಂಗ_ಭೂಮಿ,రంగభూమి,raṁga_bhūmi,raṁgabhūmi,,"kn: ನಾಟಕ ನಡೆಯುವ ಸ್ಥಾನ ಅಥವಾ ಮನೆ || te: నాయిక, నాయుకుడు అభినయించు చోటు",form_similar,,,,
B000843,ರಷ್ಯಾ_ವಾಸಿ,రష్యా_వాసి.,raṣyā_vāsi,raṣyā_vāsi.,,kn: ರಷ್ಯಾದೇಶದಲ್ಲಿ ವಾಸಮಾಡುವ ವ್ಯಕ್ತಿ || te: రష్యా దేశములో నివశించువాడు,form_similar,,,,
B000844,ರೇಖಾಚಿತ್ರ,రేఖాచిత్రం,rēkhācitra,rēkhācitraṁ,,kn: ಯಾವುದೇ ವಸ್ತು ಅಥವಾ ವ್ಯಕ್ತಿಯ ರೂಪವನ್ನು ಬರೀ ರೇಖೆಯ ಮೂಲಕ ಚಿತ್ರ ಬಿಡಿಸಿರುವುದು || te: బోమ్మలు గీయటం,form_similar,,,,
B000845,ವಾತಾವರಣ,వాతావరణం,vātāvaraṇa,vātāvaraṇaṁ,,"kn: ಆ ಜಾಗದ ಪ್ರಾಣಿ, ಸಸ್ಯಗಳ ಮೇಲೆ ಪರಿಣಾಮ ಬೀರುವ ಆ ಪ್ರದೇಶದ ಪ್ರಕೃತಿ ಸಹಜವಾದ ಸ್ಥಿತಿ || te: పరిసరాల గూర్చి మరియు వర్షం గూర్చి తెలిపేవి",form_similar,,,,
B000846,ವಾನಪ್ರಸ್ಥಿ,వానప్రస్థ,vānaprasthi,vānaprastha,,kn: ಯಾರು ವಾನಪ್ರಸ್ತ ಆಶ್ರಮಕ್ಕೆ ಪ್ರವೇಶ ಮಾಡಿರುವರೋ || te: ప్రాచీన భారతీయ ఆశ్రమాలలో మూడవ ఆశ్రమం ఇందులో ప్రజలు గృహజీవనాన్ని త్యాగంచేసి అడవులలో నివసిస్తారు,form_similar,,,,
B000847,ವಾಸ್ತುಶಿಲ್ಪಿ,వాస్తుశిల్పి.,vāstuśilpi,vāstuśilpi.,,"kn: ವಾಸ್ತು ಅಥವಾ ಮನೆ, ಬಂಗಳೆ ಇತ್ಯಾದಿ ಮಾಡುವ ಕಲೆ ಹೊಂದಿರುವವ || te: వాస్తుశిల్పానికి సంబంధించిన.-ఈ మందిరం తన వాస్తుశిల్ప అందానికి ప్రసిద్ధి.-వాస్తుశిల్పి.వాస్తుశిల్పానికి సంబంధించిన.-ఈ మందిరం తన వాస్తుశిల్ప అందానికి ప్రసిద్ధి.-వాస్తుశిల్పి.వాస్తుశిల్పానికి సంబంధించిన.-ఈ మందిరం తన వాస్తుశిల్ప అందానికి ప్రసిద్ధి.వాస్తుశిల్పానికి సంబంధించిన.",form_similar,,,,
B000848,ವಿಶ್ವಾಂಭರ,విశ్వంభర,viśvāṁbhara,viśvaṁbhara,,kn: ಹಿಂಧೂಗಳ ಪ್ರಕಾರ  ಸೃಷ್ಟಿಯನ್ನು ಪಾಲನೆ ಮಾಡುತ್ತಿರುವುದು ಒಬ್ಬನೇ ದೇವರು || te: నీరు లేకుండా ఉండే ప్రదేశం,form_similar,,,,
B000849,ವಿಸ್ಫೋಟಕ,విస్ఫోటకం,visphōṭaka,visphōṭakaṁ,,kn: ವಿಸ್ಫೋಟಕವನ್ನು ಉಂಟುಮಾಡುವಂತಹ || te: విపరీత ఘటనలకు దారితీసే వేడి వస్తువు.,form_similar,,,,
B000850,ವೃತ್ತಾಕಾರ,వృత్తాకారం,vr̥ttākāra,vr̥ttākāraṁ,,kn: ವೃತ್ತ ಅಥವಾ ಚಕ್ರದ ಆಕಾರದ || te: కోడిగుడ్డు అకారం,form_similar,,,,
B000851,ವೃಷಧ್ವಜ,వృషధ్వజా,vr̥ṣadhvaja,vr̥ṣadhvajā,,"kn: ಹಿಂದೂಗಳ ಪ್ರಧಾನ ಮತ್ತು ಅಗ್ರಪೂಜೆಯನ್ನು ಮಾಡುವ ದೇವರು, ಮನುಷ್ಯ ಶರೀರವನ್ನು ಹೊಂದಿದ್ದು ಆನೆಯ ಮುಖವನ್ನು ಹೊಂದಿರುವ ದೆವರು || te: సింహాన్ని వాహనంగా కలిగిన దేవత",form_similar,,,,
B000852,ಶುಭಾಕಾಂಕ್ಷಿ,శుభాకాంక్ష,śubhākāṁkṣi,śubhākāṁkṣa,,kn: ಯಾರೋ ಒಬ್ಬರ ಹಿತ ಅಥವಾ ಒಳ್ಳೆಯದನ್ನೇ ಬಯಸುವ ವ್ಯಕ್ತಿ || te: వేరొకరికోసము మంచిగా కోరిక కలిగి ఉండటం,form_similar,,,,
B000853,ಶುಭಾಕಾಂಕ್ಷೆ,శుభాకాంక్ష,śubhākāṁkṣe,śubhākāṁkṣa,,kn: ಇನ್ನೊಬ್ಬರ ಹಿತ ಅಥವಾ ಶ್ರೇಯಸ್ಸಿನ ಕಾಮನೆ || te: వేరొకరికోసము మంచిగా కోరిక కలిగి ఉండటం,form_similar,,,,
B000854,ಸಚಿವಾಲಯ,సచివాలయం,sacivālaya,sacivālayaṁ,,"kn: ಮಂತ್ರಿಯ ಕಾರ್ಯಾಲಯ ಅಥವಾ ವಿಭಾಗ || te: వివాదములు, గొడవలు రూపుమాపుటకు ఎన్నుకొనే ప్రజల గుంపు",form_similar,,,,
B000855,ಸಮಾರಂಭ,సమారంభం,samāraṁbha,samāraṁbhaṁ,,kn: ಯಾವುದೇ ವಿಷಯದ ಅಂಗವಾಗಿ ಚರ್ಚೆ ಮಾಡುವುದಕ್ಕೋಸ್ಕರ ಆಯೋಜಿಸಿರುವ ಸಭೆ ಅಥವಾ ಕೂಟ || te: ఏదైన పనిని కాని విషయాన్ని కాని మొదలు పెట్టడం,form_similar,,,,
B000856,ಸಾಂಪ್ರದಾಯ,సాంప్రదాయం,sāṁpradāya,sāṁpradāyaṁ,,kn: ಸಾಂಪ್ರದಾಯಿಕತೆಯನ್ನು ಹೊಂದುವ ಸ್ಥಿತಿ ಅಥವಾ ಭಾವನೆ || te: చాలా రోజుల నుండి ఒక సిద్ధాంతాన్ని పాటించడం.,form_similar,,,,
B000857,ಸಾರ್ವತ್ರಿಕ,సార్వత్రికం,sārvatrika,sārvatrikaṁ,,kn: ಎಲ್ಲಾ ಜಾಗಗಳಿಗೂ ಸಂಬಂಧಿಸುವ ಅಥವಾ ಎಲ್ಲಾ ಜಾಗಗಳಲ್ಲಿಯೂ ಒಂದೇ ರೀತಿಯಾಗಿರುವ || te: ఎల్లప్పుడూ సార్వజనీనంగా ఉండు భావన.,form_similar,,,,
B000858,ಸಿಂಹದ್ವಾರ,సింహద్వారం,siṁhadvāra,siṁhadvāraṁ,,kn: ನಗರ ಅಥವಾ ಕೋಟೆಯ ಮುಖ್ಯದ್ವಾರ || te: పెద్ద తలుపు,form_similar,,,,
B000859,ಸೂತ್ರಧಾರಿ,సూత్రధారి.,sūtradhāri,sūtradhāri.,,"kn: ಸಹೃದಯಿ, ಧರ್ಮಿ ಮತ್ತು ಯಾವಾಗಲೂ ಬೇರೆಯರಿಗೆ ಸಹಾಯಮಾಡುವಂತಹ ವ್ಯಕ್ತಿ || te: ఎదైన సంస్థ మొదలగువాటిని ప్రారంభించినవాడు.",form_similar,,,,
B000860,ಸೂರ್ಯ-ಕಾಂತಿ,సూర్యకాంతి,sūrya-kāṁti,sūryakāṁti,,kn: ಸೂರ್ಯನ ಕಡೆಗೆ ಮುಖಮಾಡಿ ನಿಲ್ಲುವ ಹಳದಿ ಹೂಗಳನ್ನು ಬಿಡುವ ಒಂದು ಜಾತಿಯ ಗಿಡ ಮತ್ತು ಅದರ ಹೂವು || te: సూర్యుడినుంచి వచ్చే కిరణాలు,form_similar,,,,
B000861,ಸೌರ_ಶಕ್ತಿ,సౌరశక్తి,saura_śakti,sauraśakti,,kn: ಸೂರ್ಯನ ಕಿರಣ ಮತ್ತು ಬಿಸಿಲಿನಿಂದ ಪ್ರಾಪ್ತಿಯಾಗುವ ವಿದ್ಯುತ್ ಶಕ್ರಿಯ || te: సూర్యుడినుంచి వచ్చే కిరణాలు,form_similar,,,,
B000862,ಹಸ್ತಶಿಲ್ಪಿ,హస్తశిల్పి.,hastaśilpi,hastaśilpi.,,kn: ಶಲ್ಪಗಳ ಕೆಲಸವನ್ನು ಮಾಡುವ ವ್ಯಕ್ತಿ || te: చేతితో తయారు చేసే మానవాకృతి,form_similar,,,,
B000863,ಹಿತವಚನ,హితవచనం,hitavacana,hitavacanaṁ,,kn: ಒಳ್ಳೆಯತನವನ್ನು ಹೇಳುವ ಅಥವಾ ಒಳ್ಳೆಯ ಗುಣಗಳನ್ನು ಹೊಂದಿದ ಮಾತುಗಳು || te: ఇది యిట్లే చేయాలని ఇచ్చు ఉత్తరువు.,form_similar,,,,
B000864,ಅಂತರಂಗ,అంతరంగం,aṁtaraṁga,aṁtaraṁgaṁ,,kn: ಮನಸ್ಸಿನಲ್ಲಿ ಉಂಟಾಗುವ ಭಾವನೆ ಅಥವಾ ವಿಚಾರ || te: మనస్సు యొక్క ఒక శక్తి దీని వలన మంచి చెడ్డ స్పష్టంగా తెలుస్తుంది.,form_similar,,,,
B000865,ಅಂತರ್ಧಾನ,అంతర్ధార,aṁtardhāna,aṁtardhāra,,"kn: ಯಾವುದಾದರು ವರ್ಗ ಅಥವಾ ಸಮಾಜದ ಒಳಗಿಂದೊಳಗಿರುವ ನಿಶ್ಚಿತವಿಚಾರ ಅಥವಾ ವಿಚಾರ ಸಾಧಾರಣತೆಗಿಂತ ಎತ್ತರಕ್ಕೆ ಹೋಗುವುದಿಲ್ಲ || te: నదులు, సముద్రం మొదలైన వాటిలో వుండే నీరు",form_similar,,,,
B000866,ಅಂತರ್ಮುಖಿ,అంతర్ముఖ,aṁtarmukhi,aṁtarmukha,,kn: ತನ್ನದೇ ಆದ ಆಲೋಚನೆಗಳು ಮತ್ತು ಭಾವನೆಗಳಲ್ಲಿ ಮುಳುಗಿ ಹೊರಗಿನ ವಿಷಯ ಅಥವಾ ವಸ್ತುಗಳ ಬಗ್ಗೆ ಆಸಕ್ತಿಯಿಲ್ಲದವನು || te: సమయానుకూలంగా ముఖాన్ని చూపించేటటువంటి,form_similar,,,,
B000867,ಅಗರಬತ್ತಿ,అగరుబత్తి,agarabatti,agarubatti,,kn: ಸುಂಗಧಕ್ಕಾಗಿ ಹಚ್ಚಿ ಉರಿಸುವಂತಹ ಬತ್ತಿ || te: దేవుడి దగ్గర వెలిగించే సువాసన గల కడ్డీలు,form_similar,,,,
B000868,ಅಗ್ನಿಹೋತ್ರ,అగ్నిహోత్రం,agnihōtra,agnihōtraṁ,,kn: ಒಂದು ಪ್ರಕಾರದ ಯಾಗ || te: లోక కళ్యాణం కొరకు పండితులు చేసె యాగం,form_similar,,,,
B000869,ಅಧ್ಯಯನ,అధ్యయనం,adhyayana,adhyayanaṁ,,kn: ಯಾವುದೇ ವಿಷಯವನ್ನು ಆಳವಾಗಿ ತಿಳಿಯಲು ಆಯಾ ವಿಷಯದಲ್ಲಿ ಹೆಚ್ಚಿನ ಓದಿಗೆ ತೆರೆದುಕೊಳ್ಳುವುದು || te: పుస్తకము లేక ఏదేని వ్రాయబడిన విషయాన్ని చూసి చదివే క్రియ.,form_similar,,,,
B000870,ಅನಂತರದ,అనంతరజ,anaṁtarada,anaṁtaraja,,kn: ಒಂದಾದ ನಂತರ ಮತ್ತೊಂದು || te: చెల్లెలు లేక అక్క.,form_similar,,,,
B000871,ಅನುಕರಣ,అనుకరణం,anukaraṇa,anukaraṇaṁ,,kn: ಇತರರನ್ನು ಅಥವಾ ಇತರ ಸಂಗತಿಯನ್ನು ನೋಡಿ ಅದೇ ರೀತಿ ಮಾಡುವುದು || te: ఒక భాష నుండి వేరొక్క భాషలోకి మార్చడం.,form_similar,,,,
B000872,ಅನುಗಮನ,అనుగమనం,anugamana,anugamanaṁ,,kn: ಯಾರೋ ಒಬ್ಬರ ಹಿಂದೆ ಹಿಂದೆ ನಡೆಯುವ ಕ್ರಿಯೆ || te: ఇతరులు చేసే పనులను చూసి చేయుట.,form_similar,,,,
B000873,ಅಪಹರಣ,అపహరణ.,apaharaṇa,apaharaṇa.,,kn: ಬಚ್ಚಿಟ್ಟುಕೊಂಡು ಇನ್ನೊಬ್ಬರ ವಸ್ತುವನ್ನು ತಗೆದುಕೊಳ್ಳುವ ಕ್ರಿಯೆ ಅಥವಾ ಭಾವನೆ || te: డబ్బును దొంగలించటం,form_similar,,,,
B000874,ಅಪಾರ್ಟ್_ಮೆಂಟ್,అపార్ట్‍మెంట్,apārṭ_meṁṭ,apārṭmeṁṭ,,kn: ಬಹುಮಹಡಿಯ ಭವನದಲ್ಲಿ ಯಾವುದಾದು ಅಂತಸ್ತಿನಲ್ಲಿ ವಿಶೇಷ ರೂಪದಲ್ಲಿ ನಿರ್ಮಿಸಲಾಗಿರುವ ಮನೆಗಳಲ್ಲಿನ ಒಂದು ಮನೆ ಅದರಲ್ಲಿ ಒಂದಕ್ಕಿಂತ ಅಧಿಕವಾದ ಕೊಠಡಿಗಳಿರುತ್ತವೆ || te: చాలా కుటుంబాలు ఒకే చోట నివసించే భవనం,form_similar,,,,
B000875,ಅಪ್ರಮುಖ,అప్రముఖం,apramukha,apramukhaṁ,,kn: ಯಾವುದೇ ಕಾರಣಕ್ಕೂ ಅಷ್ಟೇನು ಮುಖ್ಯವಾಗದುದು || te: ప్రాముఖ్యత లేకపోవుట,form_similar,,,,
B000876,ಅಲಂಕರಣೆ,అలంకరణ,alaṁkaraṇe,alaṁkaraṇa,,"kn: ಅಲಂಕರಿಸುವ ಕೆಲಸ ಮಾಡಿದಂತಹ || te: ఆడవారు బట్టలు, ఆభరణాలతో తమనుతాము ముస్తాబు చేయడం.",form_similar,,,,
B000877,ಅವಲೋಕನ,అవలోకనం,avalōkana,avalōkanaṁ,,kn: ಒಳ್ಳೆಯ ರೀತಿಯಲ್ಲಿ ಪರೀಕ್ಷೆಯನ್ನು ಮಾಡಲು ಯಾವುದೋ ಒಂದನ್ನು ಸರಿಯಯಾಗಿ ನೋಡುವ ಕ್ರಿಯೆ || te: ఒక విషయాన్ని గూర్చి సమగ్రంగా పరిశీలించి దానిలోని మంచిచెడులను ఎత్తిచూపే క్రియ.,form_similar,,,,
B000878,ಅವಿಧೇಯತೆ,అవిధేయత,avidhēyate,avidhēyata,,"kn: ಅಪ್ಪಣೆ, ಆಜ್ಞೆ, ಕಟ್ಟಳೆ ಮೀರಿ ನಡೆಯುವುದು (ಅಧಿಕಾರಿ ಅಥವಾ ಆದೇಶ) || te: ఎగతాళిగా గేలి చేసి మాట్లాడటం.",form_similar,,,,
B000879,ಅವಿವಾಹಿತ,అవివాహిత.,avivāhita,avivāhita.,,kn: ಯಾರಿಗೆ ವಿವಾಹವಾಗಿಲ್ಲವೋ || te: పురుషుని ముఖము ఎరగని పడుచు.,form_similar,,,,
B000880,ಅಸಂತೃಪ್ತ,అసంతృప్తి,asaṁtr̥pta,asaṁtr̥pti,,kn: ಯಾವುದು ತೃಪ್ತವಾಗಿಲ್ಲವೋ || te: అనుకొన్నది జరగకపోతే మనస్సునందు కలిగే భావన.,form_similar,,,,
B000881,ಅಸಮರ್ಥ,అసమర్థం,asamartha,asamarthaṁ,,kn: ಯೋಗ್ಯತೆ ಇಲ್ಲದಿರುವವ || te: సమంజసం లేని.,form_similar,,,,
B000882,ಅಸ್ಪೃಶ್ಯತೆ,అస్పృశ్యత,aspr̥śyate,aspr̥śyata,,kn: ಧಾರ್ಮಿಕ ಮತ್ತು ಸಾಮಾಜಿಕ ದೃಷ್ಟಿಗಳಿಂದ ಯಾವುದಾದರು ಅಸ್ಪೃಶ್ಯತೆಯನ್ನು ಮುಟ್ಟದೇ ಇರುವ ವಿಚಾರ ಅಥವಾ ಭಾವ || te: ముట్టుకోవడానికి వీలుకానిది,form_similar,,,,
B000883,ಅಹಂಭಾವ,అహంభావం,ahaṁbhāva,ahaṁbhāvaṁ,,kn: ನಾನು ಇದ್ದೇನೆ ಅಥವಾ ನಾನು ಮಾಡುತ್ತೇನೆ ಎನ್ನುವುದರ ಭಾವ || te: నేనే గొప్పవాడనే భావం,form_similar,,,,
B000884,ಆತ್ಮತ್ಯಾಗ,ఆత్మత్యాగం,ātmatyāga,ātmatyāgaṁ,,"kn: ಯಾವುದಾದರು ಒಳ್ಳೆಯ ಕೆಲಸಕ್ಕಾಗಿ ಅಥವಾ ಬೇರೆಯವರಿಗಾಗಿ ತಮ್ಮ ಸುಖ, ಸಂತೋಷಗಳನ್ನು ತ್ಯಾಗ ಮಾಡುವ ಕ್ರಿಯೆ ಅಥವಾ ಭಾವ || te: ప్రేమ, భక్తి మొదలగు వాటి కోసం తమ మనస్సుని అర్పించడం",form_similar,,,,
B000885,ಆತ್ಮಾನಂದ,ఆత్మానందం,ātmānaṁda,ātmānaṁdaṁ,,kn: ಆತ್ಮಕ್ಕೆ ಆನಂದ ಅಥವಾ ಸಂತೋಷ || te: మనసుకు కలిగే సంతోషం,form_similar,,,,
B000886,ಇಂದ್ರಜಾಲ,ఇంద్రజాలం,iṁdrajāla,iṁdrajālaṁ,,kn: ಕೈ ಚಳಕದಿಂದ ಮಾಡುವ ಚಿತ್ರ ವಿಚಿತ್ರವಾದ ಆಟ ಅಥವಾ ಮನರಂಜನೆ || te: మనుష్యులను మబ్య పెట్టడం,form_similar,,,,
B000887,ಇಷ್ಟಪಡುವ,ఇష్టపడుట,iṣṭapaḍuva,iṣṭapaḍuṭa,,kn: ಯಾವುದೋ ಒಂದು ಮನಸ್ಸು ಬಯಸುವುದು || te: కావాలనుకోవుట లేక జరగాలనుకోవుట.,form_similar,,,,
B000888,ಉಪಕರಣ,ఉపకరణం,upakaraṇa,upakaraṇaṁ,,kn: ಯಾವುದಾದರು ಕೆಲಸಗಳಿಗೆ ಉಪಯೋಗವಾಗುವ ಸಾಮರ್ಥ್ಯವಿರುವ ವಸ್ತು || te: దీని సహాయంతో ఏదేని పనిని చేయవచ్చు,form_similar,,,,
B000889,ಉಪಶಮನ,ఉపశమనం,upaśamana,upaśamanaṁ,,kn: ಯಾವುದೇ ಅನುಚಿತ ಕೆಲಸ ವ್ಯವಸ್ಥೆ ಮುಂತಾದವುಗಳನ್ನು ತಡೆಯುವ ಕ್ರಿಯೆ || te: ఏదైన పనిచేసిన తర్వాత లేక వ్యాది తగ్గిన తరువాత కలుగు అనుభూతి.,form_similar,,,,
B000890,ಋಣಾತ್ಮಕ,ఋణాత్మకం,r̥ṇātmaka,r̥ṇātmakaṁ,,kn: ಋಣ ಪಕ್ಷದಲ್ಲಿ ಸಂಬಂಧವಿರುವ || te: నష్టం వచ్చినప్పుడు చూపించే చిహ్నం,form_similar,,,,
B000891,ಒಡಂಬಡಿಕೆ,ఒడంబడిక,oḍaṁbaḍike,oḍaṁbaḍika,,"kn: ರಾಜ್ಯ, ದಳ ಮೊದಲಾದವುಗಳಲ್ಲಿ ಆಗುವ ನಿಶ್ಚಯದ ಪ್ರಕಾರ ನಾವು ಪರಸ್ಪರ ಯುದ್ಧಮಾಡುವುದಿಲ್ಲ ಮತ್ತು ಮಿತ್ರತ್ವದ ಪೂರಕವಾಗಿ ಇರುತ್ತೇವೆ ಅಥವಾ ಇಂಥ ಕ್ಷೇತ್ರದಲ್ಲಿ ಇಂಥ ಪ್ರಕಾರದಲ್ಲಿ ವ್ಯವಹಾರವನ್ನು ಮಾಡುತ್ತೇವೆ || te: ఏదేని పని చేయుటకు రెండు పక్షాల మధ్యలో అయ్యే ఒడంబడిక",form_similar,,,,
B000892,ಕರಪತ್ರ,కరపత్రం,karapatra,karapatraṁ,,kn: ಗೋಡೆಯ ಮೇಲೆ ಅಂಟಿಸಿ ಸಾರ್ವಜನಿಕವಾಗಿ ಮಾಹಿತಿಗಳನ್ನು ಕೊಡುವಂಥ ಸೂಚನಾ ಪತ್ರ || te: ఒక విషయాన్నిగూర్చి తెలియజేయుటకు పలువురికి పంపబడే పత్రం.,form_similar,,,,
B000893,ಕಷ್ಟಕಾಲ,కష్టకాలం,kaṣṭakāla,kaṣṭakālaṁ,,kn: ಆ ದಿನದಲ್ಲಿ ಕಷ್ಟವನ್ನು ಕೊಡುವಂತಹ ಘಟನೆಗಳು ನಡೆಯುತ್ತದೆ || te: బాధతో కలిగిన పరిస్థితి,form_similar,,,,
B000894,ಕಷ್ಟಜೀವಿ,క్షష్టజీవి,kaṣṭajīvi,kṣaṣṭajīvi,,kn: ಆ ಹಣವನ್ನು ಯಾರು ಪರಿಶ್ರಮವನ್ನು ಪಟ್ಟಿದ್ದಾರೋ ಅದರ ಬದಲಾಗಿ ಹಣದ ಅಥವಾ ಪಾರಿತೋಷಕದ ರೂಪದಲ್ಲಿ ನೀಡುತ್ತಾರೆ || te: శ్రమచేసేటువంటి వ్యక్తి,form_similar,,,,
B000895,ಕಷ್ಟಪಟ್ಟು,కష్టపెట్టు,kaṣṭapaṭṭu,kaṣṭapeṭṭu,,"kn: ಪ್ರಯತ್ನ, ಶ್ರಮಗಳೊಂದಿಗೆ ಯಾವುದಾದರೊಂದು ಘಟನೆ ಅಥವಾ ಕೆಲಸ ನಡೆಯುವ ರೀತಿ || te: మానసికంగా లేదా శారీరకంగా హింసించుట.",form_similar,,,,
B000896,ಕಾಲ್ಪನಿಕ,కాల్పనిక.,kālpanika,kālpanika.,,kn: ವಾಸ್ತವವಾಗಿ ಇಲ್ಲದ್ದು || te: కల్పించి  చెప్పుట,form_similar,,,,
B000897,ಕ್ಷಯರೋಗ,క్షయరోగం,kṣayarōga,kṣayarōgaṁ,,kn: ಒಂದು ಅಸಾಧ್ಯ ರೋಗ ಅದು ರೋಗಿಯ ಶ್ವಾಶಕೋಶ ಕೊಳೆಯಿಸುತ್ತದೆ ಮತ್ತು ಪೂರ್ತಿ ಶರೀರ ನಿಧಾನವಾಗಿ ದುರ್ಬಲವಾಗುತ್ತಾ ಹೋಗುತ್ತದೆ || te: ఎక్కువ దగ్గు కలిగి మనిషి ఆరోగ్యం క్షీణిస్తూపోవడం.,form_similar,,,,
B000898,ಗಜದಂತ,గజదంతం,gajadaṁta,gajadaṁtaṁ,,"kn: ಹಿಂದೂಗಳ ಪ್ರಧಾನ ಮತ್ತು ಅಗ್ರಪೂಜೆಯನ್ನು ಮಾಡುವ ದೇವರು, ಮನುಷ್ಯ ಶರೀರವನ್ನು ಹೊಂದಿದ್ದು ಆನೆಯ ಮುಖವನ್ನು ಹೊಂದಿರುವ ದೆವರು || te: ఏనుగు దంతములతో చేసినది",form_similar,,,,
B000899,ಗರ್ವ_ಪಡು,గర్వపడు,garva_paḍu,garvapaḍu,,kn: ಅಭಿಮಾನದಿಂದ ತುಂಬಿದ ಪ್ರಕ್ರಿಯೆ || te: విర్రవీగడం,form_similar,,,,
B000900,ಗಾಂಧೀವಾದ,గాంధీవాదీ,gāṁdhīvāda,gāṁdhīvādī,,"kn: ಸತ್ಯ, ಅಹಿಂಸೆ ಮೊದಲಾದವುಗಳನ್ನು ಒಳಗೊಂಡ ಗಾಂಧೀಜಿಯವರ ಸಿದ್ಧಾಂತ ಅಥವಾ ವಾದ || te: గాంధీవాదాన్ని అనుసరించేటటువంటి",form_similar,,,,
B000901,ಗಾಬರಿಪಡು,గాబరాపడు,gābaripaḍu,gābarāpaḍu,,kn: ತಟಕ್ಕನೆ ನಡೆಯುವ ಯಾವುದೇ ಬಗೆಯ ಘಟನೆಗಳಿಂದ ಉಂಟಾಗುವ ಭಯಭರಿತ ಸಂವೇದನೆ || te: వెళ్తూ వెళ్తూ తటాలున స్తబ్ధుడై ఆగుట,form_similar,,,,
B000902,ಚಕ್ರವಾತ,చక్రవాతం,cakravāta,cakravātaṁ,,kn: ಚಕ್ರದಂಥೆ ಸುತ್ತುವ ಜೋರಾದ ಗಾಳಿ || te: ఒక భయంకరమైన గాలి,form_similar,,,,
B000903,ಚತುರ್ದಶಿ,చతుర్దశి.,caturdaśi,caturdaśi.,,kn: ಯಾವುದೇ ಪಕ್ಷದ ಹದಿನಾಲ್ಕನೆ ತಿಥಿ || te: పదికి నాలుగు కలిపిన వచ్చు సంఖ్య.,form_similar,,,,
B000904,ಚತುರ್ದಶಿ,చతుర్ధశి,caturdaśi,caturdhaśi,,kn: ಯಾವುದೇ ಪಕ್ಷದ ಹದಿನಾಲ್ಕನೆ ತಿಥಿ || te: చంద్రమాసంలో వచ్చే నాల్గవ తిథి,form_similar,,,,
B000905,ಚಿತ್ರಪಟ,చిత్రపటం,citrapaṭa,citrapaṭaṁ,,kn: ರೇಖೆ ಅಥವಾ ಬಣ್ಣ ಮುಂತಾದವುಗಳಿಂದ ಮಾಡಿದ ಯಾವುದೇ ವಸ್ತು ಅಥವಾ ಆಕೃತಿ || te: భూమి యొక్క ఏ భాగాన్నానైన తెలిపేది,form_similar,,,,
B000906,ತತ್ವಜ್ಞಾನ,తత్వజ్ఞాని,tatvajñāna,tatvajñāni,,"kn: ಒಂದು ವಿಚಾರ ಧಾರೆಯಲ್ಲಿ ಪ್ರಕೃತಿ, ಆತ್ಮ, ಪರಮಾತ್ಮ, ಮತ್ತು ಜೀವನದ ಅಂತಿಮ ಗುರಿ ಮುಂತಾದವುಗಳನ್ನು ವಿವೇಚನೆ ಮಾಡುವುದು || te: తత్వము లేక యధార్థమునకు సంబంధించినది",form_similar,,,,
B000907,ತಿರಸ್ಕಾರ,తిరస్కారం,tiraskāra,tiraskāraṁ,,kn: ಅವರ ಮಾತು ಮತ್ತು ಕೆಲಸದಿಂದ ಯಾರದೋ ಮಾನ ಅಥವಾ ಪತಿಪ್ಠೆ ಕಮ್ಮಿಯಾಗುವುದು || te: ఒప్పుకోకపోవడం.,form_similar,,,,
B000908,ದಸ್ತಾವೇಜು,దస్తావేజు.,dastāvēju,dastāvēju.,,kn: ಯಾವುದಾದರು ವಿಷಯದ ಸಂಬಂಧವಾಗಿ ಬರೆದಿರುವಂತಹ ಮಾತುಗಳು || te: కార్యాలయానికి సంబంధించిన సూచనలు ఇచ్చే పత్రం.,form_similar,,,,
B000909,ದಾರಿ-ತಪ್ಪು,దారితప్పు,dāri-tappu,dāritappu,,kn: ಭ್ರಷ್ಟನಾಗುವುದು ಅಥವಾ ಕೆಟ್ಟವರಾಗುವುದು || te: అటు_ఇటు తిరిగి వెళ్ళడం,form_similar,,,,
B000910,ದಾರಿ_ತಪ್ಪು,దారితప్పు,dāri_tappu,dāritappu,,kn: ರಸ್ತೆಯನ್ನು ಮರೆತು ಹೋಗಿ ಅಲ್ಲಿ ಇಲ್ಲಿ ಅಲೆಯುವ ಪ್ರಕ್ರಿಯೆ || te: అటు_ఇటు తిరిగి వెళ్ళడం,form_similar,,,,
B000911,ದಾರಿತಪ್ಪು,దారితప్పు.,dāritappu,dāritappu.,,kn: ಭ್ರಷ್ಟನಾಗುವುದು ಅಥವಾ ಕೆಟ್ಟವರಾಗುವುದು || te: -తప్పుడు మార్గంలో వెళ్లడం.,form_similar,,,,
B000912,ದುರ್ಗಂಧ,దుర్గంధం,durgaṁdha,durgaṁdhaṁ,,kn: ಹೀನವಾದ ರುಚಿಕರವಲ್ಲದ ಸುಗಂಧ || te: ఒక వస్తువు కుళ్ళిపోయినప్పుడు వచ్చే వాసన,form_similar,,,,
B000913,ದೇಶದ್ರೋಹಿ,దేశద్రోహి.,dēśadrōhi,dēśadrōhi.,,kn: ಯಾರು ದೇಶಕ್ಕೆ ದ್ರೋಹವನ್ನು ಮಾಡಿರುತ್ತಾರೋ || te: తమ దేశానికి విరుద్దంగా చేయబడిన విశ్వాసఘాతకము.,form_similar,,,,
B000914,ದೋಷಾರೋಪಣೆ,దోషారోపణ,dōṣārōpaṇe,dōṣārōpaṇa,,kn: ಮಾತು ಅಥವಾ ಕ್ರಿಯೆಯ ಮೂಲಕ ಒಬ್ಬರ ಮೇಲೆ ನಿಂದನೆ ಮಾಡುವುದು || te: ఏ ఆధారము లేకుండా తప్పును ఆరోపించడము,form_similar,,,,
B000915,ಧರ್ಮಶೀಲ,ధర్మశాల,dharmaśīla,dharmaśāla,,kn: ಯಾರೋ ಒಬ್ಬರು ಧರ್ಮವನ್ನು ಪಾಲಿಸುತ್ತಿರುವ ಅಥವಾ ಧರ್ಮದ ದಾರಿಯಲ್ಲಿ ನಡೆಯುವಂತಹ || te: యాత్రికులు విశ్రాంతి తీసుకునే స్థలం.,form_similar,,,,
B000916,ನಿಬಂಧನೆ,నిబంధన,nibaṁdhane,nibaṁdhana,,kn: ಯಾವುದೋ ಪ್ರಕಾರವಾಗಿ ನೆಲಸಿರುವ ರೀತಿ ಅಥವಾ ವ್ಯವಸ್ಥೆ || te: ఒక నిర్ణయంలో లేదా విధిలో వచ్చే సమస్యల నుండి బయటపడేందుకు ఇరువర్గాలు కుదుర్చుకొనే పరిష్కారం.,form_similar,,,,
B000917,ನಿಮಂತ್ರಣ,నియంత్రణ,nimaṁtraṇa,niyaṁtraṇa,,kn: ಆಮಂತ್ರಣದ ಮೂಲಕ ಮಂಗಳಕರ ದಿನದಂದು ದಾನವನ್ನು ನೀಡುವರು || te: నిషేధించబడిన ఏదైనా చర్య లేదా విషయం,form_similar,,,,
B000918,ನಿರಂಕುಶ,నిరంకుశం,niraṁkuśa,niraṁkuśaṁ,,kn: ಯಾರೋ ಒಬ್ಬರಿಗೆ ಯಾವುದೇ ಅಂಕುಶ ಅಥವಾ ತಡೆಯಿಲ್ಲದಿರುವುದು || te: అధికారాన్ని ఎక్కువగా ప్రదర్శించే తత్వం,form_similar,,,,
B000919,ನಿರಂತರ,నిరంతరం,niraṁtara,niraṁtaraṁ,,kn: ಒಂದಾದ ಮೇಲೊಂದರಂತೆ ಕ್ರಮವಾಗಿ ಬರುವುದು || te: విరామం లేకుడా ఉండుట.,form_similar,,,,
B000920,ನಿರುತ್ಸಾಹ,నిరుత్సాహం,nirutsāha,nirutsāhaṁ,,kn: ಯಾವುದೇ ವಿಷಯದಲ್ಲಿ ಕುತೂಹಲ ಇಲ್ಲದಿರುವಿಕೆ || te: తృప్తి లేకపోవడం.,form_similar,,,,
B000921,ನಿರ್ದೇಶಕ,నిర్దేశకం,nirdēśaka,nirdēśakaṁ,,"kn: ಯಾವುದಾದರೂ ಪ್ರಕಾರದ ನಿರ್ದೇಶನ ಮಾಡುವವನು || te: వస్తువు, శక్తి మొదలుగునవి చూపించే క్రియ.",form_similar,,,,
B000922,ನಿರ್ಧಾರಕ,నిర్ధారణ,nirdhāraka,nirdhāraṇa,,kn: ನಿರ್ಣಯ ತೆಗೆದುಕೊಳ್ಳುವುದರಲ್ಲಿ ಸಹಾಯವಾದದ್ದು || te: ఏదేని విషయము గూర్చి మనస్సులో ఉండే ఏదేని ఆలోచన.,form_similar,,,,
B000923,ನಿಷ್ಕಪಟ,నిష్కపటం,niṣkapaṭa,niṣkapaṭaṁ,,"kn: ಮನಸ್ಸು ಶುದ್ಧವಾಗಿರುವ ಅಥವಾ ಕಳ್ಳತನ ಅಥವಾ ಮೋಸ-ಕಪಟ ಮಾಡದೆ ಒಳ್ಳೆಯ ನಿಯತ್ತು ಇಟ್ಟುಕೊಂಡಿರುವ, || te: కపటములేని స్థితి లేక భావము",form_similar,,,,
B000924,ನಿಸ್ವಾರ್ಥ,నిస్వార్థం,nisvārtha,nisvārthaṁ,,kn: ಯಾವುದೇ ಬಗೆಯ ತನ್ನತನದ ಸ್ವಾರ್ಥ ಇಲ್ಲದಿರುವ ಗುಣ || te: స్వార్థము లేకపోవడం.,form_similar,,,,
B000925,ನೀಲಕಂಠ,నీలకంఠి,nīlakaṁṭha,nīlakaṁṭhi,,kn: ಸೃಷ್ಠಿಯನ್ನು ನಾಶ ಮಾಡುವ ಹಿಂದು ದೇವರು || te: మధురస్వరంతో పలికేటటువంటి పక్షి,form_similar,,,,
B000926,ನೀಲಿ-ರಂಗು,నీలిరంగు,nīli-raṁgu,nīliraṁgu,,kn: ಯಾವುದು ಬಣ್ಣ ಆಕಾಶ ಅಥವಾ ನೀಲಿ ಬಣ್ಣವಿರುತ್ತದೆಯೋ || te: రాముడి రంగు,form_similar,,,,
B000927,ನೀಲಿ_ರಂಗು,నీలిరంగు,nīli_raṁgu,nīliraṁgu,,kn: ಯಾವುದು ಬಣ್ಣ ಆಕಾಶ ಅಥವಾ ನೀಲಿ ಬಣ್ಣವಿರುತ್ತದೆಯೋ || te: రాముడి రంగు,form_similar,,,,
B000928,ನ್ಯಾಯವಾದಿ,న్యాయవాది.,nyāyavādi,nyāyavādi.,,kn: ಯಾರು ವಕೀಲವೃತ್ತಿಯ ಪರೀಕ್ಷೆಯನ್ನು ಪಾಸುಮಾಡಿರುವರೋ ಮತ್ತು ನ್ಯಾಯಾಲದಯಲ್ಲಿ ಯಾರದೋ ಪರವಾಗಿ ವಾದಮಾಡುವವ || te: నల్లకోటు ధరించేవాడు.,form_similar,,,,
B000929,ನ್ಯಾಯವಾದಿ,న్యాయవాధి,nyāyavādi,nyāyavādhi,,kn: ಯಾರು ವಕೀಲವೃತ್ತಿಯ ಪರೀಕ್ಷೆಯನ್ನು ಪಾಸುಮಾಡಿರುವರೋ ಮತ್ತು ನ್ಯಾಯಾಲದಯಲ್ಲಿ ಯಾರದೋ ಪರವಾಗಿ ವಾದಮಾಡುವವ || te: న్యాయస్థానంలో వాధించువాడు,form_similar,,,,
B000930,ಪಂಚಪಾತ,పంచపాత్ర,paṁcapāta,paṁcapātra,,kn: ಒಂದು ಸಸ್ಯದ ಎಲೆ ಮತ್ತು ಕಾಂಡದಿಂದ ಸುಗಂಧವಾದ ಎಣ್ಣೆ ದೊರೆಯುವುದು || te: లోటా ఆకారంలో వుండే రాగి పాత్ర,form_similar,,,,
B000931,ಪಂಚಾಯಿತಿ,పంచాయితి.,paṁcāyiti,paṁcāyiti.,,kn: ಹಳ್ಳಿಗಳಲ್ಲಿ ಯಾವುದಾದರೂ ಜಗಳ-ವಿವಾದಗಳನ್ನು ಬಗೆಹರಿಸಲು ಅಲ್ಲಿನ ಜನರೇ ಚುನಾಯಿಸಿ ನೇಮಿಸುವ ದಳ || te: జిల్లాలో ఒక భాగం,form_similar,,,,
B000932,ಪಕಾರಾಂತ,ఫకారాంత,pakārāṁta,phakārāṁta,,kn: ಯಾವುದರ ಅಂತ್ಯ ಪ ಅಕ್ಷರದಿಂದಾಗುತ್ತದೆಯೋ || te: ఏదైనా పదం అంతంలో ఫ అక్షరం వచ్చేటటువంటి,form_similar,,,,
B000933,ಪದ್ಮಾಸನ,పద్మాసనం,padmāsana,padmāsanaṁ,,kn: ಕುಳಿತುಕೊಳ್ಳುವಂತಹ ಒಂದು ಭಂಗಿ || te: యోగా సాధనలో కూర్చునే పద్ధతి,form_similar,,,,
B000934,ಪರಮಾತ್ಮ,పరమాత్మ.,paramātma,paramātma.,,kn: ಧರ್ಮ ಗ್ರಂಥಗಳ ಪ್ರಕಾರ ಅವರು ಶೇಷ್ಠ ಸತ್ಯ ಸೃಷ್ಟಿಯಲ್ಲಿ ಗೌರವಸಲು ಪಡುವರು || te: శ్రేష్టమైన ఆలోచనలు గల వ్యక్తి.,form_similar,,,,
B000935,ಪರಮಾರ್ಥಿ,పరమార్థ,paramārthi,paramārtha,,kn: ಯಥಾರ್ಥ/ಉಚಿತ ತತ್ವಗಳನ್ನು ಹುಡುಕಿಕೊಂಡು ಹೋಗುವವ || te: పరులకు ఉపకారం చేసేవాళ్ళు,form_similar,,,,
B000936,ಪರಿಪಾಲಕ,పరిపాలన,paripālaka,paripālana,,kn: ರಕ್ಷಣೆಯನ್ನು ಮಾಡುವ ವ್ಯಕ್ತಿ || te: రాజ్యంలోని అన్ని కార్యాలను ఏర్పాటు చేసి నిర్వహించుట.,form_similar,,,,
B000937,ಪರಿಷತ್ತು,పరిషత్తు.,pariṣattu,pariṣattu.,,"kn: ಪ್ರಾಚೀನ ಕಾಲದ ವಿದ್ವಾಂಸರುಗಳ, ಬ್ರಾಹ್ಮಣರುಗಳ ಸಭೆ ಇದನ್ನು ರಾಜ ಯಾವುದಾದರು ವಿಷಯದ ಬಗ್ಗೆ ತೀರ್ಮಾನವನ್ನು ತೆಗೆದು ಕೊಳ್ಳುವುದಕ್ಕೆ ಅಥವಾ ಚರ್ಚೆ ಮಾಡುವುದಕ್ಕೆ ಕರೆಯುತ್ತಿದ್ದನು || te: ఏదైన ఒక విషయాన్ని చర్చించడానికి కొంత మంది గుమిగూడినది",form_similar,,,,
B000938,ಪರೋಪಕಾರ,పరోపకారి,parōpakāra,parōpakāri,,kn: ಬೇರೆಯವರಿಗೆ ಮಾಡುವ ಉಪಕಾರ ಅಥವಾ ನೆರವು || te: పరులకు ఉపకారం చేసేవాళ్ళు,form_similar,,,,
B000939,ಪರ್ಯಟನ,పర్యటన.,paryaṭana,paryaṭana.,,"kn: ಒಂದು ಪ್ರದೇಶದಿಂದ ಇನ್ನೊಂದು ಪ್ರದೇಶಕ್ಕೆ ಹೋಗುವುದು || te: -పర్యాటకులకు సేవలందించే పని లేదా పర్యాటకులకు వుండటానికి,తినడానికి సౌకర్యాలను డబ్బు తీసుకొని కల్పించే పని.",form_similar,,,,
B000940,ಪಿತ್ತಕೋಶ,పిత్తకోశం,pittakōśa,pittakōśaṁ,,kn: ಯಕೃತ್ತಿನಲ್ಲಿ ಉತ್ಪತ್ತಿಯಾಗುವ ಪಿತ್ತರಸವು ಸಂಗ್ರಹವಾಗುವ ಕೋಶ || te: జీర్ణక్రియకు తోర్పడే కాలేయంలో ఏర్పడే పైత్యరసం.,form_similar,,,,
B000941,ಪುರುಷಾಂಗ,పురుషాంగం,puruṣāṁga,puruṣāṁgaṁ,,kn: ಪುರುಷನ ಜನನ ಅಂಗ/ಜನನ್ನೇಂದ್ರಿಯ || te: పురుషునిలో సంతానోత్పత్తికి సహాయపడునది.,form_similar,,,,
B000942,ಪೂರ್ಣಕಾಯ,పూర్ణకాయం,pūrṇakāya,pūrṇakāyaṁ,,"kn: ಯಾರು ಅಂಗವಿಕಲನಲ್ಲವೋ || te: వస్తువు, ప్రాణుల యొక్క శరీరంలోని అంగాలన్నీ కలిసినవి",form_similar,,,,
B000943,ಪ್ರಕರಣ,ప్రకరణం,prakaraṇa,prakaraṇaṁ,,kn: ನಿರ್ದೇಶಿಸಿದ ಭಾವ ಅಥವಾ ಕ್ರಿಯೆಯನ್ನು ಪ್ರಚೋದಿಸುವ ವಸ್ತು ಅಥವಾ ಸಂದರ್ಭ || te: ప్రణాళిక కలిగి ఉండటం.,form_similar,,,,
B000944,ಪ್ರತಿಕೂಲ,ప్రతికూలం,pratikūla,pratikūlaṁ,,kn: ಯಾವುದು ಅನುಕೂಲ ಅಥವಾ ಸಾಧನೆಯ ಜೊತೆ ಇಲ್ಲವೋ || te: అనుకూలత లేకపోవడం,form_similar,,,,
B000945,ಪ್ರತಿಪಕ್ಷ,ప్రతిపక్షి,pratipakṣa,pratipakṣi,,kn: ವಿರೋಧ ಸ್ಥಾನದಲ್ಲಿರುವ ಪಕ್ಷ || te: ఒకరి వినాశనాన్ని కోరుకునేవాడు,form_similar,,,,
B000946,ಪ್ರತಿವಾದ,ప్రతివాదం,prativāda,prativādaṁ,,"kn: ಯಾವುದೇ ಮಾತು, ವಾಕ್ಯ, ಸಂಗತಿ, ಸಿದ್ಧಾಂತ ಮುಂತಾದವುಗಳ ಖಂಡನೆ ಮಾಡುವುದಕ್ಕೋಸ್ಕರ ವಿರೋಧಿಸುವುದಕ್ಕಾಗಿ ಮಾಡುವ ಮಾತು ಅಥವಾ ವಾದ || te: పనిని ఆపడానికి వ్యతిరేకంగా చేసే క్రియ",form_similar,,,,
B000947,ಪ್ರತೀಕಾರ,ప్రతీకారం,pratīkāra,pratīkāraṁ,,kn: ಮಾಡಿದ ಕೆಲಸಕ್ಕೆ ಪ್ರತಿಯಾಗಿ ದೊರಕುವ ಫಲ || te: ఒక చర్యకు ప్రతి దిశలో జరుగు చర్య.,form_similar,,,,
B000948,ಪ್ರದರ್ಶಕ,ప్రదర్శన,pradarśaka,pradarśana,,"kn: ವಸ್ತು ಮೊದಲಾದವುಗಳನ್ನು ಪ್ರದರ್ಶನ ಮಾಡುವವರು || te: వస్తువు, శక్తి మొదలుగునవి చూపించే క్రియ.",form_similar,,,,
B000949,ಪ್ರವರ್ತಕ,ప్రవర్తన,pravartaka,pravartana,,kn: ಯಾವುದೇ ಒಂದು ಸಂಗತಿಯ ಹುಟ್ಟಿಗೆ ಕಾರಣವಾದವರು ಅಥವಾ ಒಂದರ ಹುಟ್ಟಿಗೆ ಮೂಲ ಕಾರಣಕರ್ತರಾದವರು || te: మంచి నడవడిక కలిగి మంచి ప్రవర్తన కలిగిన వాళ్ళు,form_similar,,,,
B000950,ಪ್ರಶಾಂತತೆ,ప్రశాంతత,praśāṁtate,praśāṁtata,,kn: ಒಂದು ಕಡೆ ಸ್ಥಿರವಾಗಿ ನಿಂತಿರುವ ಭಾವ ಅಥವಾ ಸ್ಥಿತಿ || te: అశాంతి కానిది,form_similar,,,,
B000951,ಪ್ರಸನ್ನತೆ,ప్రసన్నత,prasannate,prasannata,,"kn: ಯಾರಿಗೆ ಪ್ರಸನ್ನತೆ ಇದೆಯೋ || te: పగలు, ద్వేషాలు లేకుండా ఉండటం",form_similar,,,,
B000952,ಫಕಾರಾಂತ,పకారాంత,phakārāṁta,pakārāṁta,,kn: ಯಾವುದರ ಅಂತ್ಯವು ಫ ಅಕ್ಷರದಿಂದ ಆಗುತ್ತದೆಯೋ || te: ఏదైనా చివరలో ప అక్షరం వచ్చేటటువంటి,form_similar,,,,
B000953,ಬಂದಿಖಾನೆ,బందిఖానా,baṁdikhāne,baṁdikhānā,,"kn: ಪತ್ತೆ ಕೆಲಸಗಳನ್ನು ಪೂರೈಸಲು ಪೊಲೀಸರಿಗೆ ಕಾಲಾವಕಾಶ ಕೊಡುವ ಸಲುವಾಗಿ ಕೈದಿಗಳನ್ನು ಪೊಲೀಸರ ಯಾ ನ್ಯಾಯಾಧಿಕಾರಿಗಳ ವಶಕ್ಕೆ ಕೊಡುವುದು, || te: అపరాధులను, ఖైదీలను బంధించి ఉంచే ప్రదేశం",form_similar,,,,
B000954,ಬಲತ್ಕಾರ,బలత్కారం,balatkāra,balatkāraṁ,,kn: ಕಷ್ಟ ನೀಡುವ ಕ್ರಿಯೆ || te: ఇతరుల పైన బలత్కారంగా చేసే పని.,form_similar,,,,
B000955,ಬಲವಂತ,బలవంతం,balavaṁta,balavaṁtaṁ,,kn: ಧೈರ್ಯಶಾಲಿಯಾದ ಮತ್ತು ದೃಧವಾದ ಮೈಕಟ್ಟನು ಹೊಂದಿದ ಸಾಮಾನ್ಯರಿಗಿಂತ ಹೆಚ್ಚು ಬಲಶಾಲಿಯಾದ ವ್ಯಕ್ತಿ || te: ఇతరుల పైన బలత్కారంగా చేసే పని.,form_similar,,,,
B000956,ಭೂತಕಾಲ,భూతకాలం,bhūtakāla,bhūtakālaṁ,,kn: ವ್ಯಾಕರಣದಲ್ಲಿ ಆ ಕಾಲ ಕಳೆದುಹೋದ ಸಮಯದ ಕ್ರಿಯೆಗಳು ಅಥವಾ ಅವಸ್ಥೆಗಳ ಬಗ್ಗೆ ಹೇಳುತ್ತದೆ || te: రాబోయే కాలం.,form_similar,,,,
B000957,ಮನಸ್ತಾಪ,మనస్తాపం,manastāpa,manastāpaṁ,,kn: ಇಬ್ಬರು ವ್ಯಕ್ತಿಗಳು ಅಥವಾ ದಳಗಳ ಶತ್ರುತ್ವಪೂರ್ಣವಾದ ತಮ್ಮ-ತಮ್ಮ ಮಾತಿನ ಮೇಲೆ ಒಬ್ಬರಿಗೊಬ್ಬರ ಮೇಲೆ ವಿರುದ್ಧ ದೃಢವಾಗುವ ಭಾವ || te: బాధ కలిగినప్పుడు వచ్చేది,form_similar,,,,
B000958,ಮಲದ್ವಾರ,మలద్వారం,maladvāra,maladvāraṁ,,kn: ಸೊಂಟದ ಹಿಂದಿನ ಕೆಳಭಾಗ || te: మల విసర్జన చేసే భాగం,form_similar,,,,
B000959,ಮಹಾದ್ವಾರ,మహాద్వారం,mahādvāra,mahādvāraṁ,,kn: ದೊಡ್ಡ ಬಾಗಿಲು || te: ఏదేని భవనానికి ఉండే ప్రముఖ ద్వారం,form_similar,,,,
B000960,ಮಹಾರಾಷ್ಟ್ರೀ,మహారాష్ట్ర,mahārāṣṭrī,mahārāṣṭra,,kn: ಮಹಾರಾಷ್ಟ್ರದಲ್ಲಿ ನೆಲೆಸಿರುವ || te: భారతదేశపు ఒక రాష్ట్రం.,form_similar,,,,
B000961,ಮಹೋತ್ಸವ,మహోత్సవం,mahōtsava,mahōtsavaṁ,,kn: ಯಾವುದಾದರು ಸಂಸ್ಥೆಯು ಆರಂಭಗೊಂಡ ದಿನದ ವಾರ್ಷಿಕೋತ್ಸವ ಸಮಾರಂಭ || te: అది ఒక శుభకార్యం. దాన్ని ఘనంగా జరుపుకుంటారు.,form_similar,,,,
B000962,ಮಾಘಮಾಸ,మాఘమాసం,māghamāsa,māghamāsaṁ,,kn: ಮಾಘಮಾಸದಲ್ಲಿ ಬರುವ || te: పుష్యమాసంకు ఫాల్గునమాసంకు మధ్యలో వచ్చే మాసం,form_similar,,,,
B000963,ಮಾರ್ಗದರ್ಷಿ,మార్గదర్శి,mārgadarṣi,mārgadarśi,,"kn: ಯಾವುದೇ ಗುಂಪು ಅಥವಾ ಸಮೂಹವನ್ನು ಮುನ್ನಡೆಸಬಹುದಾದ ದಾರಿಯನ್ನು ಸೂಚಿಸಬಹುದಾದವರು || te: తన సూచనలతో, సలహాలతో ఒక ఒక మంచి పథము వైపు నడిపేవాడు",form_similar,,,,
B000964,ಮಿತವ್ಯಯ,మితవ్యయం,mitavyaya,mitavyayaṁ,,kn: ಅನಗತ್ಯವಾಗಿ ಖರ್ಚು ಮಾಡದೆ ಇರುವುದು || te: తక్కువ ధనం ఖర్చుచేయడం.,form_similar,,,,
B000965,ಮಿತಿಮೀರಿದ,మితిమీరిన,mitimīrida,mitimīrina,,kn: ಬಹಳ ಜಾಸ್ತಿ ಅಥವಾ ಲೆಕ್ಕವಿಲ್ಲದಷ್ಟಿರುವುದು || te: శరీరాన్ని అదుపులో పెట్టుకొనకపోవుట.,form_similar,,,,
B000966,ಮಿಥ್ಯಾವಾದ,మిధ్యావాద,mithyāvāda,midhyāvāda,,kn: ಒಂದು ಸಿದ್ಧಾಂತದ ಪ್ರಕಾರ ಬ್ರಹ್ಮ ಸತ್ಯ ಮತ್ತು ಜಗತ್ತು ಮಿಥ್ಯ ಬ್ರಹ್ಮನ ಕಾರಣ ಜಗತ್ತು ಸತ್ಯವೆಂದು ಪ್ರತೀತವಾಗಿರುವುದು || te: కల్పించి మాట్లాడేవాడు,form_similar,,,,
B000967,ಮೂಲವ್ಯಾದಿ,మూలవ్యాధి,mūlavyādi,mūlavyādhi,,kn: ಸ್ತ್ರೀ ಜನನಾಂಗದ ಇನೊಂದು ಭಾಗ || te: ఒకరకమైన చర్మరోగం,form_similar,,,,
B000968,ಯರ್ಜುರ್ವೇದ,యజుర్వేద,yarjurvēda,yajurvēda,,"kn: ನಾಲ್ಕು ವೇದಗಳಲ್ಲಿ ಎರಡನೆಯದು ಯಜ್ಞ, ಯಾಗಗಳನ್ನು ಮಾಡುವ ವಿವರಣೆಯನ್ನು ಹೊಂದಿದೆ || te: యజుర్వేదంలో జ్ఞానం వున్నటువంటి",form_similar,,,,
B000969,ರಕ್ತನಾಳ,రక్తనాళం,raktanāḷa,raktanāḷaṁ,,kn: ಶರೀರದಲ್ಲಿ ರಕ್ತ ಹೃದಯಕ್ಕೆ ಸಾಗಿಸುವ ನಾಳ || te: శరీర లేదా సహజమైన అవయవాలకు సంబందించిన సమూహము,form_similar,,,,
B000970,ರಣಭೇರಿ,రణభేరి.,raṇabhēri,raṇabhēri.,,kn: ಯುದ್ಧ ಸಮಯದಲ್ಲಿ ನುಡಿಸುತ್ತಿದ್ದ ಒಂದು ಪ್ರಕಾರದ ವಾದ್ಯ || te: యుద్ధం మొదలు అవ్వునప్పుడు చేయు శబ్దము.,form_similar,,,,
B000971,ರಮಣೀಯತೆ,రమణీయత,ramaṇīyate,ramaṇīyata,,kn: ಶೋಭಾಯಮಾನವಾಗುವ ಅವಸ್ಥೆ/ಸ್ಥಿತಿ ಅಥವಾ ಭಾವ || te: అందంగా వుండే క్రియ లేక భావన/భావము.,form_similar,,,,
B000972,ರಾಜಕುಮಾರ,రాజకుమారి,rājakumāra,rājakumāri,,kn: ಅವನು ರಾಜನ ಮಗ || te: రాజు యొక్క కుమార్తె,form_similar,,,,
B000973,ರಾಜಸ್ಥಾನ,రాజస్థానీ,rājasthāna,rājasthānī,,kn: ಭಾರತದ ಒಂದು ಮರುಭೂಮಿ ಅಥವಾ ಮರಳು ಭೂಮಿ ರಾಜ್ಯ || te: రాజస్థాన్ కు చెందిన,form_similar,,,,
B000974,ರಾಜಸ್ಥಾನಿ,రాజస్థాన్.,rājasthāni,rājasthān.,,kn: ರಾಜಸ್ಥಾನದ ಅಥವಾ ರಾಜಸ್ಥಾನಕ್ಕೆ ಸಂಬಂಧಿಸಿದ || te: భారతదేశములోని ఒక ఎడారి ప్రాంతము.,form_similar,,,,
B000975,ರೈಲು_ಬೋಗಿ,రైలుబోగి,railu_bōgi,railubōgi,,"kn: ರೈಲು ಗಾಡಿಯ ಇಂಜಿನುಗಳು ಕೂಡಿರುವ ನಾಲ್ಕು ಗಾಲಿ ಚಕ್ರಗಳಿದ್ದು ಒಂದು ದೊಡ್ಡ ಪೆಟ್ಟಿಗೆಯಂತೆ  ಸಂರಚನೆ ಆಗಿರುತ್ತದೆ || te: రైలు ఇంజనుకి తగిలించే ఒక పొడవైన డబ్బా, దీనిలోనే జనం కూర్చుంటారు",form_similar,,,,
B000976,ರೋಗ_ನಿರೋಧಕ_ಶಕ್ತಿ,రోగనిరోధకశక్తి,rōga_nirōdhaka_śakti,rōganirōdhakaśakti,,kn: ಶರೀರದ ಸಾಮರ್ಥ್ಯೆ ಹೊಂದಿರುವ ಜನರಿಗೆ ಯಾವುದೇ ತರಹದ  ಸಾಂಕ್ರಾಮಿಕ ರೋಗದಿಂದ ಪಾರಾಗುವರು ಅಥವಾ ಸುಲಭವಾಗಿ ರೋಗಕ್ಕೆ ಇಡಾಗುವುದಿಲ್ಲ || te: ఏ వ్యాధియైనా త్వరగా సోకకుండా శక్తి కలిగి వుండటం,form_similar,,,,
B000977,ವಿದ್ಯಾರ್ಥಿ,విద్యార్థి.,vidyārthi,vidyārthi.,,kn: ಯಾರೋ ಒಬ್ಬ ವ್ಯಕ್ತಿಯು ಶಿಕ್ಷಣ ನೀಡುವ ಸಂಸ್ಥೆಯಲ್ಲಿ ವಿದ್ಯೆಯನ್ನು ಕಲಿಯಲು ಬಂದಿರುವನು || te: విద్యను ఆర్జించేవాడు.,form_similar,,,,
B000978,ವಿಧ್ವಂಸ,విధ్వంసం,vidhvaṁsa,vidhvaṁsaṁ,,kn: ಪೂರ್ತಿಯಾಗಿ ನಾಶಗೊಳಿಸುವುದು || te: ప్రకృతిని నాశనం చేసేది,form_similar,,,,
B000979,ವಿಭಾಜಕ,విభాజకం,vibhājaka,vibhājakaṁ,,kn: ಆ ಅಂಕ ಅಥವಾ ಸಂಖ್ಯೆಯಿಂದ ಯಾವುದೇ ಸಂಖ್ಯೆ ಅಥವಾ ರಾಶಿಯನ್ನು ಭಾಗಕಾರ ಮಾಡುವರು || te: దేనితో అయితే విభజించబడుతుందో,form_similar,,,,
B000980,ವೈಕುಂಠ,వైకుంఠం,vaikuṁṭha,vaikuṁṭhaṁ,,kn: ಮನಮೋಹಕ ಮತ್ತು ಸುಖಃದಾಯಕವಾದ ಸ್ಥಳ ಅಥವಾ ಸ್ಥಾನ || te: విష్ణువు నివాసముండే స్థలం,form_similar,,,,
B000981,ವ್ಯಭಿಚಾರ,వ్యభిచారి,vyabhicāra,vyabhicāri,,kn: ಆ ಕಾರ್ಯ ನೀತಿಗೆ ವಿರುದ್ಧವಾದದ್ದು || te: చెడుపనులు చేసే వ్యక్తి.,form_similar,,,,
B000982,ವ್ಯವಹಾರ,వ్యవహారం,vyavahāra,vyavahāraṁ,,kn: ಯಾವುದೋ ವಸ್ತುವನ್ನು ಉಪಯೋಗಕ್ಕೆ ಬರುವಂತೆ ಮಾಡುವ ಕ್ರಿಯೆ ಅಥವಾ ಭಾವನೆ || te: సామాజిక సంబంధంలో ఇతరులతో చేయు ప్రవర్తన.,form_similar,,,,
B000983,ಶತ್ರುವಿನ,శత్రువైన,śatruvina,śatruvaina,,kn: ಯಾರ ಒಬ್ಬರ ಜೊತೆ ಹಗೆತನವಿರುವುದು || te: విరుద్దముగా విద్రోహక పని చేసేవాడు.,form_similar,,,,
B000984,ಸಂಕ್ಷಿಪ್ತ,సంక్షిప్తం,saṁkṣipta,saṁkṣiptaṁ,,kn: ಯಾವುದೋ ಒಂದರ ಮೇಲೆ ಹಸ್ತಾಕ್ಷರದ ರೂಪದಲ್ಲಿ ಹೆಸರಿನ ಆರಂಭದ ಅಕ್ಷರವನ್ನು ಬರೆಯುವ || te: కార్యానికి సంబంధించిన ముఖ్య విషయాలు తెలియజేయుట.,form_similar,,,,
B000985,ಸಂಘಟನೆ,సంఘటన,saṁghaṭane,saṁghaṭana,,kn: ಒಂದಾಗುವಂತಹ ಅವಸ್ಥೆ ಅಥವಾ ಭಾವ || te: ఏదో ఒక సమయంలో జరిగినది,form_similar,,,,
B000986,ಸಂತುಲನ,సంతులనం,saṁtulana,saṁtulanaṁ,,kn: ಸರಿಸಾಟಿಯಾಗಿರುವುದು || te: కొలతలో నమానంగా వుండటం.,form_similar,,,,
B000987,ಸಂಪನ್ನತೆ,సంపన్నత,saṁpannate,saṁpannata,,kn: ಶ್ರೀಮಂತ/ಧನ ಸಂಪನ್ನ ಅಥವಾ ಸಮೃದ್ದಿಪೂರ್ಣವಾದ ಪರಿಸ್ಥಿತಿ ಅಥವಾ ಭಾವ || te: సంపదతో కూడినది,form_similar,,,,
B000988,ಸಂಪೂರ್ಣತೆ,సంపూర్ణత,saṁpūrṇate,saṁpūrṇata,,kn: ಪರಿಪೂರ್ಣತೆ ಆಗುವ ಸ್ಥಿತಿ ಅಥವಾ ಭಾವನೆ ಅಥವಾ ಅದಲ್ಲಿ ಯಾವುದೇ ಕುಂದು-ಕೊರತೆ ಇಲ್ಲದೆ ಇರುವುದು || te: మిగలకుండా ఉండుట.,form_similar,,,,
B000989,ಸಂಬಂಧಿ,సంబంధి.,saṁbaṁdhi,saṁbaṁdhi.,,kn: ರಕ್ತ ಸಂಬಂಧ ಅಥವಾ ರಕ್ತ ಸಂಬಂಧಕ್ಕೆ ಹತ್ತಿರದ ಕರುಳು ಬಳ್ಳಿ ಸಂಬಂಧವನ್ನು ಹೊಂದಿದವರು || te: పిల్లను ఇచ్చిన వాళ్ళు పుచ్చుకున్న వాళ్ళు,form_similar,,,,
B000990,ಸಂರಕ್ಷಕ,సంరక్షణ,saṁrakṣaka,saṁrakṣaṇa,,kn: ರಕ್ಷಣೆಯ ಜವಾಬ್ದಾರಿ ಇರುವ ವ್ಯಕ್ತಿ || te: కంటికి రెప్పలా బాద్యత నిర్వహించటం,form_similar,,,,
B000991,ಸಂವೃದ್ಧಿ,సంమృద్ధి,saṁvr̥ddhi,saṁmr̥ddhi,,kn: ದಿವ್ಯವಾದ ಅಲೌಕಿಕ ಶಕ್ತಿಯಿಂದ ಯುಕ್ತವಾದ ಬಹಳ ಯೋಗ್ಯತೆ ಮತ್ತು ಗುಣವನ್ನು ಹೊಂದಿರುವ ವ್ಯಕ್ತಿ || te: ఉన్నతి యొక్క భావన.,form_similar,,,,
B000992,ಸಂಶೋಧಕ,సంశోధన,saṁśōdhaka,saṁśōdhana,,"kn: ಯಾವುದೇ ಹೊಸ ವಸ್ತು, ಸಂಗತಿಯನ್ನು ಸಂಶೋಧನೆಯ ಮೂಲಕ ಬೆಳಕಿಗೆ ತಂದವ || te: క్రొత్త విషయాలను కనుగొనుట.",form_similar,,,,
B000993,ಸಚ್ಚರಿತ್ರ,సచ్చరిత,saccaritra,saccarita,,kn: ಒಳ್ಳೆಯ ಗುಣವುಳ್ಳ ಅಥವಾ ಎಲ್ಲರಿಗೂ ಇಷ್ಟವಾಗುವ ಒಳ್ಳೆಯ ನಡತೆಯುಳ್ಳ ಪುರುಷ ಅಥವಾ ಮಹಿಳೆ || te: మంచి లక్షణాలను కలిగివుండటం.,form_similar,,,,
B000994,ಸತ್ಯಾಗ್ರಹ,సత్యాగ్రహి,satyāgraha,satyāgrahi,,kn: ಯಾವುದೇ ಸತ್ಯ ಅಥವಾ ನ್ಯಾಯಪೂರ್ಣ ಪಕ್ಷವನ್ನು ಸ್ಥಾಪಿಸಲು ಶಾಂತಿಯಿಂದ ಚಳುವಳಿ ಮಾಡುವ ಕ್ರಿಯೆ || te: సత్యాగ్రహమును చేయువాడు,form_similar,,,,
B000995,ಸನ್ನಿವೇಶ,సన్నివేశం,sannivēśa,sannivēśaṁ,,"kn: ಯಾವುದೇ ವ್ಯಕ್ತಿ, ವಸ್ತು, ದೇಶ ಮೊದಲಾದವುಗಳು ಇರುವ ಸ್ಥಳ ಮತ್ತು ಅದರ ಸುತ್ತಮುತ್ತಲಿನ ಸಧ್ಯದ ಪರಿಸರ ಅಥವಾ ಸ್ಥಿತಿ || te: నాటకంలో ఒక సన్నివేశాన్ని తెలియజేసే భాగం",form_similar,,,,
B000996,ಸನ್ಯಾಸಿನಿ,సన్యాసిని.,sanyāsini,sanyāsini.,,kn: ಯಾವುದೇ ಒಬ್ಬ ಮಹಿಳೆಯು ವೈರಾಗ್ಯದಿಂದ ಸನ್ಯಾಸ ಸ್ವೀಕರಿಸಿರುವಳು || te: బ్రహ్మచర్యం పాటించే స్త్రీ,form_similar,,,,
B000997,ಸಮನ್ವಯ,సమన్వయం,samanvaya,samanvayaṁ,,"kn: ರೂಪ, ಪ್ರಕಾರ, ಗುಣ ಇತ್ಯಾದಿಗಳ ಸಮಾನವಾಗಿ, ಹಿತವಾಗಿ ಮೇಳೈಸಿರುವ || te: ఇరువురు వ్యక్తులు కలిసి ఒక్కటయ్యే స్థితి",form_similar,,,,
B000998,ಸಮರ್ಥಕ,సమర్థత,samarthaka,samarthata,,kn: ಮಾನಸಿಕವಾಗಿ ಮತ್ತು ದೈಹಿಕವಾಗಿ ಹೆಚ್ಚು ಸಾಮರ್ಥ್ಯ ಇರುವವ || te: సఫలం పొందడం.,form_similar,,,,
B000999,ಸಮರ್ಥಕ,సమర్థన,samarthaka,samarthana,,"kn: ಮಾನಸಿಕವಾಗಿ ಮತ್ತು ದೈಹಿಕವಾಗಿ ಹೆಚ್ಚು ಸಾಮರ್ಥ್ಯ ಇರುವವ || te: మానవుని యొక్క తెలివి, అనుభవము తెలుసుకోవడం.",form_similar,,,,
B001000,ಸಮರ್ಥನೆ,సమర్థన,samarthane,samarthana,,"kn: ತನ್ನನ್ನು ರಕ್ಷಿಸಿಕೊಳ್ಳಲು ಅಥವಾ ಬೇರೆ ಉದ್ದೇಶಕ್ಕಾಗಿ ಹೇಳುವ ಸುಳ್ಳು || te: మానవుని యొక్క తెలివి, అనుభవము తెలుసుకోవడం.",form_similar,,,,
B001001,ಸಮರ್ಥಿತ,సమర్థత,samarthita,samarthata,,kn: ಯಾರ ಸಮರ್ಥನೆಯನ್ನು ಮಾಡಲಾಗಿದೆಯೋ || te: సఫలం పొందడం.,form_similar,,,,
B001002,ಸಮಾಧಾನ,సమాధానం,samādhāna,samādhānaṁ,,kn: ಚಂಚಲವಾಗದ ವ್ಯಕ್ತಿ || te: ఏదైన ప్రశ్నకు లేక మాటకు తిరిగి మాఱుమాట చెప్పడం.,form_similar,,,,
B001003,ಸರ್ವವ್ಯಾಪೀ,సర్వవ్యాపి,sarvavyāpī,sarvavyāpi,,kn: ಎಲ್ಲಾ ಜಾಗದಲ್ಲಿಯು ವ್ಯಾಪಿಸಿರುವಂತಹ || te: ఎవరైతే అంతటా ఉంటాడో,form_similar,,,,
B001004,ಸಹಚರ್ಯ,సహచర్యం,sahacarya,sahacaryaṁ,,kn: ಯಾವುದೇ ಬಗೆಯ ಸಂಪರ್ಕ ಇರುವ || te: రక్తసంబంధం కానిది,form_similar,,,,
B001005,ಸಾಧಾರಣ,సాధారణం,sādhāraṇa,sādhāraṇaṁ,,kn: ಅಷ್ಟೇನು ಪರಿಚಯವಿಲ್ಲದ ಅಥವಾ ಪ್ರಸಿದ್ದಿಗೆ ಬರದೇ ಇರುವ || te: ఎల్లప్పుడూ సార్వజనీనంగా ఉండు భావన.,form_similar,,,,
B001006,ಸಾಮರ್ಥ್ಯ,సామర్థ్యం,sāmarthya,sāmarthyaṁ,,kn: ಯಾವುದೇ ಪದವಿ ಕಾರ್ಯ ಮುಂತಾದವುಗಳಿಗೆ ಯೋಗ್ಯತೆ ಹೊಂದಿರುವುದು || te: ఎంతటి పనినైన చేయగలగడం,form_similar,,,,
B001007,ಸುಖಾಸನ,సుఖాసనం,sukhāsana,sukhāsanaṁ,,kn: ಸುಖ ಸಂತೋಷವನ್ನು ನೀಡುವಂತಹ ಆಸನ ಅಥಾವ ಆಸನವೊಂದರ ಮೇಲೆ ಕುಳಿತಾಗ ಸುಖದ ಅನುಭವ ಆಗುವಂತಹದು || te: చేతుల ఆధారంగా పద్మాసనంలో కూర్చోవడం,form_similar,,,,
B001008,ಸುದರ್ಶನ,సుదర్శనం,sudarśana,sudarśanaṁ,,kn: ಭಗವಂತನಾದ ವಿಷ್ಣುವಿನ ಚಕ್ರ || te: తెల్ల పూలు పూచే ఒక మొక్క,form_similar,,,,
B001009,ಸ್ಥಿರತ್ವ,స్థిరత్వం,sthiratva,sthiratvaṁ,,kn: ಆ ಹೇಳಿಕೆ ಅಥವಾ ತತ್ವದಿಂದ ಯಾವುದೇ ಚರ್ಚೆ ಅಥವಾ ಪ್ರಸ್ತಾಪ ಯಶಸ್ವಿಯಾಗದೇ ಇರುವುದು || te: నమ్మకం రావటం,form_similar,,,,
B001010,ಸ್ಥಿರಾಸ್ಥಿ,స్థిరాస్తి,sthirāsthi,sthirāsti,,"kn: ಜಮೀನು, ತೋಟ, ಮನೆ ಮುಂತಾದ ರೂಪದಲ್ಲಿರುವ ಆಸ್ಥಿ || te: ఒక చోటి నుండి మరొక చోటికి తీసుకెళ్లలేనిది.",form_similar,,,,
B001011,ಸ್ವತಂತ್ರ,స్వతంత్రం,svataṁtra,svataṁtraṁ,,kn: ಯಾರೊಬ್ಬರ ಆಧೀನದಲ್ಲೂ ಇಲ್ಲದಿರುವಿಕೆ || te: బానిసత్వం నుంచి విడుదల పొందటం,form_similar,,,,
B001012,ಹಿಂದುಸ್ತಾನಿ,హిందుస్తాన్,hiṁdustāni,hiṁdustān,,kn: ಭಾರತದ ಅಥವಾ ಭಾರತಕ್ಕೆ ಸಂಬಂದಪಟ್ಟ || te: ఆసియా ఖండములో ఒక ఉపఖండము.,form_similar,,,,
B001013,ಶತಭಿಷ-ನಕ್ಷತ್ರ,శతభిష_నక్షత్రం,śatabhiṣa-nakṣatra,śatabhiṣa_nakṣatraṁ,,kn: ಯಾವ ಕಾಲ ಚಂದ್ರ ಶತಭಿಷ ನಕ್ಷತ್ರದಲ್ಲಿ ಇರುತ್ತಾನೋ || te: ఇరవై ఏడు నక్షత్రాలలో ఇరవై నాలుగవ నక్షత్రం,form_similar,,,,
B001014,ಶತಭಿಷನಕ್ಷತ್ರ,శతభిష_నక్షత్రం,śatabhiṣanakṣatra,śatabhiṣa_nakṣatraṁ,,kn: ಯಾವ ಕಾಲ ಚಂದ್ರ ಶತಭಿಷ ನಕ್ಷತ್ರದಲ್ಲಿ ಇರುತ್ತಾನೋ || te: ఇరవై ఏడు నక్షత్రాలలో ఇరవై నాలుగవ నక్షత్రం,form_similar,,,,
B001015,1000000000000000,100000000000000000,1000000000000000,100000000000000000,,kn: ಒಂದು ಕೋಟಿ ಕೋಟಿ || te: పది లక్షల పదివేలకోట్లు,form_similar,,,,
B001016,1000000000000000,౧౦౦౦౦౦౦౦౦౦౦౦౦౦౦౦౦౦,1000000000000000,100000000000000000,,kn: ಒಂದು ಕೋಟಿ ಕೋಟಿ || te: పది లక్షల పదివేలకోట్లు,form_similar,,,,
B001017,100000000000000000,1000000000000000,100000000000000000,1000000000000000,,kn: ಒಂದರ ಮುಂದೆ ಹದಿನೇಳು ಸೊನ್ನೆಗಳನ್ನು ಹಾಕುವುದರಿಂದ ಪ್ರಾಪ್ತವಾಗುವ ಸಂಖ್ಯೆ || te: పదివేల పదివేలకోట్లు,form_similar,,,,
B001018,100000000000000000,౧౦౦౦౦౦౦౦౦౦౦౦౦౦౦౦,100000000000000000,1000000000000000,,kn: ಒಂದರ ಮುಂದೆ ಹದಿನೇಳು ಸೊನ್ನೆಗಳನ್ನು ಹಾಕುವುದರಿಂದ ಪ್ರಾಪ್ತವಾಗುವ ಸಂಖ್ಯೆ || te: పదివేల పదివేలకోట్లు,form_similar,,,,
B001019,ಅಂಗೀಕೃತ,అంగీకృతి,aṁgīkr̥ta,aṁgīkr̥ti,,kn: ಯಾವುದನ್ನಾದರೂ ತೆಗೆದುಕೊಳ್ಳುವಿಕೆ ಅಥವಾ ಪಡೆದುಕೊಳ್ಳುವಿಕಯ ಭಾವ || te: ఏదైనా పని చేయడానికి ముందు దానికి సంబంధించిన పెద్దలను కలిసి ఆ పని చేయవచ్చుననే భరోసాను పొందడం,form_similar,,,,
B001020,ಅಂಡಕೋಶ,అండకోశం,aṁḍakōśa,aṁḍakōśaṁ,,kn: ಪುರುಷರಲ್ಲಿರುವಂತಹ ಜನನಾಂಗ || te: తల్లి కడుపులో శిశువు ఎదగడానికి ఉపయోగపడేది,form_similar,,,,
B001021,ಅಕೌಂಟೆಂಟ್,అకౌటెంట్,akauṁṭeṁṭ,akauṭeṁṭ,,"kn: ಲೆಕ್ಕಪತ್ರ, ಆಯವ್ಯಯ ಮುಂತಾದ ಹಣಕಾಸು ಸಂಬಂಧಿತ ದಾಖಲೆಗಳನ್ನು ನೋಡಿಕೊಳ್ಳುವ ಕೆಲಸಗಾರ || te: జమాఖర్చుల లెక్కలను విమర్శించేవాడు.",form_similar,,,,
B001022,ಅಕ್ರಮ_ಸಂಬಂಧ,అక్రమ_సంబంధము,akrama_saṁbaṁdha,akrama_saṁbaṁdhamu,,kn: ಪರಪುರುಷ ಅಥವಾ ಪರಸ್ತ್ರೀಯನ್ನು ತಮ್ಮ ಪ್ರೇಮ ಪಾಶದಲ್ಲಿ ಬಂಧಿಯನ್ನಾಗಿಸಿಕೊಂಡು ಅವರೊಂದಿಗೆ ಅನುಚಿತ ಸಂಬಂಧವನ್ನು ಹೊಂದಿರುವುದು || te: దాగిన మరియు ధూషితమైన సంబంధము,form_similar,,,,
B001023,ಅಗೌರವ,అగౌరవం,agaurava,agauravaṁ,,kn: ಗೌರವ ಇರದೇ ಇರುವ ಸ್ಥಿತಿ || te: గౌరవం లేకుండా,form_similar,,,,
B001024,ಅಗ್ನಿಜ್ವಾಲೆ,అగ్నిజ్వాల,agnijvāle,agnijvāla,,kn: ಬೆಂಕಿಯಿಂದ ಮೇಲೇಳುವ ಜ್ವಾಲೆ || te: ఎక్కువ ఎత్తు వరకు అగ్ని ఎగిసిపడు,form_similar,,,,
B001025,ಅಗ್ನಿಹೋತ್ರ,అగ్నిహోత్రి,agnihōtra,agnihōtri,,kn: ಒಂದು ಪ್ರಕಾರದ ಯಾಗ || te: అగ్నిలో దూకేటటువంటి వ్యక్తులు,form_similar,,,,
B001026,ಅಟ್ಟಗಟ್ಟು,అంటగట్టు,aṭṭagaṭṭu,aṁṭagaṭṭu,,"kn: ತಡೆಗಟ್ಟುವ ಅಥವಾ ಅಡ್ಡಗಟ್ಟುವ ಕ್ರಿಯೆ || te: బట్టలు, కాగితాలు మొదలైనవాటిని పొరలుగా పెట్టుట.",form_similar,,,,
B001027,ಅಡ್ಡಗಟ್ಟು,అడ్డకట్టు,aḍḍagaṭṭu,aḍḍakaṭṭu,,"kn: ಕಸ ಮೊದಲಾದವುಗಳ ಕಾರಣದಿಂದ ಮೋರಿ, ಚರಂಡಿ, ಕಾಲುವೆ ಇತ್ಯಾದಿ ಹರಿದಾರಿಗಳು ಕೆಲಸಮಾಡದಿರುವ ಸ್ಥಿತಿ || te: ఇతరులను వెళ్ళకుండా చేయడం",form_similar,,,,
B001028,ಅನಂತರ,అనంతరం,anaṁtara,anaṁtaraṁ,,kn: ಒಂದಾದ ನಂತರ ಮತ್ತೊಂದು || te: ఏదైనా పని చేసినప్పుడు విరామమిచ్చి మళ్లీ చేయాలనుకోవడం,form_similar,,,,
B001029,ಅನಾರೋಗ್ಯ,అనారోగ్యం,anārōgya,anārōgyaṁ,,kn: ರೋಗಿ ಅಥವಾ ಅಸ್ವಥರಾಗುವ ಸ್ಥಿತಿ  ಅಥವಾ ಆರೋಗ್ಯವಿಲ್ಲದೆ ಇರುವುದು || te: శరీరం అనేక అవస్థలతో బాధపడటం,form_similar,,,,
B001030,ಅನುಕರಣೆ,అనుకరణ,anukaraṇe,anukaraṇa,,kn: ಇಚ್ಚೆ ಮತ್ತು ಘಟಿಸಿದ ನಡುವೆ ಆಗವ ಆಸಂಬದ್ಧತೆ || te: ఇతరులు చేసే పనులను చూసి చేయుట.,form_similar,,,,
B001031,ಅನುಭೋಗ,అనుభోగం,anubhōga,anubhōgaṁ,,kn: ಬಳಕೆಯಾಗುವಿಕೆ ಅಥವಾ ಖರ್ಚಾಗುವಿಕೆ || te: ఏదైన పనిని చేసియున్న జ్ఞానంతో వచ్చినది,form_similar,,,,
B001032,ಅನುರಾಧ_ನಕ್ಷತ್ರ,అనూరాధ_నక్షత్రం,anurādha_nakṣatra,anūrādha_nakṣatraṁ,,"kn: ಎಪ್ಪತ್ತೇಳು ನಕ್ಷತ್ರಗಳಲ್ಲಿ ಹದಿನೇಳನೇ ನಕ್ಷತ್ರ || te: నక్షత్రములలో పదిహేడవ నక్షత్రం, అధిపతి శని, దేవగుణం",form_similar,,,,
B001033,ಅನುರಾಧಾ_ನಕ್ಷತ್ರ,అనురాధ_నక్షత్రం,anurādhā_nakṣatra,anurādha_nakṣatraṁ,,kn: ಚಂದ್ರನು ಅನುರಾಧ ನಕ್ಷತ್ರಕ್ಕೆ ಬಂದಂತಹ ಸಮಯ || te: ఇరవై ఏడు నక్షత్రాలలో పదహేడవది,form_similar,,,,
B001034,ಅನ್ಯೋನ್ಯತೆ,అన్యోన్యత,anyōnyate,anyōnyata,,kn: ನಮ್ಮದಾಗಿಸಿಕೊಳ್ಳುವ ಸ್ಥಿತಿ ಅಥವಾ ಭಾವನೆ || te: ఎవరితోనైన దగ్గరగా నుండు సంబధం.,form_similar,,,,
B001035,ಅಪರಾದಿತ,అపరాజిత,aparādita,aparājita,,kn: ಅಪರಾದ ಅಥವಾ ದೋಷದಿಂದ ಕೂಡಿರುವಂತಹದು || te: శివుడి యొక్క భార్య,form_similar,,,,
B001036,ಅಪಹಾಸ್ಯ,అపహాస్యం,apahāsya,apahāsyaṁ,,kn: ಕೆಟ್ಟ ಚೇಷ್ಟೆ || te: నవ్వుతూ వేరొకరిని నిందించడం,form_similar,,,,
B001037,ಅಭಿನೇತ್ರಿ,అధినేత్రి,abhinētri,adhinētri,,kn: ನಾಟಕ ಮುಂತಾದ ಕಲಾಪ್ರಕಾರಗಳಲ್ಲಿ ಅಭಿನಯವನ್ನು ಮಾಡುವವ || te: ఏదైన క్షేత్రంలో  అన్ని పనులు చూసుకుంటూ ప్రజలను ముందుకు నడిపే స్త్రీ/ నాయకత్వం వహించే స్త్రీ.,form_similar,,,,
B001038,ಅವತರಣ,అవతరణి,avataraṇa,avataraṇi,,kn: ಮೇಲಿನಿಂದ ಕೆಳಕ್ಕೆ ಇಳಿಯುವ ಕ್ರಿಯೆ ಅಥವಾ ಇಳಿಮುಖವಾದ ಚಲನೆ || te: ఏదైన పుస్తకంలో మొదట వ్రాయబడిన ముందు మాట.,form_similar,,,,
B001039,ಅವಹೇಳನ,అపహేళన,avahēḷana,apahēḷana,,kn: ಜ್ಞಾನ ಅಥವಾ ಆದೇಶವನ್ನು ಕೇಳದಂತಹ || te: ఆ మాటలు లేదా పని ద్వారా ఏవరిని అభిమానము లేదా ప్రతిష్ఠను తక్కువ చేయడం,form_similar,,,,
B001040,ಅಸಂತೋಷ,అసంతోషం,asaṁtōṣa,asaṁtōṣaṁ,,kn: ಬೇಸರ ಪಡುವ ಅಥವಾ ಯಾವುದೇ ಕೆಲಸದಲ್ಲಿ ಮನಸ್ಸು ಮಾಡದೆ ಇರುವ ಅವಸ್ಥೆ ಅಥವಾ ಭಾವನೆ || te: దిగులుగా ఉన్నటువంటి భావన,form_similar,,,,
B001041,ಅಸಹಾಯಕ,అసహాయత,asahāyaka,asahāyata,,kn: ಯಾವ ಸಹಾಯವೂ ಇಲ್ಲದಿರುವ ಸ್ಥಿತಿ || te: అసహాయ స్థితి,form_similar,,,,
B001042,ಅಸಾಮಾನ್ಯ,అసామాన్యం,asāmānya,asāmānyaṁ,,kn: ಯಾವುದು ಸಂಭವಿಸುವುದಿಲ್ಲವೋ || te: అధిక శక్తి సామర్థ్యాలు కలిగిన వ్యక్తి,form_similar,,,,
B001043,ಅಸ್ಥಿರತೆ,అస్థిరత,asthirate,asthirata,,kn: ಯಾವುದಾದರು ಪ್ರಿಯವಲ್ಲದ ಅಥವಾ ಅನಿಷ್ಟ ಘಟನೆಗಳ ಕಾರಣದಿಂದಾಗಿ ಮನಸ್ಸಿನಲ್ಲಿ ಉಂಟಾಗುವಂತಹ ವಿಕಾರತೆ || te: స్ధిరంగా ఉండకపోవుట.,form_similar,,,,
B001044,ಅಸ್ಪಷ್ಟತೆ,అస్పష్టత,aspaṣṭate,aspaṣṭata,,kn: ಯಾವುದೇ ವಿಷಯ ಅಥವಾ ವಸ್ತುವಿನಲ್ಲಿ ಸ್ಪಷ್ಟತೆ ಇಲ್ಲದಿರುವಿಕೆ || te: స్పష్టత లేని రూపం,form_similar,,,,
B001045,ಅಸ್ವೀಕೃತ,అస్వీకృతి,asvīkr̥ta,asvīkr̥ti,,kn: ಒಪ್ಪಿಗೆ ಆಗದಿರುವುದು || te: స్వీకృతి లేకపోవడం.,form_similar,,,,
B001046,ಆಡಂಬರ,ఆడంబరం,āḍaṁbara,āḍaṁbaraṁ,,"kn: ಸಡಗರ-ಸಂಭ್ರಮದಿಂದ ಆಚರಿಸುವಂತಹ ಒಂದು ಸಾರ್ವಜನಿಕವಾದ ಒಂದು ದೊಡ್ಡ, ಶುಭಕರವಾದ ಅಥವಾ ಮಂಗಳಕರವಾದ ಕಾರ್ಯ || te: పైన కనబడు అలంకరణ.",form_similar,,,,
B001047,ಆತ್ಮಜ್ಞಾನ,ఆత్మజ్ఞాని,ātmajñāna,ātmajñāni,,kn: ಜೀವಾತ್ಮ ಮತ್ತು ಪರಮಾತ್ಮಗಳ ವಿಷಯದಲ್ಲಿ ಉಂಟಾಗುವಂತಹ ಜ್ಞಾನ || te: ఇతనికి ఆత్మయొక్క జ్ఞానం వచ్చింది,form_similar,,,,
B001048,ಆತ್ಮಹೀನ,ఆత్మహీనం,ātmahīna,ātmahīnaṁ,,kn: ಯಾವುದು ನಮ್ಮದಲ್ಲವೋ || te: మనిషి చనిపోయినా మరణం లేనిది,form_similar,,,,
B001049,ಆತ್ಮಾರ್ಪಣೆ,ఆత్మార్పణ,ātmārpaṇe,ātmārpaṇa,,kn: ಒಂದು ಪ್ರಕಾರದ ಭಕ್ತಿ ಅದರ ಅಂರ್ಗತದಲ್ಲಿ ಭಕ್ತರು ತಮ್ಮನ್ನು ತಾವೇ ಅಥವಾ ತಮ್ಮ ಸರ್ವಸ್ವವನ್ನೂ ತಮ್ಮ ಆರಾಧ್ಯ ದೇವರಿಗೆ ಸರ್ಮಪಿಸುತ್ತಾರೆ || te: ఏదైనా మంచి కార్యం కోసం తనను తాను చంపుకోవడం,form_similar,,,,
B001050,ಆಭರಣ,ఆభరణం,ābharaṇa,ābharaṇaṁ,,kn: ಮಾನವ ನಿರ್ಮಿತ ಅಲಂಕಾರ ಸಾಮಗ್ರಿಗಳು ಇದನ್ನು ಧರಿಸುವವರು ಸುಂದರವಾಗಿ ಕಾಣುತ್ತಾರೆ || te: శిరస్సుపై ధరించు అలంకరణ వస్తువు,form_similar,,,,
B001051,ಆಲಿಂಗನ,ఆలింగనం,āliṁgana,āliṁganaṁ,,kn: ಸಾಮಾನ್ಯವಾಗಿ ಪ್ರೀತಿಯ ಲಕ್ಷಣವಾಗಿ ತೋಳಿನಿಂದ ಅಪ್ಪಿಕೊಂಡು ಪರಸ್ಪರ ಸಂತೋಷವನ್ನು ಹಂಚಿಕೊಳ್ಳುವಿಕೆ || te: మెడపై చేతులు వేసి హత్తుకోవడం,form_similar,,,,
B001052,ಆವರ್ತನ,ఆవర్తనం,āvartana,āvartanaṁ,,kn: ಮತ್ತೆ-ಮತ್ತೆ ನಡೆಯುವ ಕ್ರಿಯೆ || te: నాలుగువైపుల తిరగడం.,form_similar,,,,
B001053,ಇಷ್ಟ_ಪಡು,ఇష్టపడు,iṣṭa_paḍu,iṣṭapaḍu,,kn: ಯಾವುದಾದರು ಮಾತು ಅಥವಾ ವಸ್ತು ಮೊದಲಾದವುಗಳನ್ನು ಪ್ರಾಪ್ತಿಮಾಡಿಕೊಳ್ಳುವುದರ ಬಗ್ಗೆ ಧ್ಯಾನ ನೀಡುವುದು || te: అభిరుచికి అనుకూలంగా.,form_similar,,,,
B001054,ಉಗ್ರವಾದ,ఉగ్రవాదం,ugravāda,ugravādaṁ,,kn: ಯಾರೋ ಒಬ್ಬರನ್ನು ನೋಡಿದಾಗ ಭಯಾ ಅಥವಾ ಹೆದರಿಕೆಯಾಗುವ || te: ఇది ఒక సిద్ధాంతము ఇందులో వారి శక్తితో భయనకాని సృష్టిచటం.,form_similar,,,,
B001055,ಉತ್ತರೀಯ,ఉత్తరీయం,uttarīya,uttarīyaṁ,,"kn: ಕಿವಿ, ಗಂಟಲು ಮತ್ತು ತಲೆ ಬಿಸಿಯಾಗಿ ಇಡಲು ಅದರ ಮೇಲೆ ಸುತ್ತುವ ಒಂದು ತರಹದ ಉಣ್ಣಿ ಬಟ್ಟೆ || te: మెడపై వేసుకొనే వస్త్రం",form_similar,,,,
B001056,ಉಪಕ್ರಮ,ఉపక్రమం,upakrama,upakramaṁ,,kn: ಕೆಲಸದ ಆರಂಭ || te: ఏదైన పనిని కాని విషయాన్ని కాని మొదలు పెట్టడం,form_similar,,,,
B001057,ಉಪಭೋಗ,ఉపభోగం,upabhōga,upabhōgaṁ,,kn: ಬಳಕೆಯಾಗುವಿಕೆ ಅಥವಾ ಖರ್ಚಾಗುವಿಕೆ || te: ఏదైన పనిని చేసియున్న జ్ఞానంతో వచ్చినది,form_similar,,,,
B001058,ಉಪಾರ್ಜನ,ఉపార్జనం,upārjana,upārjanaṁ,,kn: ಪರಿಶ್ರಮ ಅಥವಾ ಪ್ರಯತ್ನದಿಂದ ಹಣವನ್ನು ಪಡೆಯುವುದು || te: ఆస్థి పాస్థులు లేక డబ్బు మొదలగునవి తమ ఆధీనములో ఉండి మరియు అవి కొనుగోలు అమ్మకాలు చేయడానికి అనువుగాగలది.,form_similar,,,,
B001059,ಕಥಾನಕ,కథానిక,kathānaka,kathānika,,"kn: ಉತ್ತಮ ಆಖ್ಯಾನ ಅಥವಾ ಕಥಾ ನೀರೂಪಣೆ ಮಾಡುವ ಸ್ಥಿತಿ, ಗುಣ ಅಥವಾ ಭಾವನೆ || te: కల్పించి  చెప్పుట",form_similar,,,,
B001060,ಕರತಾಲ,కరతాలం,karatāla,karatālaṁ,,kn: ತೆರೆದ ಎರಡೂ ಕೈಗಳ ಹಸ್ತಗಳನ್ನು ತಟ್ಟುವುದರಿಂದ ಉತ್ಪನ್ನವಾಗುವ ಶಬ್ಧ || te: కొయ్యతో తయారుచేసినటువంటి ఒక రకమైన వాయిద్యం చేతితో వాయిస్తారు,form_similar,,,,
B001061,ಕಲುಷಿತ,కలుషితం,kaluṣita,kaluṣitaṁ,,kn: ಗಾಳಿ ನೀರು ವಾತಾವರಣ ಹೊಲಸಾಗಿ ರೋಗಾಣುಗಳಿಂದ ತುಂಬಿರುವ ಸ್ಥಿತಿ || te: మనసులోనున్న చెడు భావన.,form_similar,,,,
B001062,ಕಳೇಬರ,కళేబరం,kaḷēbara,kaḷēbaraṁ,,kn: ಯಾವುದು ಸತ್ತು ಹೋಗಿದೆಯೋ || te: ప్రాణం లేకుండా ఉండేది,form_similar,,,,
B001063,ಕಶೇರುಕ,కశేరుకం,kaśēruka,kaśērukaṁ,,kn: ಯಾವುದರಲ್ಲಿ ಕಶೇರುಕಗಳಿವೆಯೋ ಅಥವಾ ಬೆನ್ನೆಲುಬುಗಳಿವೆಯೋ || te: వీపుకు మధ్యలో ఉండే పొడవైన ఎముక,form_similar,,,,
B001064,ಕಾಮಾಂಧ,కామాంధం,kāmāṁdha,kāmāṁdhaṁ,,kn: ಕಾಮದ ಪ್ರಬಲತೆಯಿಂದ ಒಳ್ಳೆಯ-ಕೆಟ್ಟದರ ಬಗ್ಗೆ ಜ್ಞಾನವೇ ಇಲ್ಲದಂತಹ || te: ఒక రకమైన నల్లని పక్షి దాని స్వరం మధురంగా వుంటుంది,form_similar,,,,
B001065,ಕಾರ್ಪಣ್ಯ,కార్పణ్యం,kārpaṇya,kārpaṇyaṁ,,"kn: ಹಣ ಮೊದಲಾದ ವಸ್ತುಗಳ ಉಪಯೋಗದಲ್ಲಿ ಅತ್ಯಂತ ಎಚ್ಚರಿಕೆ ವಹಿಸಿ ತುಂಬಾ ಮಿತವಾಗಿ ಬಳಸುವಿಕೆಯ ಗುಣ || te: ఒక మనిషి దుఖః, భాధలో ఉన్నప్పుడు మరో మనిషి చూపించేది",form_similar,,,,
B001066,ಕುಲಹೀನ,కులహీనం,kulahīna,kulahīnaṁ,,kn: ವಂಶದ ಹೆಸರನ್ನು ಹಾಳುಮಾಡುವ ಅಥವಾ ವಂಶದ ಮರ್ಯಾದೆಯನ್ನು ಹಾಳುಮಾಡುವಂತಹ || te: తక్కువ కులంలో జన్మించిన వ్యక్తి,form_similar,,,,
B001067,ಕೋಪ_ಪಡು,కోపపడు,kōpa_paḍu,kōpapaḍu,,"kn: ಸಿಟ್ಟು ಅಥವಾ ಕೋಪಿಸಿಕೊಳ್ಳುವ ಪ್ರಕ್ರಿಯೆ || te: కోరిక నెరవేరనందుకు ,మాట్లాడకుండా దూరంగా ఉండు స్థితి",form_similar,,,,
B001068,ಕೋಸುಗಡ್ಡೆ,కోసుగడ్డ,kōsugaḍḍe,kōsugaḍḍa,,kn: ಒಂದು ಪ್ರಕಾರದ ತರಕಾರಿ ಅದು ಎಳೆಗಳಿಂದ ಕೂಡಿದ್ದು ದುಂಡಾಗಿರುತ್ತದೆ || te: ఒక రకమైన గడ్డ ఇది తెల్లగా వుంటుంది,form_similar,,,,
B001069,ಕೌಶಲ್ಯ,కౌశల్యం,kauśalya,kauśalyaṁ,,kn: ರಾಜ ದಶರಥನ ಮೊದಲ ಹೆಂಡತಿ ಮತ್ತು ರಾಮಚಂದ್ರನ ತಾಯಿ || te: ఏదైన పనిలో సామర్థ్యము కలిగి ఉండటం.,form_similar,,,,
B001070,ಖನಿಜ_ಪದಾರ್ಥ,ఖనిజ_పదార్థము,khanija_padārtha,khanija_padārthamu,,kn: ಪ್ರಾಕೃತವಾಗಿ ಸಿಗುವ ಕಾರ್ಬನ್ ರಹಿತ ಪದಾರ್ಥವು ಒಂದು ನಿಶ್ಚಿತ ರಾಸಾಯನಿಕ ಸಂಮ್ಮಿಶ್ರಣದ ರೂಪದಲ್ಲಿ ದೊರೆಯುವುದು || te: గని నుండి త్రవ్వి తీయబడిన పదార్థము.,form_similar,,,,
B001071,ಖರಾಳಿಕ,కరాళిక,kharāḷika,karāḷika,,kn: ಅವನು ಕೂದಲು ಕತ್ತರಿಸುವ ಅಥವಾ ತುಂಡರಿಸುವ ಕೆಲಸವನ್ನು ಮಾಡುತ್ತಾನೆ || te: శివుడి యొక్క భార్య,form_similar,,,,
B001072,ಖರ್ಜೂರ,ఖర్జూరం,kharjūra,kharjūraṁ,,kn: ಖರ್ಜೂರ ಜಾತಿಯ ಒಂದು ಪ್ರಕಾರದ ಸುಂದರ ಮರ ಪ್ರಾಯಶಃ ಅದು ಜಲಾಶಯಗಳ ದಡದಲ್ಲಿ ಇರುತ್ತದೆ || te: ఎడారిలో ఎత్తైన చెట్లకు పండే ఈత పండు జాతికి చెందినది,form_similar,,,,
B001073,ಗಂಧರ್ವ,గాంధర్వ,gaṁdharva,gāṁdharva,,"kn: ಹಾಡು, ನೃತ್ಯ ಮೊದಲಾದವುಗಳಲ್ಲಿ ನಿಪುಣ ದೇವತೆಗಳ ಒಂದು ವರ್ಗ || te: దేవతలకు సంబంధించిన ఒక శాఖ",form_similar,,,,
B001074,ಗಾಂಧರ್ವ,గాంధర్వి,gāṁdharva,gāṁdharvi,,kn: ಗಂಧರ್ವಕ್ಕೆ ಸಂಬಂಧಸಿದ ಅಥವಾ ಗಂಧರ್ವದ || te: శివుడి యొక్క భార్య,form_similar,,,,
B001075,ಗಾಂಧರ್ವೀ,గాంధర్వి,gāṁdharvī,gāṁdharvi,,kn: ಗಂಧರ್ವಕ್ಕೆ ಸಂಬಂಧಸಿದ ಅಥವಾ ಗಂಧರ್ವದ || te: శివుడి యొక్క భార్య,form_similar,,,,
B001076,ಗಾಂಧಾರೀ,గాంధారీ.,gāṁdhārī,gāṁdhārī.,,kn: ದುರ್ಯೋಧನನ ತಾಯಿ || te: నాలుగు రాగాల తర్వాత వచ్చె రాగం,form_similar,,,,
B001077,ಚಂಡೀಗಡ,చండీగఢ్,caṁḍīgaḍa,caṁḍīgaḍh,,kn: ಭಾತರದ ಒಂದು ಕೇಂದ್ರಾಡಳಿತ ಪ್ರದೇಶ || te: పంజాబ్ మరియు హర్యానా రాజధానీ,form_similar,,,,
B001078,ಚಂಪಾಕಲಿ,చంపాకలీ,caṁpākali,caṁpākalī,,kn: ಒಂದು ತರಹದ ಸಿಹಿತಿಂಡಿಯನ್ನು ಗಟ್ಟಿಯಾದ ಹಾಲಿನಿಂದ ಮಾಡುತ್ತಾರೆ || te: గొంతుకు ధ్రించే ఆభరణం,form_similar,,,,
B001079,ಚಮತ್ಕಾರ,చమత్కారి,camatkāra,camatkāri,,kn: ಅಸಾಧ್ಯವಾದ ಯಾವುದನ್ನಾದರೂ ಮಾಡುವುದರಿಂದುಂಟಾಗುವ ಮನಸ್ಸಿನ ಭಾವ || te: ఏదైనా మాటకు వెంటనే తడుముకోకుండా హాస్యపూర్వకంగా జవాబు చెప్పువాడు,form_similar,,,,
B001080,ಚಿತ್ರಕಾರ,చిత్రకారి,citrakāra,citrakāri,,kn: ಚಿತ್ರ ಬಿಡಿಸುವ ವ್ಯಕ್ತಿ || te: బొమ్మలు వేయడం,form_similar,,,,
B001081,ಚೌಕಟ್ಟು,చనుకట్టు,caukaṭṭu,canukaṭṭu,,kn: ಚಿತ್ರ ಅಥವಾ ಪೋಟೋಗಳಿಗೆ ಅದರ ಸುತ್ತಲೂ ಕಟ್ಟುವ ಕಟ್ಟು || te: స్త్రీ యొక్క రొమ్ము భాగం,form_similar,,,,
B001082,ಛಂದಸ್ಸು,చందస్సు,chaṁdassu,caṁdassu,,kn: ಶಾಸ್ತ್ರದಲ್ಲಿ ಛಂದಿಸ್ಸಿನ ಬಗೆಗೆ ವಿವರಣೆ ನೀಡಿದ್ದಾರೆ || te: లఘువులు గురువులుగా వుండే ఒక వ్యాకరణం,form_similar,,,,
B001083,ಜಗನ್ಮಾತೆ,జగన్మాత,jaganmāte,jaganmāta,,kn: ಶಿವನ ಹೆಂಡತಿ || te: సింహాన్ని వాహనంగా కలిగిన దేవత,form_similar,,,,
B001084,ಜಮೀನ್ದಾರಿ,జమీందారి,jamīndāri,jamīṁdāri,,kn: ಜಮೀನ್ದಾರಿ ಅಧಿಕಾರ || te: భూసంపదను ఎక్కువ కలవాడు,form_similar,,,,
B001085,ಜಲಚರ,జలచరం,jalacara,jalacaraṁ,,kn: ನೀರಿನಲ್ಲಿ ವಾಸಿಸುವ ಜೀವಗಳು || te: నీటిలో నివశించు పక్షి,form_similar,,,,
B001086,ಜಾಣತನ,జాణతనం,jāṇatana,jāṇatanaṁ,,kn: ಬುದ್ದಿವಂತಿಕೆಯನ್ನು ಹೊಂದಿರುವ ಸ್ಥಿತಿ ಅಥವಾ ಭಾವ || te: ప్రావీణ్యుడయ్యే స్థితి లేక భావము,form_similar,,,,
B001087,ತನುಧಾರಿ,తనూధారి,tanudhāri,tanūdhāri,,"kn: ಯಾವುದೇ ಜೀವಿ, ಪ್ರಾಣಿಯು ಜೀವಂತ ಸ್ಥಿತಿ ಅಥವಾ ಜಡತೆಯಿಂದ ಪ್ರತ್ತೇಕಿಸುವ ಗುಣ || te: ప్రాణంతోవున్న",form_similar,,,,
B001088,ತಪಸ್ವಿನಿ,తమస్విని,tapasvini,tamasvini,,kn: ತಪಸ್ಸು ಮಾಡುವ ಸ್ತ್ರೀ || te: సూర్యుడు అస్తమించిన సమయం,form_similar,,,,
B001089,ತರಗತಿ,తరగతి.,taragati,taragati.,,kn: ಓದುವ ಕ್ರಮದ ಮೇಲಿನ-ಕೆಳಗಿನ ಸ್ಥಾನ || te: పరిపాలనా సౌలభ్యము కొరకు కార్యాలయమును వేరుచేయుట.,form_similar,,,,
B001090,ದಯಾಗುಣ,దయాగుణం,dayāguṇa,dayāguṇaṁ,,kn: ಅನುಕಂಪ ಅಥವಾ ದಯೆಯನ್ನು ತೋರುವ ಕ್ರಿಯೆ || te: ఇతరుల పట్ల సానుభూతి కలిగి ఉండే భావన,form_similar,,,,
B001091,ದಾಕ್ಷಿಣ್ಯ,దాక్షిణ్యం,dākṣiṇya,dākṣiṇyaṁ,,"kn: ಶಿಸ್ತು ಮತ್ತು ಸೌಜನ್ಯ/ಪ್ರಾಮಾಣಿಕ ವ್ಯವಹಾರ || te: ఒక మనిషి దుఖః, భాధలో ఉన్నప్పుడు మరో మనిషి చూపించేది",form_similar,,,,
B001092,ದಾನಪತ್ರ,దానపాత్ర,dānapatra,dānapātra,,kn: ಯಾವುದಾದರೂ ಆಸ್ತಿಯನ್ನು ದಾನ ಮಾಡಿ ಕೊಟ್ಟಿರುವುದಕ್ಕೆ ದಾಖಲಾದ ಪತ್ರ || te: దానము వేయుటకు పెట్టబడిన పాత్ర,form_similar,,,,
B001093,ದಾಸ್ತಾವೇಜು,దస్తావేజు,dāstāvēju,dastāvēju,,"kn: ಮುಖ್ಯವಾಗಿ ನ್ಯಾಯಶಾಸ್ತ್ರ ಅಥವಾ ವಾಣಿಜ್ಯದಲ್ಲಿ ಸಾಕ್ಷ್ಯವನ್ನೊದಗಿಸುವ ಪತ್ರ, ಬರಹ, ಅಥವಾ ಶಾಸನ || te: ఏదేని విషయానికి సంబంధించి వ్రాతపూర్వకంగా ఉన్న కాగితాలు.",form_similar,,,,
B001094,ದುರಾಚಾರ,దురాచారం,durācāra,durācāraṁ,,kn: ಆ ಕಾರ್ಯ ನೀತಿಗೆ ವಿರುದ್ಧವಾದದ್ದು || te: చెడ్డ ప్రవర్తన కలిగియుండే భావన.,form_similar,,,,
B001095,ದುರ್ಲಭ,దుర్లభం,durlabha,durlabhaṁ,,kn: ಸಹಜವಾಗಿ ಸಿಗದಿರುವ ಅಥವಾ ತುಂಬಾ ಕಡಿಮೆ ಪ್ರಮಾಣದಲ್ಲಿ ದೊರಕುವಿಕೆಯ ಗುಣ || te: నీతికి విరుద్దమైన అవస్త లేదా భావము,form_similar,,,,
B001096,ದುಸ್ಸಾಹಸ,దుస్సాహసి,dussāhasa,dussāhasi,,kn: ವ್ಯರ್ಥ ಸಾಹಸ || te: అనుచిత లేక అవసరమైనదాని కంటే ఎక్కువ సాహసము చేయువ్యక్తి.,form_similar,,,,
B001097,ದೇವಾಂಗನೆ,దేవాంగన,dēvāṁgane,dēvāṁgana,,"kn: ಇಂದ್ರನ ಸಭೆಯಲ್ಲಿ ನೃತ್ಯ ಮಾಡುವ ದೇವಾಂಗನೆಯರು || te: సరస్వతి, లక్ష్మి, పార్వతి మొదలైనవారు",form_similar,,,,
B001098,ದೇಶದ್ರೋಹ,దేశద్రోహి,dēśadrōha,dēśadrōhi,,kn: ತನ್ನ ದೇಶದ ವಿರುದ್ಧ ನಡೆಸುವ ವಿದ್ರೋಹ ಅಥವಾ ವಿಶ್ವಾಸಘಾತಕವಾದ ನಟತೆ || te: దేశానికి ద్రోహం చేసే వారు,form_similar,,,,
B001099,ಧರ್ಮಾತ್ಮ,ధర్మాత్మా,dharmātma,dharmātmā,,kn: ಪುಣ್ಯ ಮಾಡುವ ಅಥವಾ ಪುಣ್ಯ ಮಾಡುತ್ತಿರುವ || te: పంచపాండవులలో అందరికంటే పెద్ద,form_similar,,,,
B001100,ನಡಕಟ್ಟು,నడికట్టు,naḍakaṭṭu,naḍikaṭṭu,,kn: ಸೊಂಟ್ಟಕ್ಕೆ ಕಟ್ಟಿಕೊಳ್ಳುವ ಒಂದು ಆಭರಣ || te: నడుముకు కట్టుకునేది తోలుతో తయారైనది,form_similar,,,,
B001101,ನಾಗರೀಕ,నాగరీకం,nāgarīka,nāgarīkaṁ,,kn: ಯಾವುದೇ ರಾಜನ ಅಧೀನರಾಗಿರುವ ಸಾಮಾನ್ಯ ಜನವರ್ಗ ಅಥವಾ ರಾಜ್ಯ ಅಥವಾ ರಾಷ್ಟ್ರವೊಂದರ ಅವಿಭಾಜ್ಯ ಅಂಗವಾಗಿರುವ ಸಾಮನ್ಯ ಜನ ಸಮುದಾಯ || te: ఒక దేశం గూర్చి తెలియచేయు చూచికలు.,form_similar,,,,
B001102,ನಾಗವಲ್ಲಿ,నాగమల్లి,nāgavalli,nāgamalli,,"kn: ಒಂದು ಬಳ್ಳಿಯ ಎಲೆ ಅದರ ಮೇಲೆ ಅಡಿಕೆ, ಸುಣ್ಣವನ್ನು ಹಾಕಿ ಪಾನಪಟ್ಟಿಯನ್ನು ಮಾಡಿ ತಿನ್ನಲಾಗುತ್ತದೆ || te: మల్లె ఆకారంలో వుండే పెద్ద మల్లి",form_similar,,,,
B001103,ನಿಕೃಷ್ಟ,నికృష్టం,nikr̥ṣṭa,nikr̥ṣṭaṁ,,kn: ಅತ್ಯಂತ ಕೆಳ ಮಟ್ಟದ ನಡವಳಿಕೆಯ ಅಥವಾ ಗುಣದ || te: హీనమైన భావన.,form_similar,,,,
B001104,ನಿರೀಕ್ಷಕ,నిరీక్షణ,nirīkṣaka,nirīkṣaṇa,,"kn: ಯಾವುದಾದರೂ ಘಟನೆಯ,ವಸ್ತುವಿನ ನಿರೀಕ್ಷಣೆ || te: ఏదేని పని , లేక మాట మరియు  వ్యవహారమును చాలా లోతుగా చూచే క్రియ.",form_similar,,,,
B001105,ನಿರೀಕ್ಷಣೆ,నిరీక్షణ,nirīkṣaṇe,nirīkṣaṇa,,"kn: ಗುಣ-ದೋಷಗಳ ಸರಿಯಾಗಿ ತಿಳಿಸಿಕೊಡುವ ದೃಷ್ಟಿ || te: ఏదేని పని , లేక మాట మరియు  వ్యవహారమును చాలా లోతుగా చూచే క్రియ.",form_similar,,,,
B001106,ನೈಪುಣ್ಯ,నైపుణ్యం,naipuṇya,naipuṇyaṁ,,kn: ಜ್ಞಾನದೊಂದಿಗೆ ಕೌಶಲ ಮತ್ತು ಅಭ್ಯಾಸಗಳ ಅವಶ್ಯಕತೆ ಇರುವ ಹಲವು ಬಗೆಯ ಕಲೆಯ ಕೆಲಸ || te: ఏదైన పని చేయడానికి గల సామర్థ్యం.,form_similar,,,,
B001107,ನ್ಯಾಯವಾದ,న్యాయవాది,nyāyavāda,nyāyavādi,,kn: ಯಾರೋ ಒಬ್ಬರು ಅನುಚಿತ ಅಥವಾ ನಿಯಮ-ವಿರುದ್ಧವಾಗಿ ಸಂಪಾದನೆ ಮಾಡುತ್ತಿರುವ || te: ఇతరుల కేసుల గురించి వకల్తా పుచ్చుకొని న్యాయస్థానంలో వాదించేవాడు.,form_similar,,,,
B001108,ಪಂಚಪಾತ,పంచపాక,paṁcapāta,paṁcapāka,,kn: ಒಂದು ಸಸ್ಯದ ಎಲೆ ಮತ್ತು ಕಾಂಡದಿಂದ ಸುಗಂಧವಾದ ಎಣ್ಣೆ ದೊರೆಯುವುದು || te: ఇంటి ముందు నిర్మించినది,form_similar,,,,
B001109,ಪಂಚಾಯ್ತಿ,పంచాయతి,paṁcāyti,paṁcāyati,,"kn: ಸಣ್ಣ-ಪುಟ್ಟ ಜಗಳ ಅಥವಾ ವಿವಾದ ಮುಂತಾದುವಗಳನ್ನು ಪಂಚಾಯಿತಿ ಸಭೆಯಲ್ಲೆ ತೀರ್ಮಾನಿಸುತ್ತಾರೆ || te: వివాదములు, గొడవలు రూపుమాపుటకు ఎన్నుకొనే ప్రజల గుంపు",form_similar,,,,
B001110,ಪಂಚಾಯ್ತಿ,పంచాయితి,paṁcāyti,paṁcāyiti,,"kn: ಸಣ್ಣ-ಪುಟ್ಟ ಜಗಳ ಅಥವಾ ವಿವಾದ ಮುಂತಾದುವಗಳನ್ನು ಪಂಚಾಯಿತಿ ಸಭೆಯಲ್ಲೆ ತೀರ್ಮಾನಿಸುತ್ತಾರೆ || te: వివాదములు, గొడవలు రూపుమాపుటకు ఎన్నుకొనే ప్రజల గుంపు",form_similar,,,,
B001111,ಪದ್ಧತಿ,పద్ధతి.,paddhati,paddhati.,,kn: ಧರ್ಮವೊಂದರಲ್ಲಿನ ಅಥವಾ ಧರ್ಮವೊಂದರಿಂದ ಜನಿಸಿದ ಧಾರ್ಮಿಕ ಶಾಖೆ || te: ఒక వ్యక్తి అనిఉసరించే ప్రత్యేక పద్ధతి,form_similar,,,,
B001112,ಪರಂಪರೆ,పరంపర,paraṁpare,paraṁpara,,kn: ಯಾವುದೋ ಒಂದು ವಂಶದಲ್ಲಿ ಹಿಂದಿನಿಂದ ನಡೆದುಕೊಂಡು ಬಂದ ಆಚಾರ ಅಥವಾ ರೀತಿಯ ವ್ಯವಹಾರ || te: ఒక నమ్మకమైన సమాజంలో రీతి-రీవాజు పరంపరిక విధానాలు గొప్పవని నమ్మడం,form_similar,,,,
B001113,ಪರಜೀವಿ,పరజీవి.,parajīvi,parajīvi.,,kn: ವಿಶೇಷ ಪ್ರಕಾರವಾದ ಕೆಲವು ವಸ್ಪತಿಗಳು ಬೇರೆ ವೃಕ್ಷಗಳವನ್ನು ಅವಲಂಬಿಸಿ ಮತ್ತು ಅದರ ಸ್ವತವನ್ನು ಹೀರಿಕೊಂಡು ಬೆಳೆಯುತ್ತವೆ || te: -ఏదైతే ఇతర జీవులకు సహాయం చేస్తుందో లేదా దానితో దాని భోజనాన్ని సంపాదించాలనుకొంటుందో.,form_similar,,,,
B001114,ಪರಪತ್ನಿ,పరపతి,parapatni,parapati,,kn: ಇನ್ನೊಬ್ಬರ ಪತ್ನಿ ಅಥವಾ ಬೇರೆಯವರ ಮಡದಿ ಅಥವಾ ತನಗೆ ಸಂಬಂಧವಿರದ ಅಥವಾ ಬೇರೆಯವರಿಗೆ ಸಂಬಂಧಿಸಿದ ಮಹಿಳೆ || te: ఇచ్చిపుచ్చుకోవడంలో శుద్ధత్వం లేదా ప్రామాణికం,form_similar,,,,
B001115,ಪರಮಾಣು,పరమాణు.,paramāṇu,paramāṇu.,,kn: ಯಾವುದೇ ಸಿದ್ಧಾಂತ ಅಥವಾ ಸಂಯೋಗ  ತುಂಬಾ ಸಾಧಾರಣವಾಗಿದ್ದು ಮತ್ತು ಸಂರಚನೆಯು ಒಂದೇ ತೆರನಾಗಿರುವುದು || te: అతి సూక్ష్మమైన పరిణామం,form_similar,,,,
B001116,ಪರವಶ,పరవశం,paravaśa,paravaśaṁ,,kn: ಬೇರೆಯವರ ಅಧೀನದಲ್ಲಿ ಇರುವ || te: భావనలో నిమగ్నమైన స్థితి లేక భావన,form_similar,,,,
B001117,ಪರಸ್ಪರ,పరంపర,paraspara,paraṁpara,,kn: ಒಬ್ಬರಿಗೊಬ್ಬರು ಜೊತೆಯಾಗಿರುಂತಹ || te: ఒక నమ్మకమైన సమాజంలో రీతి-రీవాజు పరంపరిక విధానాలు గొప్పవని నమ్మడం,form_similar,,,,
B001118,ಪರಿಚಯ,పరిచర్య,paricaya,paricarya,,"kn: ಆ ಮಾತು ಮುಂತಾದವು ಯಾರನ್ನಾದರೂ ಯಾವುದಾದರು ವಿಷಯದ ಜ್ಞಾನ ಅಥವಾ ಪರಿಚಯವನ್ನು ಮಾಡುವುದಕ್ಕೋಸ್ಕರ ಮಾತನಾಡಲಾಗುತ್ತದೆ || te: పెద్దలు, పూజ్యనీయులకు సుఖమునందించుటకు చేయు మర్యాదపూర్వకమైన పని.",form_similar,,,,
B001119,ಪರಿಚರ,పరిచర్య,paricara,paricarya,,"kn: ಕಾವಲುಕಾಯುವ ಇತ್ಯಾದಿ ಕೆಳದರ್ಜೆಯ ನೌಕರ || te: పెద్దలు, పూజ్యనీయులకు సుఖమునందించుటకు చేయు మర్యాదపూర్వకమైన పని.",form_similar,,,,
B001120,ಪರಿಣಾಮ,పరిణామం,pariṇāma,pariṇāmaṁ,,kn: ಯಾವುದೇ ಕೆಲಸ ಕಾರ್ಯದ ನಂತರ ಅದರಿಂದುಂಟಾದ ಬದಲಾವಣೆ || te: కారణము ద్వారా ఏదైన ఒక ఉద్ధేశానికి రావటం,form_similar,,,,
B001121,ಪರಿತಾಪ,పరితాపం,paritāpa,paritāpaṁ,,kn: ಬೇಸರ ಪಡುವ ಅಥವಾ ಯಾವುದೇ ಕೆಲಸದಲ್ಲಿ ಮನಸ್ಸು ಮಾಡದೆ ಇರುವ ಅವಸ್ಥೆ ಅಥವಾ ಭಾವನೆ || te: చలి వలన మనకు కలిగేది.,form_similar,,,,
B001122,ಪರಿಶ್ರಮಿ,పరిశ్రమ,pariśrami,pariśrama,,kn: ಆ ಹಣವನ್ನು ಯಾರು ಪರಿಶ್ರಮವನ್ನು ಪಟ್ಟಿದ್ದಾರೋ ಅದರ ಬದಲಾಗಿ ಹಣದ ಅಥವಾ ಪಾರಿತೋಷಕದ ರೂಪದಲ್ಲಿ ನೀಡುತ್ತಾರೆ || te: యంత్రముల ద్వారా వస్తువులను తయారుచేసే సంస్థ,form_similar,,,,
B001123,ಪರಿಷತ್ತು,పరిషతు,pariṣattu,pariṣatu,,"kn: ಪ್ರಾಚೀನ ಕಾಲದ ವಿದ್ವಾಂಸರುಗಳ, ಬ್ರಾಹ್ಮಣರುಗಳ ಸಭೆ ಇದನ್ನು ರಾಜ ಯಾವುದಾದರು ವಿಷಯದ ಬಗ್ಗೆ ತೀರ್ಮಾನವನ್ನು ತೆಗೆದು ಕೊಳ್ಳುವುದಕ್ಕೆ ಅಥವಾ ಚರ್ಚೆ ಮಾಡುವುದಕ್ಕೆ ಕರೆಯುತ್ತಿದ್ದನು || te: సాహిత్యము, విజ్ఞానము, కళా మొదలగునవి",form_similar,,,,
B001124,ಪರ್ಯಟಕ,పర్యటన,paryaṭaka,paryaṭana,,kn: ವಿಹಾರದ ಉದ್ದೇಶದಿಂದಲೇ ಒಂದು ಸ್ಥಳದಿಂದ ಇನ್ನೊಂದು ಸ್ಥಳಕ್ಕೆ ಹೋಗುವ ಯಾತ್ರಿ || te: ఒక ప్రత్యేక పనికోసము ప్రత్యేకముగా చూచుటకు ఒక ప్రదేశము నుండి  వేరొక ప్రదేశమునకు వెళ్ళే క్రియ,form_similar,,,,
B001125,ಪರ್ಯಟನೆ,పర్యటన,paryaṭane,paryaṭana,,"kn: ಹಣವನ್ನು ಪಡೆದು ಯಾತ್ರಿಕರಿಗೆ ಸೇವೆಯನ್ನು ನೀಡುವ ಕೆಲಸ ಅಥವಾ ಯಾತ್ರಿಗಳು ಅಥವಾ ಪರ್ಯಟನೆ ಮಾಡುವವರಿಗೆ ಸುತ್ತಾಟದ, ಉಳಿದುಕೊಳ್ಳುವ, ಊಟೋಪಚಾರದ ವ್ಯವಸ್ಥೆಯನ್ನು ಮಾಡುವ ಕೆಲಸ || te: ఒక ప్రత్యేక పనికోసము ప్రత్యేకముగా చూచుటకు ఒక ప్రదేశము నుండి  వేరొక ప్రదేశమునకు వెళ్ళే క్రియ",form_similar,,,,
B001126,ಪಾರ್ಥನ,ప్రార్థన,pārthana,prārthana,,"kn: ಪಾರ್ಥ ರಾಜ್ಯದ ಅಥವಾ ಪಾರ್ಥ ರಾಜ್ಯಕ್ಕೆ ಸಂಬಂಧಿಸಿದ || te: స్తుతి,ప్రశంసలు వుండే రచన.",form_similar,,,,
B001127,ಪ್ರಕಟನೆ,ప్రకటనా,prakaṭane,prakaṭanā,,kn: ಕೆಲವು ಸಮಯದವರೆಗೂ ಹಾಗೆ ಉಳಿಯುವ  ಗಟ್ಟಿ ಧ್ವನಿ || te: పత్రికలకు సంబంధించిన,form_similar,,,,
B001128,ಪ್ರಖ್ಯಾತ,ప్రఖ్యాతి,prakhyāta,prakhyāti,,kn: ಬಹು ಜನರ ನೆನಪಿನಲ್ಲಿ ಉಳಿಯುವ ಇಲ್ಲವೇ ಉಳಿದಂತಹ ಪ್ರಕ್ರಿಯೆಗೆ ಸಂಬಂಧಿಸದಂತಹ || te: పేరు ప్రతిష్టలు పెరగడం.,form_similar,,,,
B001129,ಪ್ರಖ್ಯಾತಿ,ప్రఖ్యాత,prakhyāti,prakhyāta,,kn: ಖ್ಯಾತರಾಗುವ ಸ್ಥಿತಿ ಅಥವಾ ಭಾವನೆ || te: జ్ఞ్జానము మొదలగు వాటిలో చాలా పెద్ద.,form_similar,,,,
B001130,ಪ್ರಚೋದನ,ప్రచోదని,pracōdana,pracōdani,,kn: ಮಾನಸಿಕವಾಗಿ ಯಾವುದೋ ಒಂದು ವಿಷಯದ ಬಗ್ಗೆ ಉತ್ತೇಜಿಸುವಿಕೆ || te: పడవను నడపడానికి ఉపయోగించే కర్ర,form_similar,,,,
B001131,ಪ್ರಚೋದನೆ,ప్రచోదని,pracōdane,pracōdani,,kn: ಯಾವುದಾದರು ಪ್ರಭಾವಶಾಲಿ ವ್ಯಕ್ತಿ ಕ್ಷೇತ್ರದ ಕಡೆಯಿಂದ ಏನನ್ನಾದರೂ ಹೇಳುವ ಅಥವಾ ಮಾಡುವುದಕ್ಕಾಗಿ ಆಗುವಂತಹ ಸಂಕೇತ || te: పడవను నడపడానికి ఉపయోగించే కర్ర,form_similar,,,,
B001132,ಪ್ರಣಾಳಿಕೆ,ప్రణాళిక,praṇāḷike,praṇāḷika,,kn: ಯಾವುದೇ ರಾಜಕೀಯ ದಳದವರು ಚುನಾವಣೆಯ ಸಮಯದಲ್ಲಿ ಹೊರಡಿಸುವ ತಾವು ಅಧಿಕಾರಕ್ಕೆ ಬಂದರೆ ಸಾಧಿಸುತ್ತೇವೆ ಎಂದು ಹೇಳಿಕೊಳ್ಳುವ ತಮ್ಮ ಭರವಸೆಗಳ ಮತ್ತು ಆಶ್ವಾಸನೆಗಳ  ಕಾರ್ಯಕಾರಿಣಿ ರೂಪು ರೇಷೆಗಳು || te: కోరిన ఫలితాన్ని సాధించడానికి ఏర్పరచుకొన్న ఆచరణ విధానం,form_similar,,,,
B001133,ಪ್ರತಿವಾದ,ప్రతివాది,prativāda,prativādi,,"kn: ಯಾವುದೇ ಮಾತು, ವಾಕ್ಯ, ಸಂಗತಿ, ಸಿದ್ಧಾಂತ ಮುಂತಾದವುಗಳ ಖಂಡನೆ ಮಾಡುವುದಕ್ಕೋಸ್ಕರ ವಿರೋಧಿಸುವುದಕ್ಕಾಗಿ ಮಾಡುವ ಮಾತು ಅಥವಾ ವಾದ || te: ఒకరి వినాశనాన్ని కోరుకునేవాడు",form_similar,,,,
B001134,ಪ್ರತೀಕಾರ,ప్రతీకారి,pratīkāra,pratīkāri,,kn: ಮಾಡಿದ ಕೆಲಸಕ್ಕೆ ಪ್ರತಿಯಾಗಿ ದೊರಕುವ ಫಲ || te: కక్ష్యతీర్చుకునేటటువంటి,form_similar,,,,
B001135,ಪ್ರಧಾನ,ప్రధానం,pradhāna,pradhānaṁ,,kn: ಏನನ್ನಾದರೂ ಕೊಡುವುದು ಅಥವಾ ಉಡುಗೊರೆಯಾಗಿ ಏನನ್ನಾದರೂ ಕೊಡುವುದು || te: వేరోకరి ద్వారా వచ్చింది,form_similar,,,,
B001136,ಪ್ರಲೋಭ,ప్రలోభం,pralōbha,pralōbhaṁ,,kn: ಏನ್ನನೋ ಪಡೆಯುವುದರ ಅತಿಯಾದಂತಹ ಆಸೆ ಅಥವಾ ಪ್ರಾಯಶಃ ಅದು ಅನುಚಿತವಾಗಿದೆ ಎಂದು ಅಂದು ಕೊಳ್ಳಬಹುದು || te: తక్కువ ధనం ఖర్చుచేయడం.,form_similar,,,,
B001137,ಪ್ರವೀಣತೆ,ప్రవీణత,pravīṇate,pravīṇata,,kn: ಯಾವುದೇ ಕೆಲಸ ಅಥವಾ ಸಂಗತಿಯಲ್ಲಿ ಅತಿಯಾದ ಜಾಣತನವನ್ನು ಮೆರೆಯುವುದು || te: ఏదైన పని చేయటానికి విశేషమైన అర్హత కలిగి ఉండుట.,form_similar,,,,
B001138,ಪ್ರಶಂಸ್ಯ,ప్రశంస,praśaṁsya,praśaṁsa,,"kn: ಪ್ರಶಂಸೆಗೆ ಯೋಗ್ಯವಾದವ ಅಥವಾ ಪ್ರಶಂಸೆಗೆ ಯೋಗ್ಯವಾದುದು || te: ఏవైన మాటలు, సలహాలు మీద ఆనందాన్ని వ్యక్తపరచడం.",form_similar,,,,
B001139,ಪ್ರಸಂಗ,ప్రసంగం,prasaṁga,prasaṁgaṁ,,"kn: ಆ ಸೂಚನೆ ರೇಡಿಯೋ, ಸಮಾಚಾರಪತ್ರ, ವೃತ್ತಪತ್ರಿಕೆ ಮೊದಲಾದವುಗಳಿಂದ ಪ್ರಾಪ್ತವಾದದ್ದು || te: చాలా మంది ప్రజల ముందు విషయాన్ని గురించి చెప్పడం.",form_similar,,,,
B001140,ಪ್ರಸಿದ್ಧ,ప్రసిద్ధి,prasiddha,prasiddhi,,kn: ಬಹು ಜನರ ನೆನಪಿನಲ್ಲಿ ಉಳಿಯುವ ಇಲ್ಲವೇ ಉಳಿದಂತಹ ಪ್ರಕ್ರಿಯೆಗೆ ಸಂಬಂಧಿಸದಂತಹ || te: ఏదైన పోటీలలో లేదా ఆటలలో ఎవరూ అందుకోలేని మరియు శాస్వత గుర్తుగా మిగిలే క్రియ,form_similar,,,,
B001141,ಪ್ರಾಂಗಣ,ప్రాంగణం,prāṁgaṇa,prāṁgaṇaṁ,,kn: ಮನೆಯ ಮಧ್ಯದ ತೆರೆದ ಭಾಗ || te: నలువైపుల గోడలతో నిర్మించిన ప్రదేశం,form_similar,,,,
B001142,ಪ್ರಾಕೃತ,ప్రాకృతం,prākr̥ta,prākr̥taṁ,,kn: ಸಂಭಾಷಣೆ ಅಥವಾ ಮಾತುಕತೆಯ ಒಂದು ಪ್ರಾಚೀನ ಭಾಷೆ || te: ఎల్లప్పుడూ సార్వజనీనంగా ఉండు భావన.,form_similar,,,,
B001143,ಪ್ರಾಚೀನದ,ప్రాచీనత,prācīnada,prācīnata,,"kn: ತುಂಬಾ ಹಳೆಯದಾದ, ಆರಂಭಿಸಿದ, ವಿಕಾಸವಾಗದ ಮತ್ತು ಸರಿಯಾದ ಆಕಾರದಲ್ಲಿ ಇರುವ || te: చరిత్ర కాలానికి సంబందించినది",form_similar,,,,
B001144,ಫಲಾಹಾರ,ఫలాహారి,phalāhāra,phalāhāri,,kn: ಒಂದು ಖಾದ್ಯ ಪದಾರ್ಥವು ಕೇವಲ ಹಣ್ಣುಗಳಿಂದ ಮಾಡಲಾಗಿದ್ದು  ಮತ್ತು ಅದರಲ್ಲಿ ಅನ್ನ ಪೂರ್ಣವಾಗಿ ಬೆರೆಸುವುದಿಲ್ಲ || te: కేవలము ఫలములు తిని జీవించేవాడు,form_similar,,,,
B001145,ಫಿರ್ಯಾದು,ఫిర్యాదు.,phiryādu,phiryādu.,,kn: ಕೇಡಿನ ನಿವಾರಣೆಗಾಗಿ ನ್ಯಾಯಾಲಯದಲ್ಲಿ ಮಾಡುವ ಪ್ರಾರ್ಥನೆ || te: ఏదైనా వినయపూర్వకంగా అడగడం.,form_similar,,,,
B001146,ಬಂಧನ,బంధనం,baṁdhana,baṁdhanaṁ,,kn: ಆ ಸ್ಥಾನದಲ್ಲಿ ಬಂಧನದಲ್ಲಿರುವ ಕ್ರಿಯೆ || te: ఏదైనా పడిపోకుండా కట్టే కట్టు,form_similar,,,,
B001147,ಬಲಾತ್ಕಾರ,బలాత్కారి,balātkāra,balātkāri,,"kn: ಯಾರೋ ಒಬ್ಬರ ಇಚ್ಚೆಗೆ ವಿರುದ್ದವಾಗಿ, ಬಲವಂತದಿಂದ ಸಂಭೋಗಿಸುವುದು || te: అత్యాచారం చేసే వ్యక్తి",form_similar,,,,
B001148,ಬಲಿಷ್ಠ,బలిష్ఠం,baliṣṭha,baliṣṭhaṁ,,"kn: ಯಾರೋ ಒಬ್ಬರು ಯಾವುದೋ ದೃಷ್ಟಿಯಿಂದ ಬೇರೆಯವರಿಗಿಂತ ಪ್ರಬಲ ಅಥವಾ ಸಶಕ್ತನಾಗಿರುವುದು || te: శరీరంలో బాగ కొవ్వు, మాంసం కలిగి ఉండటం",form_similar,,,,
B001149,ಬಾಧ್ಯಸ್ತ,బాధ్యత,bādhyasta,bādhyata,,kn: ಹಕ್ಕು ಅಥವಾ ಅಧಿಕಾರ ಇಟ್ಟುಕೊಂಡಿರುವ ವ್ಯಕ್ತಿ || te: పనులను పూర్తి చేయించు విధి,form_similar,,,,
B001150,ಬಾಹುಬಲ,బాహుబలం,bāhubala,bāhubalaṁ,,kn: ಬಾಹುಗಳ ಅಥವಾ ಶರೀರದ ಬಲ ಅದರಿಂದ ಮನುಷ್ಯ ಯಾವುದಾದರು ದೊಡ್ಡ ಕೆಲಸವನ್ನು ಮಾಡುತ್ತಾನೆ || te: అడవికి రారాజు,form_similar,,,,
B001151,ಬಿರುಸಿನ,బిరుసైన,birusina,birusaina,,kn: ಯಾರೋ ಒಬ್ಬರ ಸ್ವಭಾವ ಸರಿಯಿರದ ಅಥವಾ ಒಳ್ಳೆಯವರಾಗಿ ಕಾಣುವುದಿಲ್ಲ || te: ఇందులో నీళ్ళశాతము తక్కువగానున్నది.,form_similar,,,,
B001152,ಭುಜಂಗ,భుజంగం,bhujaṁga,bhujaṁgaṁ,,kn: ಹೆಡೆಯುಳ್ಳ ವಿಷದ ಹಾವು || te: సన్నగా మరియు పొడవుగా ఉండి నేల మీదా ప్రాకే విషంగల ప్రాణి.,form_similar,,,,
B001153,ಭೂಕಂಪ,భూకంపం,bhūkaṁpa,bhūkaṁpaṁ,,kn: ಪ್ರಾಕೃತಿಕವಾದ ಕಾರಣದಿಂದ ಭೂಮಿಯ/ಪೃಥ್ವಿಯ ಒಳಭಾಗದಲ್ಲಿ ಉಂಟಾಗುವ ಅಲ್ಲೋಲ-ಕಲ್ಲೋಲದಿಂದಾಗಿ ಮೇಲಿನ ಭಾಗದಲ್ಲಿ ಒಮ್ಮಿಂದೊಮ್ಮೆಲೆ ಉಂಟಾಗುವ ಅಲುಗಾಟ || te: భూమి కంపించడం ద్వారా వచ్చేది,form_similar,,,,
B001154,ಭೂಗರ್ಭ_ಶಾಸ್ತ್ರ,భూగర్భ_శాస్త్రము,bhūgarbha_śāstra,bhūgarbha_śāstramu,,kn: ಒಂದು ಶಾಸ್ತ್ರದಲ್ಲಿ ಪೃಥ್ವಿಯ ಮೇಲ್ಭಾಗದ ಸ್ವರೂಪ ಮತ್ತು ಪ್ರಾಕೃತಿಕ ವಿಭಾಗಗಳ ವಿವೇಚನೆ ಅಥವಾ ವರ್ಣನೆಯನ್ನು ಒಳಗೊಂಡಿರುತ್ತದೆ || te: ఒక శాస్త్రము దీనిలో భూమి  యొక్క పై మరియు లోపలి భాగము ఏ తత్వాల నుండి తయారైనదో తెలుస్తుంది,form_similar,,,,
B001155,ಭ್ರಮಣ,భ్రమణం,bhramaṇa,bhramaṇaṁ,,kn: ಅಲೆದಾಟುವ ಕ್ರಿಯೆ || te: నాలుగువైపుల తిరగడం.,form_similar,,,,
B001156,ಮಂದಮತಿ,మందగతి,maṁdamati,maṁdagati,,kn: ಯಾರ ಬುದ್ಧಿ ಪೂರ್ಣ ರೂಪದಲ್ಲಿ ವಿಕಾಸವಾಗಿಲ್ಲವೊ || te: నెమ్మదిగా నడవడం,form_similar,,,,
B001157,ಮಂದಾಕಿನೀ,మందాకిని,maṁdākinī,maṁdākini,,kn: ಗಂಗಾನದಿಯ ಒಂದು ಉಪನದಿ || te: అరవై సంవత్సరాలకు పైబడిన స్త్రీ.,form_similar,,,,
B001158,ಮಧ್ಯಮ,మధ్యమం,madhyama,madhyamaṁ,,kn: ತುಂಬಾ ದೊಡ್ಡದಲ್ಲದ ತುಂಬಾ ಚಿಕ್ಕದೂ ಅಲ್ಲದಂತಹ || te: శరీరంలో పొట్టకు మరియు వీపుకు మధ్య భాగం,form_similar,,,,
B001159,ಮಧ್ಯಾನ,మధ్యాహ్న,madhyāna,madhyāhna,,kn: ಆ ಸಮಯದಲ್ಲಿ ಸೂರ್ಯ ಆಕಾಶದ ಮಧ್ಯದ ಭಾಗದಲ್ಲಿ ಬರುತ್ತಾನೆ || te: రెండు గంటలను గంటల సమయం కలిగిన,form_similar,,,,
B001160,ಮನೋಹರ,మనోహరం,manōhara,manōharaṁ,,kn: ಮನಸ್ಸಿಗೆ ಸಂತೋಷ ನೀಡುವ || te: కనులకు ఆహ్లాదకరంగా వుండటం,form_similar,,,,
B001161,ಮಳಯಾಳಂ,మళయాలం,maḷayāḷaṁ,maḷayālaṁ,,kn: ದ್ರಾವಿಡದ ಒಂದು ಭಾಷೆಯು ತಮಿಳಿನ ಜತೆ ಸೇರುವುದು ಮತ್ತು ದಕ್ಷಿಣ ಭಾರತದಲ್ಲಿ ಈ ಭಾಷೆಯನ್ನು ಮಾತನಾಡುತ್ತಾರೆ || te: మళయాలం భాషకు సంబంధించిన లేదా మళయాల భాషకు చెందిన,form_similar,,,,
B001162,ಮಹೀತಲ,మహీతలం,mahītala,mahītalaṁ,,kn: ಹಿಂದೂ ಧರ್ಮಗ್ರಂಥದಲ್ಲಿ ವರ್ಣಿಸಲಾಗಿರುವ ದೇವತೆ ಅವಳು ಪ್ರಪಂಚವನ್ನು ರಕ್ಷಣೆ ಮಾಡುತ್ತಿದ್ದಾಳೆ || te: భూమి పైభాగం,form_similar,,,,
B001163,ಮಾಂಸಾಹಾರ,మాంసాహారి,māṁsāhāra,māṁsāhāri,,"kn: ಮಾಂಸ, ಮೀನು ಇತ್ಯಾದಿಗಳಿರುವ ಭೋಜನ || te: శాఖహారి కానిది",form_similar,,,,
B001164,ಮಾರ್ತಾಂಡ,మార్తాండ.,mārtāṁḍa,mārtāṁḍa.,,kn: ಹಿಂದೂ ಧರ್ಮಗ್ರಂಥದಲ್ಲಿ ವರ್ಣಿತವಾಗಿರುವ ದೇವರು || te: సూర్యదేవుని భార్యలలో ఒకరు,form_similar,,,,
B001165,ಮಿತಭಾಷಿ,మితభాషా,mitabhāṣi,mitabhāṣā,,kn: ತುಂಬಾ ಕಡಿಮೆ ಪ್ರಮಾಣದಲ್ಲಿ ಮಾತನಾಡುವಂತಹ || te: తక్కువగా మాట్లాడేవాడు,form_similar,,,,
B001166,ಮೃಗರಾಜ,మృగరాజు,mr̥garāja,mr̥garāju,,kn: ಗಂಡು_ಸಿಂಹ || te: అడవికి రారాజు,form_similar,,,,
B001167,ಮೈಕಟ್ಟು,మణికట్టు,maikaṭṭu,maṇikaṭṭu,,kn: ಶರೀರದ ರಚನೆ ಅಥವಾ ಮೈಕಟ್ಟು || te: చేతికి గడియారం ధరించే చోటు,form_similar,,,,
B001168,ಮೊದಲಿನ,మొదలైన,modalina,modalaina,,kn: ಯಾವುದನ್ನಾದರೂ ಮೊದಲು ಮಾಡುವ ಮೊದಲ ಹಂತವನ್ನು ಗುರುತಿಸುವುದು || te: ఏదేని పనిని మొదలుపెట్టడం,form_similar,,,,
B001169,ಯಜಮಾನಿ,యజమాని.,yajamāni,yajamāni.,,kn: ಯಜಮಾನನ ಪತ್ನಿ || te: ఏదైన వస్తువు లేదా ఆస్తి పైన హక్కు కల్గిన వాడు.,form_similar,,,,
B001170,ಯಜುರ್ವೇದ,యజుర్వేది,yajurvēda,yajurvēdi,,"kn: ನಾಲ್ಕು ವೇದಗಳಲ್ಲಿ ಎರಡನೆಯದು ಯಜ್ಞ, ಯಾಗಗಳನ್ನು ಮಾಡುವ ವಿವರಣೆಯನ್ನು ಹೊಂದಿದೆ || te: యజుర్వేదాన్ని అనుసరించేటటువంటి",form_similar,,,,
B001171,ಯೋಗೇಶ್ವರಿ,యోగీశ్వరి,yōgēśvari,yōgīśvari,,kn: ಒಬ್ಬ ದೇವತೆಯು ಅನೇಕ ರಾಕ್ಷಸರನ್ನು ಸಂಹರಿಸಿದಳು ಮತ್ತು ಅವಳನ್ನು ಆದಿಶಕ್ತಿ ಎಂದು ನಂಬಲಾಗುತ್ತದೆ || te: శివుడి యొక్క భార్య,form_similar,,,,
B001172,ರವಿವಾರ,రవివారం,ravivāra,ravivāraṁ,,kn: ಶನಿವಾರದ ನಂತರದ ಮತ್ತು ಸೋಮವಾರದ ಮೊದಲಿನ ದಿನ || te: ఏడు రోజులలో చివరి రోజు,form_similar,,,,
B001173,ರಹದಾರಿ,రహదారి.,rahadāri,rahadāri.,,kn: ನಮ್ಮ ದೇಶದ ನಿವಾಸಿಗಳು ವಿದೇಶಕ್ಕೆ ಹೋಗಲು ನೀಡಲಾಗುವ ಅನುಮತಿ ಪತ್ರ/ದಸ್ತಾವೇಜು || te: వచ్చీ పోయే వెడల్పాటి పక్కా దారి,form_similar,,,,
B001174,ರಿವಾಲ್ವರು,రివాల్వర్.,rivālvaru,rivālvar.,,kn: ಹಿಂದಿನ ಕಾಲದಲ್ಲಿ ಬಳಸುತ್ತಿದ್ದ ಒಂದು ತರಹದ ದೊಡ್ಡ ಬಂದೂಕು || te: తుపాకీలో సగభాగం ఉండే పిస్తోల్,form_similar,,,,
B001175,ರಿವಾಲ್ವರ್,రివాల్వర్.,rivālvar,rivālvar.,,kn: ಒಂದೇ ಬಾರಿ ಅನೇಕ ಗುಂಡುಗಳನ್ನು ತುಂಬಿಸಿ ಉಪಯೋಗಿಸಬಹುದಾದ ಪಿಸ್ತೂಲ್ || te: తుపాకీలో సగభాగం ఉండే పిస్తోల్,form_similar,,,,
B001176,ರುದ್ರಾಕ್ಷ,రుద్రాక్ష.,rudrākṣa,rudrākṣa.,,kn: ಒಂದು ಬಗೆಯ ಮರ ಮತ್ತು ಅದರ ಕಾಯಿ ಅದನ್ನು ಪೂಜೆ ಮತ್ತು ಜಪಮಾಲೆ ಮಾಡುವುದಕ್ಕೆ ಬಳಸುತ್ತಾರೆ ಮತ್ತು ಅದನ್ನು ಧಾರಣೆ ಮಾಡುತ್ತಾರೆ. || te: శివుడి చేతిలో వుండే మాల,form_similar,,,,
B001177,ಲಾಭಾಂಶ,లాభాంశం,lābhāṁśa,lābhāṁśaṁ,,kn: ಲಾಭದಿಂದ ಬಂದ ಹಣ್ಣವನ್ನು ನೇಮಿಸಿಕೊಂಡ ಕೆಲಸಗಾರರಿಗೆ ಹಂಚುವರು || te: పెట్టుబడిదారులకు వచ్చిన లాభాలలో  వారి వంతు లాభపు భాగం లభించునది,form_similar,,,,
B001178,ವರ್ಣಹೀನ,వర్గహీన,varṇahīna,vargahīna,,kn: ಬಣ್ಣವಿಲ್ಲದ ವಸ್ತು || te: జాతి లేకుండా వుండటం,form_similar,,,,
B001179,ವಾತಾಯನ,వాతాయనం,vātāyana,vātāyanaṁ,,kn: ಗಾಳಿ ಬೆಳಕು ಬರಲು ಮನೆ ಅಥವಾ ಕಟ್ಟಡದ ಗೋಡೆಯಲ್ಲಿ ಮಾಡಿರುವ ಕಿರು ದ್ವಾರ || te: చెట్టు కొమ్మలకు ఉండేవి,form_similar,,,,
B001180,ವಾತ್ಸಲ್ಯ,వాత్సల్యం,vātsalya,vātsalyaṁ,,kn: ತಾಯಿ-ತಂದೆ ತೋರುವ ಮಕ್ಕಳ ಮೇಲಿನ ಪ್ರೇಮ || te: బలమైన అభిమానం,form_similar,,,,
B001181,ವಿಚಾರಣ,విచారణం,vicāraṇa,vicāraṇaṁ,,kn: ಚನ್ನಾಗಿ ಯೋಚಿಸಿ ವಿಚಾರ ಮಾಡಿದ ಮಾತು || te: క్రొత్త విషయాలను కనుగొనుట.,form_similar,,,,
B001182,ವಿದ್ಯಾಮಾತ,విద్యాదాత,vidyāmāta,vidyādāta,,kn: ವಿದ್ಯೆ ಮತ್ತು ಭಾಷೆಗಳ ಅಧಿದೇವತೆ || te: విద్యార్థులకు పాఠాలను బోధించేవాడు,form_similar,,,,
B001183,ವಿದ್ಯಾರ್ಥ,విద్యార్థి,vidyārtha,vidyārthi,,"kn: (ವ್ಯಾಕರಣ) ಧರ್ಮ, ಸಂಭಾವನಾ, ಯೋಗ್ಯತೆ ಮೊದಲಾದ ಅರ್ಥದ ತಿಳಿವಳಿಕೆಯ ಕ್ರಿಯಾ ರೂಪದಿಂದ ಆಗುತ್ತದೆ || te: విద్యను అభ్యసించేవాడు",form_similar,,,,
B001184,ವಿಶೇಷಣ,విశేషణం,viśēṣaṇa,viśēṣaṇaṁ,,kn: ದೋಷಯುಕ್ತ ಪದವು ಯಾವುದೇ ನಾಮಪದದ ವಿಶೇಷತೆಯನ್ನು ಹೇಳುವುದು || te: వ్యాకరణంలో అతడు మొదలగు వాటితో వచ్చి ప్రత్యేకతను తెలిపేది,form_similar,,,,
B001185,ವಿಶೇಷಣ,విశ్లేషణ,viśēṣaṇa,viślēṣaṇa,,kn: ದೋಷಯುಕ್ತ ಪದವು ಯಾವುದೇ ನಾಮಪದದ ವಿಶೇಷತೆಯನ್ನು ಹೇಳುವುದು || te: తర్క- వితర్కములను నిశ్చితము చేయు క్రియ,form_similar,,,,
B001186,ವಿಶ್ರಾಂತಿ,విశ్రాంతి.,viśrāṁti,viśrāṁti.,,"kn: ಯಾವುದಾದರು ಕಾರ್ಯ ಮುಂತಾದವುಗಳನ್ನು ಸ್ವಲ್ಪ ನಿಲ್ಲಿಸಿ ಶರೀರಕ್ಕೆ ಆರಾಮ/ವಿಶ್ರಾಂತಿಯನ್ನು ನೀಡುವ ಕ್ರಿಯೆ || te: జరుగుతూ,జరుగుతూ వున్న పనిని ఆకస్మికంగా నిలిపివేసిన క్రియ.",form_similar,,,,
B001187,ವಿಶ್ಲೇಷಕ,విశ్లేషణ,viślēṣaka,viślēṣaṇa,,kn: ಮೀಮಾಂಸಶಾಸ್ತ್ರವನ್ನು ತಿಳಿದಿರುವವನು ಮತ್ತು ಯಾವುದಾದರು ವಿಷಯವನ್ನು ಮೀಮಾಂಸೆ ಅಥವಾ ವಿವೇಚನೆ ಮಾಡುವವನು || te: తర్క- వితర్కములను నిశ్చితము చేయు క్రియ,form_similar,,,,
B001188,ವಿಶ್ಲೇಷಣೆ,విశ్లేషణ,viślēṣaṇe,viślēṣaṇa,,kn: ಯಾವುದೋ ವಿಷಯದ ಎಲ್ಲಾ ಸುಳಿವುವನ್ನು ಬಹಳ ಗಮನವಿಟ್ಟು ನೋಡುವುದರಿಂದ ಅದರ ಸತ್ಯಾಸತ್ಯೆಗಳು ಹೊರಗೆ ಬರುವುದು ಅಥವಾ ವಾಸ್ತವಿಕ ಸ್ವರೂಪದಲ್ಲಿ ಮುಂದೆ ಬರುವುದು || te: తర్క- వితర్కములను నిశ్చితము చేయు క్రియ,form_similar,,,,
B001189,ವಿಸ್ತೀರ್ಣ,విస్తీర్ణం,vistīrṇa,vistīrṇaṁ,,"kn: ಯಾವುದೇ ಒಂದು ವಸ್ತು ಅಥವಾ ಸಂಗತಿಯು ಹರಡಿಕೊಂಡ ದೂರ ಅಥವಾ ಅಷ್ಟು ಪ್ರದೇಶ || te: పొడవు, వెడల్పుమొదలుగునవి.",form_similar,,,,
B001190,ವಿಸ್ತೃತ,విస్తృతం,vistr̥ta,vistr̥taṁ,,kn: ಯಾವುದರಲ್ಲಿ ವಿಸ್ತಾರವಿದೆಯೋ ಅಥವಾ ವಿಸ್ತಾರವಾದಂತಹ || te: అన్ని వైపుల  విస్తరించుట.,form_similar,,,,
B001191,ವಿಸ್ಮೃತಿ,విస్మృతి.,vismr̥ti,vismr̥ti.,,kn: ಮರೆತು ಹೋಗುವ ಕ್ರಿಯೆ ಅಥವಾ ಭಾವನೆ || te: గుర్తుకురానిది.,form_similar,,,,
B001192,ವೈಭವ,వైభవం,vaibhava,vaibhavaṁ,,"kn: ರೂಪಾಯಿ-ಪೈಸಾ, ಚಿನ್ನ-ಬೆಳ್ಳಿ, ಜಮೀನು-ಆಸ್ತಿ/ಸಂಪತ್ತು ಮುಂತಾದವು || te: ఉత్సవాలలో, శుభకార్యాలలో ఉండే జనసమూహము",form_similar,,,,
B001193,ವೈಶಾಲ್ಯ,వైశాల్యం,vaiśālya,vaiśālyaṁ,,"kn: ಅಕ್ಷದ ಒಂದು ಅಂಶ ಅಥವಾ ಯಾವುದೋ ಒಂದು ಖಗೋಳದ ಪಿಂಡವು ಭೂ ಮಧ್ಯ ರೇಖೆಯು ಆ ಖಗೋಳಿಯ ಪಿಂಡವನ್ನು ನಾಲ್ಕು ಕಡೆ ಆವರಿಸಿರುವ ಕಲ್ಪನಿಕ ರೇಖೆಯು ಖಗೋಳಿಯ ಪಿಂಡದ ಭೂಮಧ್ಯ ರೇಖೆಯ ಸಮಾನಾಂತರವಾಗಿದ್ದು ನಡುವಿನ ಅಂತರ || te: పొడవు, వెడల్పుమొదలుగునవి.",form_similar,,,,
B001194,ವೈಷ್ಣವಿ,వైష్ణవి.,vaiṣṇavi,vaiṣṇavi.,,kn: ಭಾರತದ ಒಂದು ಬಹಳ ಮುಖ್ಯವಾದ ನದಿ ಅಥವಾ ಧರ್ಮಗ್ರಂಥಗಳಲ್ಲಿ ಮೋಕ್ಷಸಾಧನೆಗಾಗಿ ಮೀಯಬೇಕಾದ ಪವಿತ್ರ ನದಿ ಎಂದು ಉಲ್ಲೇಖಗೊಂಡಿದೆ || te: సింహాన్ని వాహనంగా కలిగిన దేవత,form_similar,,,,
B001195,ವ್ಯಾಕುಲತೆ,వ్యాకులత,vyākulate,vyākulata,,kn: ಮನಸ್ಸಿಗೆ ಅಪ್ರಿಯ ಮತ್ತು ಕಷ್ಟ ಕೊಡುವ ಅವಸ್ಥೆ ಅಥವಾ ಅಂಯಹ ಮಾತುಗಳಿಂದ ಪಾರಾಗಲು ಸ್ವಾಭಾವಿಕೆ ಪ್ರವೃತಿಯನ್ನು ಹೊಂದಿರುವುದು || te: బాధ పడుట.,form_similar,,,,
B001196,ವ್ಯಾಕುಲಿತ,వ్యాకులత,vyākulita,vyākulata,,kn: ವ್ಯಕ್ತಿ ಅಥವಾ ಸಮುದಾಯವು ತೀವ್ರವಾದ ಆತಂಕಕ್ಕೆ ಒಳಗಾದ ಸ್ಥಿತಿ ಅಥವಾ ಭಯಭೀತವಾದ ವಾತಾವರಣ || te: బాధ పడుట.,form_similar,,,,
B001197,ವ್ಯಾಖ್ಯಾನ,వ్యాఖ్యాత,vyākhyāna,vyākhyāta,,kn: ಜಟಿಲವಾದದ್ದನ್ನು ಅರ್ಥೈಸಿಕೊಳ್ಳಲು ನೀಡುವ ಸ್ಪಷ್ಟೀಕರಣ ಅಥವಾ ಸರಳವಾದ ವಿವರಣೆ || te: దేని గురించైనా ప్రసంగించే వ్యక్తి,form_similar,,,,
B001198,ಶತ್ರುತ್ವ,శత్రుత్వం,śatrutva,śatrutvaṁ,,kn: ಇಬ್ಬರು ವ್ಯಕ್ತಿಗಳು ಅಥವಾ ದಳಗಳ ಶತ್ರುತ್ವಪೂರ್ಣವಾದ ತಮ್ಮ-ತಮ್ಮ ಮಾತಿನ ಮೇಲೆ ಒಬ್ಬರಿಗೊಬ್ಬರ ಮೇಲೆ ವಿರುದ್ಧ ದೃಢವಾಗುವ ಭಾವ || te: ఒకరికొకరు విరోధులయ్యే క్రియ,form_similar,,,,
B001199,ಶಶಿಕಾಂತಿ,శశికాంత,śaśikāṁti,śaśikāṁta,,kn: ಚಂದ್ರನ ಬೆಳದಿಂಗಳು || te: ఒక కల్పిత రత్నం,form_similar,,,,
B001200,ಶಾಕಾಹಾರಿ,శాఖాహారి,śākāhāri,śākhāhāri,,kn: ಸಸ್ಯಗಳಿಂದ ದೊರೆಯುವ ಅಹಾರವನ್ನು ಮಾತ್ರ ಸೇವಿಸುವ ಪ್ರಾಣಿ ಅಥವಾ ಜಂತು || te: మాంసాహారం తినని వాళ్ళు,form_similar,,,,
B001201,ಶಾಖಾಹಾರಿ,శాకాహారి,śākhāhāri,śākāhāri,,"kn: ಗೆಡ್ಡೆಗೆಣಸು, ತರಕಾರಿ, ಸೊಪ್ಪು, ದ್ವಿದಳ ಧಾನ್ಯಗಳು ಅಥವಾ ಬೇಳೆಗಳು, ಬೀಜಗಳು, ಹಣ್ಣು, ಹಂಪಲು, ಮೊದಲಾದವುಗಳನ್ನು ಒಳಗೊಂಡ ಸಸ್ಯಜನ್ಯ ಆಹಾರವನ್ನು ಮಾತ್ರ ತಿನ್ನುವ, ಪ್ರಾಣಿಗಳ ಆಹಾರವನ್ನು ಅಥವಾ ಮಾಂಸಾಹಾರವನ್ನು ತಿನ್ನದಿರುವ ವ್ಯಕ್ತಿ ಅಥವಾ ಪ್ರಾಣಿ || te: ఆకుకూరలు పండ్లు తినేవారు.",form_similar,,,,
B001202,ಶ್ರೀಲಂಕ,శ్రీలంక.,śrīlaṁka,śrīlaṁka.,,"kn: ಸಿಂಹಳಿ ದ್ವೀಪದ ಅಥವಾ ಅಲ್ಲಿನ ನಿವಾಸಿ, ಭಾಷೆ, ಸಂಸ್ಕೃತಿ ಇತ್ಯಾದಿಗಳಿಗೆ ಸಂಬಂಧಿಸಿದ || te: భారతదేశానికి దక్షిణాన వున్న చిన్న దేశం.",form_similar,,,,
B001203,ಷಟ್_ಕರ್ಮ,షట్‍కర్మ,ṣaṭ_karma,ṣaṭkarma,,"kn: ಶಾಂತಿ, ವಶೀಕರಣ, ಸಂಭನ, ಸಂಕಟ, ಉಚ್ಚಾಟನೆ ಮತ್ತು ಮರಣ ಈ ಆರು ಕೆಲಸಗಳನ್ನು ವಾಮಾಚಾರ/ತಂತ್ರದ ಮೂಲಕ ಮಾಡಿಸುವುದು || te: బ్రాహ్మణులకొరకై చేసే ఆరుపనులు",form_similar,,,,
B001204,ಸಂಕಲಿತ,సంకలియ,saṁkalita,saṁkaliya,,kn: ಒಂದೆಡೆ ಒಟ್ಟಾಗಿರುವುದನ್ನು ಸೂಚಿಸುವುದು || te: ఇనుముతో తయారుచేసిన గొలుసు.,form_similar,,,,
B001205,ಸಂತೃಪ್ತ,సంతృప్తి,saṁtr̥pta,saṁtr̥pti,,kn: ಸಂತುಷ್ಟಿಯನ್ನು ಹೊಂದಿದಂತಹ ಸ್ಥಿತಿ || te: అనుకొన్నది సాధించినప్పుడు కలుగు భావన.,form_similar,,,,
B001206,ಸಂಧಾನ,సంధానం,saṁdhāna,saṁdhānaṁ,,kn: ಪರಸ್ಪರರು ಭಿನ್ನತೆಗಳನ್ನು ಮರೆತು ಒಂದು ನಿರ್ಧಾರಕ್ಕೆ ಬರುವುದು || te: ఇరువురు వ్యక్తులు కలిసి ఒక్కటయ్యే స్థితి,form_similar,,,,
B001207,ಸಂಪಾದಕ,సంపాదన,saṁpādaka,saṁpādana,,kn: ಯಾವುದೇ ದಿನ ಪತ್ರಿಕೆ ಅಥವಾ ಪುಸ್ತಕ ಕ್ರಮದಂತೆ ಜೋಡಿಸಿ ಮತ್ತು ಅದನ್ನು ಎಲ್ಲಾ ಪ್ರಕಾರದಲ್ಲು ಸರಿಪಡಿಸಿ ಮೂದ್ರಿಸುತ್ತಾರೆ || te: శ్రమించి లేక ప్రయత్నించి ధనమును పొందే క్రియ.,form_similar,,,,
B001208,ಸಂಪೂರ್ಣ,సంపూర్ణం,saṁpūrṇa,saṁpūrṇaṁ,,kn: ಎಲ್ಲವನ್ನೂ ಒಳಗೊಂಡಿರುವಿಕೆ || te: వెలితి లేకుండా చేసేది,form_similar,,,,
B001209,ಸಂಬಂದ,సంబంధ,saṁbaṁda,saṁbaṁdha,,kn: ಯಾವುದೇ ಬಗೆಯ ಸಂಪರ್ಕ ಇರುವ || te: సంబంధాలను కలపడానికి ఉపయోగించే వ్యాకరణాంశం,form_similar,,,,
B001210,ಸಂಬಂಧ,సంబంధి,saṁbaṁdha,saṁbaṁdhi,,"kn: ಆ ಅಭಿಪ್ರಾಯ ಅಥವಾ ಆಶಯ, ಯಾವ ಶಬ್ಧ, ಪದ ಅಥವಾ ವಾಕ್ಯ ಈ ಎಲ್ಲದರಲ್ಲೂ ಹುಡುಕಿ ತೆಗೆಯುವುದು ಮತ್ತು ಯಾರಲ್ಲಿ ಜ್ಞಾನ/ತಿಳುವಳಿಕೆಯನ್ನು ವೃದ್ಧಿಗೊಳಿಸುವುದಕ್ಕಾಗಿ ಲೋಕದಲ್ಲಿ ಪ್ರಚಲಿತವಾಗಿರುವ ಶಬ್ಧ ಅಥವಾ ಪದ || te: సంబంధ బాంధవ్యాలు కలిగినవారు",form_similar,,,,
B001211,ಸಂಬಂಧಿ,సంబంధ,saṁbaṁdhi,saṁbaṁdha,,kn: ರಕ್ತ ಸಂಬಂಧ ಅಥವಾ ರಕ್ತ ಸಂಬಂಧಕ್ಕೆ ಹತ್ತಿರದ ಕರುಳು ಬಳ್ಳಿ ಸಂಬಂಧವನ್ನು ಹೊಂದಿದವರು || te: సంబంధాలను కలపడానికి ఉపయోగించే వ్యాకరణాంశం,form_similar,,,,
B001212,ಸಂವೇದಕ,సంవేదన,saṁvēdaka,saṁvēdana,,kn: ಒಂದು ಉಪಕರಣ || te: ఇది ఒక మానసికమైన ఆనందభావన.,form_similar,,,,
B001213,ಸಂಸರ್ಗ,సంసర్గం,saṁsarga,saṁsargaṁ,,kn: ವಾದ್ಯವನ್ನು ಬಾರಿಸಿಕೊಂಡು ಹಾಡು ಹೇಳುವ ಕೆಲಸದಲ್ಲಿ ಅಥವಾ ಹಾಡಿನಲ್ಲಿ ಸಹಾಯ ಮಾಡುವ ಕ್ರಿಯೆ || te: రక్తసంబంధం కానిది,form_similar,,,,
B001214,ಸಂಸ್ಕೃತ,సంస్కృతి,saṁskr̥ta,saṁskr̥ti,,"kn: ಭಾರತೀಯ ಶ್ರೇಷ್ಠ/ಆರ್ಯರು ಪ್ರಾಚೀನ ಸಂಸ್ಕೃತಿಯ ಭಾಷೆಯಲ್ಲಿ ವೇದ ಮುಂತಾದವುಗಳನ್ನು ಬರೆದಿದ್ದಾರೆ || te: ఏదేని వ్యక్తి, జాతి, రాష్ట్రం మొదలగు అన్ని విషయాలు తమ మనస్సు ఇష్టం, ఆచారవ్యవహారాలు సభ్యత యొక్క క్షేత్రంలో బౌద్ధిక వికాసానికి సూచనలు",form_similar,,,,
B001215,ಸಂಸ್ಕೃತಿ,సంస్కృత,saṁskr̥ti,saṁskr̥ta,,kn: ಹಿಂದೂ ಧರ್ಮದ  ದೃಷ್ಟಿಯಲ್ಲಿ ಮನುಷ್ಯನನ್ನು ಶುದ್ಧ  ಮತ್ತು ಶೇಷ್ಠನನ್ನಾಗಿ ಮಾಡಲು ಆಗುವಂತಹ ವಿಶೇಷ ಕಾರ್ಯ || te: ఉపనయన సంస్కారాన్ని ఇచ్చేవి,form_similar,,,,
B001216,ಸತ್ಯವಾಗಿ,సత్యవాది,satyavāgi,satyavādi,,kn: ಸತ್ಯದೊಂದಿಗೆ || te: ఎవరైతే నిజం చేబుతారో,form_similar,,,,
B001217,ಸತ್ಯವಾದ,సత్యవాది,satyavāda,satyavādi,,"kn: ಮನಸ್ಸು ಶುದ್ಧವಾಗಿರುವ ಅಥವಾ ಕಳ್ಳತನ ಅಥವಾ ಮೋಸ-ಕಪಟ ಮಾಡದೆ ಒಳ್ಳೆಯ ನಿಯತ್ತು ಇಟ್ಟುಕೊಂಡಿರುವ, || te: ఎవరైతే నిజం చేబుతారో",form_similar,,,,
B001218,ಸಮರ್ಪಣೆ,సమర్పణ,samarpaṇe,samarpaṇa,,kn: ಯಾವುದಾದರ ಉತ್ತಮವಾದ ಉದ್ದೇಶಕ್ಕಾಗಿ ಪ್ರಾಣವನ್ನು ನೀಡುವ ಕ್ರಿಯೆ ಅಥವಾ ಭಾವ || te: వేరొకరికి ఏదైన ఆదరపూర్వకముగా ఇచ్చే లేక కానుకనిచ్చే క్రియ.,form_similar,,,,
B001219,ಸಮಾಗಮ,సమాగమం,samāgama,samāgamaṁ,,kn: ಯಾವುದೇ ವಿಷಯದ ಅಂಗವಾಗಿ ಚರ್ಚೆ ಮಾಡುವುದಕ್ಕೋಸ್ಕರ ಆಯೋಜಿಸಿರುವ ಸಭೆ ಅಥವಾ ಕೂಟ || te: ఇరువురు వ్యక్తులు కలిసి ఒక్కటయ్యే స్థితి,form_similar,,,,
B001220,ಸಮೃದ್ಧ,సమృద్ధి,samr̥ddha,samr̥ddhi,,"kn: ಯಾವುದೇ ವಿಷಯ ಅಥವಾ ಸಂಗತಿಯಲ್ಲಿ ಅಪಾರ ಹೆಚ್ಚಳ ಇರುವಿಕೆ ಅಥವಾ ಆದಿಕ್ಯವಿರುವಿಕೆ || te: మూల్యం, డబ్బు గౌరవం మొదలైనవి అన్ని పెద్ద మొత్తంలో ఉండటం",form_similar,,,,
B001221,ಸಮೃದ್ಧಿ,సమృద్ది,samr̥ddhi,samr̥ddi,,kn: ಶ್ರೀಮಂತ/ಧನ ಸಂಪನ್ನ ಅಥವಾ ಸಮೃದ್ದಿಪೂರ್ಣವಾದ ಪರಿಸ್ಥಿತಿ ಅಥವಾ ಭಾವ || te: ఎక్కువ కంటే ఎక్కువగా ఉండే స్థితి.,form_similar,,,,
B001222,ಸರಸ್ವತಿ,సారస్వతి,sarasvati,sārasvati,,kn: ಪಂಜಾಬಿನ ಒಂದು ಪ್ರಾಚೀನ ನದಿ || te: సారస్వతి ప్రదేశంలో నివసించినవారు,form_similar,,,,
B001223,ಸರ್ಪರಾಜ,సర్పరాజు,sarparāja,sarparāju,,kn: ಪುರಾಣದಲ್ಲಿ ವರ್ಣಿತವಾಗಿರುವ ಒಂದು ನಾಗ ಅದು ಕಶ್ಯಪನ ಪುತ್ರ ಎಂದು ನಂಬಲಾಗುತ್ತದೆ || te: పరీక్షిత్తు రాజును కాటు వేసిన పాము,form_similar,,,,
B001224,ಸರ್ವಾಂಗ,సర్వాంగం,sarvāṁga,sarvāṁgaṁ,,"kn: ಯಾರು ಅಂಗವಿಕಲನಲ್ಲವೋ || te: వస్తువు, ప్రాణుల యొక్క శరీరంలోని అంగాలన్నీ కలిసినవి",form_similar,,,,
B001225,ಸಹಕಾರ,సహకారం,sahakāra,sahakāraṁ,,"kn: ಒಬ್ಬ ವ್ಯಕ್ತಿಗೆ, ಯಾವುದನ್ನೇ ಮಾಡುವುದು, ಪಡೆಯುವುದು, ಮೊದಲಾದವಕ್ಕೆ ಕೊಡುವ ಬೆಂಬಲ || te: సహాయకారిగా ఉండటం",form_similar,,,,
B001226,ಸಹಚರ,సహచరం,sahacara,sahacaraṁ,,"kn: ಪ್ರೇಮಿಸುವ ಅಥವಾ ಪ್ರೀತಿಯ ಭಾವವನ್ನು ವ್ಯಕ್ತಪಡಿಸುವ ಪುರುಷ ಅಥವಾ ಯುವಕ || te: చిన్న, పెద్ద తేడా లేకుండా ప్రతి హృదయంలోనూ ఇతరులపై కలిగే భావన",form_similar,,,,
B001227,ಸಹಚರಿ,సహచరి.,sahacari,sahacari.,,kn: ಗೆಳತಿ ಅಥವಾ ಸ್ನೇಹಿತೆ || te: ఆటలో తనతో పాటు ఆడే మరో ఆటగాడు,form_similar,,,,
B001228,ಸಹವಾಸ,సహవాసం,sahavāsa,sahavāsaṁ,,kn: ಯಾವುದೇ ವಿಷಯದ ಪರಸ್ಪರ ವಿನಿಮಯ || te: రక్తసంబంధం కానిది,form_similar,,,,
B001229,ಸಾಂಗತ್ಯ,సాంగత్యం,sāṁgatya,sāṁgatyaṁ,,kn: ಒಂದಕ್ಕೊಂದು ಸರಿಯಾಗಿ ಹೊಂದಿಕೆಯಾಗುವುದು || te: ఇరువురు వ్యక్తులు కలిసి ఒక్కటయ్యే స్థితి,form_similar,,,,
B001230,ಸಾರ್ಥಕ,సార్థకం,sārthaka,sārthakaṁ,,kn: ನಿರೀಕ್ಷಿತ ಫಲವನ್ನು ತಂದುಕೊಟ್ಟ ವಸ್ತು ಅಥವಾ ಕೆಲಸ || te: ఒక వస్తువును వాడుకలోనికి తీసుకురావడం.,form_similar,,,,
B001231,ಸೈಂದವ,సైంధవ,saiṁdava,saiṁdhava,,kn: ಭೂಮಿಯ ಸುತ್ತಾ ಸುತ್ತುವ ಒಂದು ಗ್ರಹ || te: సింధ్ దేశంలో వుత్పన్నమైన,form_similar,,,,
B001232,ಸ್ತ್ರೀ-ಜನನೇಂದ್ರಿಯ,స్త్రీ_జననేంద్రియం,strī-jananēṁdriya,strī_jananēṁdriyaṁ,,kn: ಹಂಗಸರ ಜನನದ ಗುಹ್ಯ ಭಾಗ || te: స్త్రీలలో ఉండే పిల్లలు పుట్టే అవయవం,form_similar,,,,
B001233,ಸ್ವಾಧೀನ,స్వాధీనం,svādhīna,svādhīnaṁ,,kn: ಯಾವುದು ತನ್ನ ವಶದಲ್ಲಿದೆಯೋ || te: ఋణం ఇచ్చిన వారు డబ్బు చెల్లించకపోతే ఏదైన వస్తువులు మొదలైన వాటిని సొంతం చేసుకున్నది,form_similar,,,,
B001234,ಹಠಯೋಗ,హఠయోగీ,haṭhayōga,haṭhayōgī,,kn: ಯೋಗದ ಒಂದು ವ್ಯಾಯಾಮದಲ್ಲಿ ಶರೀರವನ್ನು ವಶಮಾಡಿಕೊಳ್ಳಲ್ಲು ಕಠಿಣ ಮುದ್ರೆಗಳು ಮತ್ತು ಆಸಾನಗಳನ್ನು ಮಾಡುವ ವಿಧಾನವಿರುವುದು || te: హఠయోగులకు సంబంధించిన,form_similar,,,,
B001235,ಹಾಹಾಕಾರ,హాహాకారం,hāhākāra,hāhākāraṁ,,kn: ಹೆದರುತ್ತಿರುವ ಸಮಯದಲ್ಲಿ ಅಯ್ಯೊ-ಅಯ್ಯೊ ಎಂದು ಕೂಗುತ್ತಿರುವುದು ಅಥವಾ ಕಿರುಚುತ್ತಿರುವುದು || te: బాధ కలిగినప్పుడు వచ్చేది,form_similar,,,,
B001236,ಆಧ್ಯಾತ್ಮಿಕವಾದಂತ,ఆధ్యాత్మికవాదం,ādhyātmikavādaṁta,ādhyātmikavādaṁ,,kn: ಬ್ರಹ್ಮಾಡ ಮತ್ತು ಜೀವಿಗೆ ಸಂಬಂಧಿಸಿದ || te: దైవచింతనకు సంబంధించి తెలియజేసే వాదం,form_similar,,,,
B001237,ಗಾಂದರ್ವ_ವಿವಾಹ,గాంధర్వ_వివాహం,gāṁdarva_vivāha,gāṁdharva_vivāhaṁ,,kn: ಹೆಣ್ಣು ತನ್ನ ಗಂಡನನ್ನು ತಾನೇ ಆರಿಸಿಕೊಳ್ಳುವ ಪ್ರಾಚೀನಕಾಲದ ಒಂದು ಬಗೆಯ ವಿವಾಹ ಪದ್ಧತಿ || te: ఏవరికి తెలియకుండా పంచభూతలు సాక్షంగా జరిగే పెళ్లి,form_similar,,,,
B001238,ವಿಧಾನ_ಪರಿಷತ್,విధాన_పరిషత్తు,vidhāna_pariṣat,vidhāna_pariṣattu,,kn: ಕೆಲವು ಭಾರತದ ರಾಜ್ಯಗಳ ಲೋಕ ಮಂತ್ರಿಯ ಒಂದು ಪ್ರತಿನಿಧಿ ಸಭೆ ಇದರ ಸದಸ್ಯರನ್ನು ಪ್ರತ್ಯಕ್ಷ ಚುನಾವಣೆಯಿಂದ ಆರಿಸಲಾಗುತ್ತದೆ ಹಾಗೂ ಕೆಲವು ಸದಸ್ಯರನ್ನು ರಾಜ್ಯಪಾಲರ ಮೂಲಕ ಚುನಾಯಿಸುತ್ತಾರೆ || te: ఒక సభ లేక పరిషత్తు దేశము కోసము కొత్త విధానాలను తయారుచేయడం మరియు పాత పద్ధతులను సవరణ మొదలైనవి చేస్తుంది.,form_similar,,,,
B001239,ವಿಶಾಖಾ_ನಕ್ಷತ್ರ,విశాఖ_నక్షత్రం,viśākhā_nakṣatra,viśākha_nakṣatraṁ,,kn: ಚಂದ್ರನು ವಿಶಾಖಾ ನಕ್ಷತ್ರಕ್ಕೆ ಬಂದಂತಹ ಸಮಯ || te: ఇరవై ఏడు నక్షత్రాలలో పదహారవది,form_similar,,,,
B001240,10000000000000,1000000000000000,10000000000000,1000000000000000,,kn: ಹತ್ತು ಲಕ್ಷ ಕೋಟಿಗಳು || te: పదివేల పదివేలకోట్లు,form_similar,,,,
B001241,10000000000000,౧౦౦౦౦౦౦౦౦౦౦౦౦౦౦౦,10000000000000,1000000000000000,,kn: ಹತ್ತು ಲಕ್ಷ ಕೋಟಿಗಳು || te: పదివేల పదివేలకోట్లు,form_similar,,,,
B001242,1000000000000000,10000000000000,1000000000000000,10000000000000,,kn: ಒಂದು ಕೋಟಿ ಕೋಟಿ || te: వంద పదివేల కోట్ల సంఖ్య,form_similar,,,,
B001243,1000000000000000,౧౦౦౦౦౦౦౦౦౦౦౦౦౦,1000000000000000,10000000000000,,kn: ಒಂದು ಕೋಟಿ ಕೋಟಿ || te: వంద పదివేల కోట్ల సంఖ్య,form_similar,,,,
B001244,ಅಂಬರೀಶ,అంబురీశ,aṁbarīśa,aṁburīśa,,kn: ಸೃಷ್ಠಿಯನ್ನು ನಾಶ ಮಾಡುವ ಹಿಂದು ದೇವರು || te: ఉప్పు నీటితో విశాలమైన భూభాగాన్ని ఆక్రమించినవి.,form_similar,,,,
B001245,ಅಕ್ಷಾಂಶ,అక్షాంశం,akṣāṁśa,akṣāṁśaṁ,,"kn: ಭೂಗೋಳಶಾಸ್ತ್ರದಲ್ಲಿ ಭೂಮಿಯ ಮೇಲ್ಮೈ ಮೇಲಿನ ಯಾವುದೇ ಬಿಂದುವಿಗೆ ಸಂಬಂಧಿಸಿದಂತೆ (ಸಾಮಾನ್ಯವಾಗಿ ಉತ್ತರ ಅಥವಾ ದಕ್ಷಿಣ ಎಂಬುದನ್ನು ಸೂಚಿಸಿ ನಿರೂಪಿಸುವ) ಆ ಬಿಂಧುವನ್ನೂ ಭೂಕೇಂದ್ರವನ್ನೂ ಸೇರಿಸುವ ಸರಳರೇಖೆಗೂ ವಿಷುವದ್ವೈತಕ್ಕೂ ಇರುವ, ಡಿಗ್ರಿಗಳು ಮತ್ತು ಮಿನಿಟ್ಗಳಲ್ಲಿ ನಿರೂಪಿಸಲಾಗುವ ಕೋನ || te: భూమి యొక్క రెండు ధృవాల మధ్య రేఖ.",form_similar,,,,
B001246,ಅಚೇತನ,అచేతనం,acētana,acētanaṁ,,kn: ಚೇತನರಹಿತವಾದ ಅಥವಾ ಜೀವವಿರದ || te: చేతనం లేకపోవుట.,form_similar,,,,
B001247,ಅಚೇತನ_ಸ್ಥಿತಿ,అచేతన_స్థితిలో,acētana_sthiti,acētana_sthitilō,,kn: ಯಾವುದೇ ಬದಲಾವಣೆಯನ್ನು ಮಾಡಲಾಗದಂತಹ ಅಥವಾ ಆಗದಂತೆ ಮಾಡುವ ಪ್ರವೃತ್ತಿ || te: చేతనలో లేకపోవడం,form_similar,,,,
B001248,ಅಜಗರ,అజగరం,ajagara,ajagaraṁ,,"kn: ಹೆಡೆಯುಳ್ಳ ವಿಷದ ಹಾವು || te: ఒకరకమైన పొడవుగా, పెద్దగా బరువుగా ఉండే పాము",form_similar,,,,
B001249,ಅಜಾಗ್ರತೆ,అజాగ్రత,ajāgrate,ajāgrata,,kn: ಅಜಾಗರೂಕತೆಯಿಂದ ಇರುವ ಅವಸ್ಥೆ ಅಥವಾ ಭಾವ || te: భవిష్యత్ గూర్చి ఆలోచించకపోవడం.,form_similar,,,,
B001250,ಅದೃಶ್ಯ,అదృశ్యం,adr̥śya,adr̥śyaṁ,,kn: ಯಾವುದಾದರು ವರ್ಗ ಅಥವಾ ಸಮಾಜದ ಒಳಗಿಂದೊಳಗಿರುವ ನಿಶ್ಚಿತವಿಚಾರ ಅಥವಾ ವಿಚಾರ ಸಾಧಾರಣತೆಗಿಂತ ಎತ್ತರಕ್ಕೆ ಹೋಗುವುದಿಲ್ಲ || te: కనపడకుండా కలిసిపోయే భావన,form_similar,,,,
B001251,ಅಧಿಕಾರ,అధికారి,adhikāra,adhikāri,,kn: ಸರ್ಕಾರದ ಆಡಳಿತವನ್ನು ನಡೆಸುವುದು || te: ఉన్నత స్థానంలో ఉన్న ఉద్యోగి,form_similar,,,,
B001252,ಅನಾಮಿಕ,అనామిక.,anāmika,anāmika.,,kn: ಹೆಸರಿಲ್ಲದ ಅಥವಾ ಹೆಸರು ತಿಳಿಯದ || te: కవీశ్వరుడైన నిరాలుడు రచించిన ఒక పుస్తకం,form_similar,,,,
B001253,ಅನಾಸಕ್ತ,అనాసక్తి,anāsakta,anāsakti,,kn: ಯಾವುದೇ ವಿಷಯ ಅಥವಾ ಸಂಗತಿಗಳಲ್ಲಿ ಆಸಕ್ತಿ ಇಲ್ಲದಿರುವುದು || te: కోరికలు లేకుండా ఉండుట.,form_similar,,,,
B001254,ಅನುಗುಣ,అనుగుణం,anuguṇa,anuguṇaṁ,,kn: ಒಂದೇ ಬಗೆಯ ಗುಣವನ್ನು ಹೊಂದಿರವ || te: ప్రతికూలం కానిది,form_similar,,,,
B001255,ಅನುಚಿತ,అనుచితం,anucita,anucitaṁ,,kn: ನೈತಿಕವಾಗಿ ಇಲ್ಲದಿರುವುದು ಅಥವಾ ನೀತಿಗೆ ವಿರುದ್ದವಾಗಿರುವುದು || te: సమంజసం లేని.,form_similar,,,,
B001256,ಅನುಮಾನ,అనుమానం,anumāna,anumānaṁ,,"kn: ಮನಸ್ಸಿನಲ್ಲಿ ಒಂದರ ಬಗ್ಗೆ ತಾನೇ ಆಲೋಚಿಸಿ ಯಾವುದೇ ಆಧಾರವಿಲ್ಲದೆ ಅದರ ಬಗ್ಗೆ ಅಭಿಪ್ರಾಯ ವ್ಯಕ್ತಪಡಿಸುವುದು || te: ఉందా, లేదా అనుకొనే స్థితి.",form_similar,,,,
B001257,ಅನುರಕ್ತ,అనురక్తి,anurakta,anurakti,,kn: ಒಂದೇ ವಿಷಯದಲ್ಲಿ ಮುಳುಗಿಹೋಗಿರುವ ಸ್ಥಿತಿ || te: బలమైన అభిమానం,form_similar,,,,
B001258,ಅನುರಾಧಾ,అనురాధ,anurādhā,anurādha,,kn: ಚಂದ್ರನು ಅನುರಾಧ ನಕ್ಷತ್ರಕ್ಕೆ ಬಂದಂತಹ ಸಮಯ || te: ఇరవై ఏడు నక్షత్రాలలో పదహేడవది,form_similar,,,,
B001259,ಅನ್ವೇಷಕ,అన్వేషణ,anvēṣaka,anvēṣaṇa,,kn: ಯಾವುದೋ ಒಂದು ವಿಷಯದ ಮೇಲೆ ಶೋದನೆ ಮಾಡುವವ || te: క్రొత్త విషయాలను కనుగొనుట.,form_similar,,,,
B001260,ಅಪಚಾರ,అపచారం,apacāra,apacāraṁ,,kn: ಆ ಕಾರ್ಯ ನಿರ್ಲಕ್ಷ್ಯ ಅಥವಾ ತಪ್ಪಿನ ವಿಚಾರದ ಕಾರಣದಿಂದ ಆಗುತ್ತದೆ || te: ఎవరైతే రీతికి లేదా విధానానికి వ్యతరేకంగా పని చేస్తారో,form_similar,,,,
B001261,ಅಪರಾದಿ,అపరాధి,aparādi,aparādhi,,kn: ಆರೋಪಕ್ಕೆ ಗುರಿಯಾದ ವ್ಯಕ್ತಿ/ ಅಪವಾದಕ್ಕೆ ಗುರಿಯಾದ ವ್ಯಕ್ತಿ || te: నేరం చేసినవాడు.,form_similar,,,,
B001262,ಅಪರಾಧ,అపరాధి,aparādha,aparādhi,,kn: ಯಾವುದೇ ಕೆಲಸವನ್ನು ವಿಧಿ ಅಥವಾ ವಿಧಾನದ ವಿರುದ್ಧವಾಗಿ ಮಾಡಿದರೆ (ಮತ್ತು) ಅದಕ್ಕಾಗಿ ಅವರಿಗೆ ಶಿಕ್ಷೆ ಆಗಬಹುದು || te: నేరం చేసినవాడు.,form_similar,,,,
B001263,ಅಪಶ್ರುತಿ,అపశృతి,apaśruti,apaśr̥ti,,kn: ಸ್ವರವಿಲ್ಲದಿರುವವಿಕೆ ಅಥವಾ ಕರ್ಕಶಧ್ವನಿಯ ಅವಸ್ಥೆ ಅಥವಾ ಭಾವ || te: పాడేటప్పుడు శృతి తప్పడం,form_similar,,,,
B001264,ಅಭಿನೇಯ,అభిదేయ,abhinēya,abhidēya,,kn: ಅಭಿನೇಯವನ್ನು ಮಾಡುವಂತಹ || te: దేనికైనా పేరుతో బోధించేటటువంటి,form_similar,,,,
B001265,ಅಭಿನೇಯ,అభినేత,abhinēya,abhinēta,,kn: ಅಭಿನೇಯವನ್ನು ಮಾಡುವಂತಹ || te: నాటకంవేసే పురుషులు.,form_similar,,,,
B001266,ಅಭಿಪ್ರಾಯ_ಪಡೆದ,అభిప్రాయ_పడిన,abhiprāya_paḍeda,abhiprāya_paḍina,,kn: ಯಾರಿಂದಾದರೂ ಯಾವುದಾದರು ವಿಷಯದ ಬಗ್ಗೆ ಅವರ ಅಭಿಪ್ರಾಯವನ್ನು ಪಡೆಯುವುದು || te: అభిప్రాయానుసారము,form_similar,,,,
B001267,ಅಭ್ಯಾಸ,అభ్యాస.,abhyāsa,abhyāsa.,,kn: ಯಾವುದೇ ವಿಷಯ ಅಥವಾ ಸಂಗತಿಯನ್ನು ತಿಳಿಯಲು ಅಥವಾ ಕಲಿಯಲು ಅಥವಾ ದಕ್ಷತೆಯನ್ನು ಹೊಂದಲು ನಿರಂತರವಾಗಿ ಒಂದನ್ನು ಕಲಿಯುತ್ತಾ ಹೋಗುವುದು || te: పదే పదే ఒకదాని వైపు వెళ్లటం.,form_similar,,,,
B001268,ಅಭ್ಯಾಸ,అభ్యాసం,abhyāsa,abhyāsaṁ,,kn: ಯಾವುದೇ ವಿಷಯ ಅಥವಾ ಸಂಗತಿಯನ್ನು ತಿಳಿಯಲು ಅಥವಾ ಕಲಿಯಲು ಅಥವಾ ದಕ್ಷತೆಯನ್ನು ಹೊಂದಲು ನಿರಂತರವಾಗಿ ಒಂದನ್ನು ಕಲಿಯುತ್ತಾ ಹೋಗುವುದು || te: సామాజిక సంబంధంలో ఇతరులతో చేయు ప్రవర్తన.,form_similar,,,,
B001269,ಅರಾಜಕ,అరాజకం,arājaka,arājakaṁ,,kn: ನಿಯಮವಿಲ್ಲದ ಅಥವಾ ನಿಯಂತ್ರಣದ || te: రాజులేని పాలన,form_similar,,,,
B001270,ಅರ್ಧಾಂಗ,అర్ధాంగి,ardhāṁga,ardhāṁgi,,kn: ಶರೀರದ ಅರ್ಧ ಭಾಗ || te: వివాహమైన స్త్రీ.,form_similar,,,,
B001271,ಅಲಭ್ಯ,అలభ్యం,alabhya,alabhyaṁ,,kn: ಬೇಕಾದುದು ಸಿಗದೇ ಇರುವುದು || te: సమంజసం లేని.,form_similar,,,,
B001272,ಅಲ್ಪಾಹಾರ,అల్పాహారి,alpāhāra,alpāhāri,,kn: ಬೆಳಗ್ಗೆ ಅಥವಾ ಸಂಜೆ ಮೊದಲಾದವುಗಳ ಸಮಯದಲ್ಲಿ ಮಾಡುವಂತಹ ಸ್ವಲ್ಪ ಮತ್ತು ಹಗುರವಾದ (ಲಘುವಾದ) ಆಹಾರ || te: తక్కువగా తినువాడు.,form_similar,,,,
B001273,ಅವಕಾಶ,అవకాశం,avakāśa,avakāśaṁ,,kn: ಯಾವುದೇ ಕರ್ತವ್ಯ ಅಥವಾ ಕಾರ್ಯ ಮಾಡಲು ವಿಶೇಷ ಅನುಮತಿಯ ಆಧಾರದ ಮೇಲೆ ಈ ತನಕ ಇದ್ದ ಕಟ್ಟುನಿಟ್ಟುಗಳನ್ನು ಸಡಿಲಿಸಿ ಅದರ ಬಳಕೆಗೆ ಸ್ವಾತಂತ್ರವನ್ನು ಕೊಡುವುದು || te: అనుకోకుండా వచ్చే అదృష్ట సమయము.,form_similar,,,,
B001274,ಅವಸರ,అవసరం,avasara,avasaraṁ,,kn: ಆತುರತೆಯ ಸ್ಥಿತಿ || te: ఆవశ్యకత ఉండే భావన.,form_similar,,,,
B001275,ಅಸಂತೋಷ,అసంతోషి,asaṁtōṣa,asaṁtōṣi,,kn: ಬೇಸರ ಪಡುವ ಅಥವಾ ಯಾವುದೇ ಕೆಲಸದಲ್ಲಿ ಮನಸ್ಸು ಮಾಡದೆ ಇರುವ ಅವಸ್ಥೆ ಅಥವಾ ಭಾವನೆ || te: ఖుషీగా లేకపోవడం,form_similar,,,,
B001276,ಅಸ್ವಸ್ಥ,అవస్థ,asvastha,avastha,,kn: ಯಾರೋ ಒಬ್ಬರು ಯಾವುದೋ ರೋಗದಿಂದ ನರಳುತ್ತಿರುವ || te: సమస్యతో కూడిన సంధర్భం,form_similar,,,,
B001277,ಅಹಂಕಾರ,అహంకారి,ahaṁkāra,ahaṁkāri,,"kn: ಗರ್ವ, ಸೊಕ್ಕು ಅಥವಾ ಅಂಹಕಾರದಿಂದ ತುಂಬಿರುವಂತಹ ಅವಸ್ಥೆ ಅಥವಾ ಭಾವ || te: మిడిసిపాటు గల వ్యక్తి",form_similar,,,,
B001278,ಆಕರ್ಶಣ,ఆకర్షణ,ākarśaṇa,ākarṣaṇa,,"kn: ಯಾವುದೋ ಒಂದು (ಯಾವುದೋ ವ್ಯಕ್ತಿ, ಸ್ಥಾನ, ವಸ್ತು, ಘಟನೆ ಇತ್ಯಾದಿ) ಆಕರ್ಶಕವಾಗಿ ಕಾಣುವುದು || te: చూడగానే నచ్చడం",form_similar,,,,
B001279,ಆಕರ್ಷಕ,ఆకర్షణ,ākarṣaka,ākarṣaṇa,,kn: ಯಾರೋ ಒಬ್ಬರು ನೋಡಲು ಆಕರ್ಷಿಕವಾಗಿ ಇರುವ ಅಥವಾ ಮುಖ ಸುಂದರವಾಗಿರುವ || te: చూడగానే నచ్చడం,form_similar,,,,
B001280,ಆರಾಧಕ,ఆరాధన,ārādhaka,ārādhana,,"kn: ಸ್ತುತಿ ಅಥವಾ ಸ್ತೋತ್ರ ಮಾಡುವ ವ್ಯಕ್ತಿ || te: నవ విధ భక్తులలో ఒకటి, ఇందులో భక్తుడు దేవుని గుణగణాలను కీర్తిస్తాడు",form_similar,,,,
B001281,ಆರಾಧನೆ,ఆరాధన,ārādhane,ārādhana,,"kn: ಯಾವುದೇ ದೇವಿ, ದೇವರು ಮುಂತಾದವುಗಳ ಮೇಲೆ ನೀರು, ಹೂ ಮುಂತಾದವುಗಳನ್ನು ಹಾಕುವುದು ಅಥವಾ ಅದರ ಮುಂದೆ ಏನನ್ನಾದರೂ ಇಟ್ಟು ಮಾಡುವಂತಹ ಧಾರ್ಮಿಕವಾದ ಕ್ರಿಯೆ || te: నవ విధ భక్తులలో ఒకటి, ఇందులో భక్తుడు దేవుని గుణగణాలను కీర్తిస్తాడు",form_similar,,,,
B001282,ಆರೋಹಣ,ఆరోహణం,ārōhaṇa,ārōhaṇaṁ,,kn: ಮೇಲೆರುವ ಕ್ರಿಯೆ || te: ఉన్నత స్థితికి చేరుకునే కార్యం లేదా భావన,form_similar,,,,
B001283,ಆವರಣ,ఆవరణం,āvaraṇa,āvaraṇaṁ,,kn: ವಾಕ್ಯ ರಚನೆಯಲ್ಲಿ ವಿವರ ಬಯಸುವ ಆದರೆ ಅಲ್ಲಿ ನೇರವಾಗಿ ಬಳಸಲು ಸಾಧ್ಯವಾಗದ ಸಂಗತಿಯನ್ನು ಒಂದು ನಿರ್ದಿಷ್ಠ ಆವರಣದಲ್ಲಿ ತೋರಿಸುವ ಚಿಹ್ನೆ || te: నలువైపుల గోడలతో నిర్మించిన ప్రదేశం,form_similar,,,,
B001284,ಆಶಾವಾಧಿ,ఆశావాది,āśāvādhi,āśāvādi,,kn: ಆಶಾವಾದ ಅಥವಾ ಆಶಾವಾದಕ್ಕೆ ಸಂಬಂಧಿಸಿರುವುದು || te: ఆశావాదున్ని జరుపుకునే వ్యక్తి,form_similar,,,,
B001285,ಆಸ್ಟ್ರಿಯ,ఆస్ట్రియన్,āsṭriya,āsṭriyan,,kn: ಮಧ್ಯ ಯುರೋಪ್ನ ಒಂದು ದೇಶ || te: ఆస్ట్రియాకు సంబంధించిన,form_similar,,,,
B001286,ಆಸ್ತಿಕತೆ,ఆస్తికత,āstikate,āstikata,,kn: ನಮ್ಮನ್ನು ಕಾಪಾಡುವ ಅಥವಾ ಸಲಹುವ ದೇವರೆಂಬ ಶಕ್ತಿಯೊಂದಿದೆ ಎಂದು ನಂಬುವಿಕೆ || te: దేవుడి పై నమ్మకం,form_similar,,,,
B001287,ಆಸ್ಥಾನ,ఆస్థానం,āsthāna,āsthānaṁ,,"kn: ಯಾವುದೇ ವಿಷಯದ ಅಂಗವಾಗಿ ಚರ್ಚೆ ಮಾಡುವುದಕ್ಕೋಸ್ಕರ ಆಯೋಜಿಸಿರುವ ಸಭೆ ಅಥವಾ ಕೂಟ || te: రాజు, మంత్రి,  సైనికులు, భటులు మరియు ప్రజలు అందరు ఒకచోట చేరు స్థలం.",form_similar,,,,
B001288,ಇಂದ್ರಿಯ,ఇంద్రియం,iṁdriya,iṁdriyaṁ,,"kn: ಶಬ್ದ, ಸ್ಪರ್ಷ, ರೂಪ, ರಸ ಮತ್ತು ಗಂಧಗಳ ಅರಿವನ್ನುಂಟುಮಾಡುವ ಐದು ಇಂದ್ರಿಯಗಳು || te: పురుషులలో సంతాన ఉత్పత్తికి ఉపయోగపడేది.",form_similar,,,,
B001289,ಇಂದ್ರಿಯ_ನಿಗ್ರಹಿ,ఇంద్రియ_నిగ్రహం,iṁdriya_nigrahi,iṁdriya_nigrahaṁ,,kn: ಇಂದ್ರಿಯಗಳನ್ನು ತನ್ನ ನಿಗ್ರಹದಲ್ಲಿ ಇಟ್ಟುಕೊಳ್ಳುವವ ಅಥವಾ ಇಂದ್ರಿಯ ನಿಗ್ರಹ ಮಾಡುವವ || te: మనస్సును ఆధీనంలో పెట్టుకోవడం.,form_similar,,,,
B001290,ಇಂದ್ರಿಯನಿಗ್ರಹ,ఇంద్రియ_నిగ్రహం,iṁdriyanigraha,iṁdriya_nigrahaṁ,,kn: ಹಿಂದೂ ಧರ್ಮದ ಅನುಸಾರವಾಗಿ ಯಮನು ಮೃತ್ಯುವಿನ ಅಧಿದೇವ || te: మనస్సును ఆధీనంలో పెట్టుకోవడం.,form_similar,,,,
B001291,ಉಚ್ಚಾರಣೆ,ఉచ్చారణ,uccāraṇe,uccāraṇa,,kn: ಯಾವುದೋ ಒಂದರ ಉಚ್ಚಾರಣೆ ಮಾಡುತ್ತಿರುವ || te: పదములోని అక్షరములను ఒకటొకటిగా చెప్పడం.,form_similar,,,,
B001292,ಉತ್ತಮರು,ఉత్తమము,uttamaru,uttamamu,,kn: ಯಾರು ಒಳ್ಳೆಯವರೋ ಅಥವಾ ಯಾರಲ್ಲಿ ಒಳ್ಳೆಯ ಗುಣವಿರುವುದೋ ಅಥವಾ ಯಾರ ಕೆಲಸ ಮುಂತಾದವುಗಳಿಂದ ಬೇರೆಯವರಿಗೆ ಒಳ್ಳೆಯದಾಗುವುದೋ || te: అన్నింటి కంటే ముఖ్యమైనది.,form_similar,,,,
B001293,ಉತ್ತರ-ಫಾಲ್ಗುಣ,ఉత్తర_ఫాల్గుణం,uttara-phālguṇa,uttara_phālguṇaṁ,,kn: ಎಪ್ಪತ್ತೇಳು ನಕ್ಷತ್ರಗಳಲ್ಲಿ ಒಂದು || te: చంద్రుడు ఉత్తరఫాల్గున నక్షత్రంలో కి వెళ్లె రోజు,form_similar,,,,
B001294,ಉತ್ತರಫಾಲ್ಗುಣ,ఉత్తర_ఫాల్గుణం,uttaraphālguṇa,uttara_phālguṇaṁ,,kn: ಎಪ್ಪತ್ತೇಳು ನಕ್ಷತ್ರಗಳಲ್ಲಿ ಒಂದು || te: చంద్రుడు ఉత్తరఫాల్గున నక్షత్రంలో కి వెళ్లె రోజు,form_similar,,,,
B001295,ಉತ್ತರಫಾಲ್ಗುನಿ_ನಕ್ಷತ್ರ,ఉత్తరఫాల్గుణ_నక్షత్రం,uttaraphālguni_nakṣatra,uttaraphālguṇa_nakṣatraṁ,,kn: ಎಪ್ಪತ್ತೇಳು ನಕ್ಷತ್ರಗಳಲ್ಲಿ ಒಂದು || te: చంద్రుడు ఉత్తరఫాల్గున నక్షత్రంలో కి వెళ్లె రోజు,form_similar,,,,
B001296,ಉತ್ಪತ್ತಿ,ఉత్పత్తి.,utpatti,utpatti.,,kn: ಮೊದ ಮೊದಲು ಅಸ್ಥಿತ್ವ ಕಂಡುಕೊಂಡ ವಸ್ತು ಸಂಗತಿಯ ಕ್ರಿಯೆ ಅಥವಾ ಸ್ಥಿತಿ || te: కొత్తదాన్ని పుట్టించు.,form_similar,,,,
B001297,ಉತ್ಪಾದಕ,ఉత్పాదన,utpādaka,utpādana,,kn: ಉತ್ಪನ್ನ ಮಾಡುವ || te: ఉత్పత్తి చేయు క్రియ.,form_similar,,,,
B001298,ಉತ್ಪ್ರೇಕ್ಷೆ,ఉత్ప్రేక్ష,utprēkṣe,utprēkṣa,,kn: ಸ್ವಲ್ಪವನ್ನು ಮಹತ್ತರವಾಗಿ ಮಾಡಿ ಹೇಳುವುದು ಅಥವಾ ಇರುವುದಕ್ಕಿಂತ ಅತಿಯಾಗಿ ವೈಭವೀಕರಿಸಿ ಹೇಳುವುದು || te: చూడని లేదా వినని మాటలను చూచినట్టు మనసులో అనుకోవడం,form_similar,,,,
B001299,ಉತ್ಸುಕತೆ,ఉత్సుకత,utsukate,utsukata,,"kn: ಕೇಳುವ ಅಥವಾ ವಿಚಾರಿಸುವ ಕ್ರಿಯೆ ಅಥವಾ ಭಾವ (ವಿಷೇಶವಾಗಿ ಯಾವುದಾದರು ಘಟನೆ, ವಿಷಯ ಮೊದಲಾದವುಗಳ ಸಂಬಂಧವಾಗಿ) || te: కావలనే భావనను ఎక్కవగా పెంచుకోవటం",form_similar,,,,
B001300,ಉದ್ದಂಡ,ఉద్దండం,uddaṁḍa,uddaṁḍaṁ,,kn: ಯಾರೋ ಒಬ್ಬರಿಗೆ ದಂಡನೆಯ ಭಯವಿರುವುದಿಲ್ಲ || te: మంచంలోను కుర్చీలలోనూ ఉండే చిన్న కీటకం,form_similar,,,,
B001301,ಉದ್ದೀಪನ,ఉద్దీపనా,uddīpana,uddīpanā,,kn: ಮಾನಸಿಕವಾಗಿ ಯಾವುದೋ ಒಂದು ವಿಷಯದ ಬಗ್ಗೆ ಉತ್ತೇಜಿಸುವಿಕೆ || te: వెలగడం,form_similar,,,,
B001302,ಉಪಕಾರ,ఉపకారం,upakāra,upakāraṁ,,kn: ಯಾವುದೇ ರೀತಿಯ ಹಿತವಾದ ಅಥವಾ ಒಳ್ಳೆಯ ಕೆಲಸವನ್ನು ಅಥವಾ ಕಷ್ಟದ ಕಾಲದಲ್ಲಿ ಇನ್ನೊಬ್ಬರಿಗೆ ಸಹಾಯ ಮಾಡುವಿಕೆ || te: హాని చేయకుండా ఉండుట.,form_similar,,,,
B001303,ಉಪಚಾರ,ఉపచారం,upacāra,upacāraṁ,,kn: ರೋಗವನ್ನು ಗುಣಪಡಿಸಿಕೊಳ್ಳುವ ಸಲುವಾಗಿ ವೈಧ್ಯರಿಂದ ಅಥವಾ ಪಂಡಿತರಿಂದ ನಡೆಯುವ ಪ್ರಕ್ರಿಯೆ || te: దేవదేవతలు లేదా ఈశ్వరునిపై విశిష్టమైన ప్రేమ,form_similar,,,,
B001304,ಉಪಪತಿ,ఉపపత్తి,upapati,upapatti,,"kn: ಅವನು ರಾಜನ ಮಗ || te: పెద్దలు, పూజ్యనీయులకు సుఖమునందించుటకు చేయు మర్యాదపూర్వకమైన పని.",form_similar,,,,
B001305,ಉಪಪತ್ನಿ,ఉపపత్తి,upapatni,upapatti,,"kn: ವಿವಾಹವಾಗದೆ ಜೊತೆಯಲ್ಲಿ ಇಟ್ಟುಕೊಂಡಿರುವ ಸ್ತ್ರೀ || te: పెద్దలు, పూజ్యనీయులకు సుఖమునందించుటకు చేయు మర్యాదపూర్వకమైన పని.",form_similar,,,,
B001306,ಋಣದಾತಾ,ఋణదాత,r̥ṇadātā,r̥ṇadāta,,kn: ಯಾರು ಸಾಲವನ್ನು ಕೊಡುತ್ತಾರೋ || te: ఋణం ఇచ్చేవాడు,form_similar,,,,
B001307,ಏಕಾಗ್ರತೆ,ఏకాగ్రత,ēkāgrate,ēkāgrata,,kn: ಮನಸ್ಸು ಮತ್ತು ಇಂದ್ರಿಯಗಳನ್ನು ವಶ/ಹತೋಟಿಯಲ್ಲಿಟ್ಟುಕೊಳ್ಳುವ ಕ್ರಿಯೆ || te: ఏ దైన పనిలో మునిగిపోవుట,form_similar,,,,
B001308,ಏಕಾದಶಿ,ఏకాదశి.,ēkādaśi,ēkādaśi.,,kn: ಚಾಂದ್ರ ಮಾಸ ಪಕ್ಷದ ಹನ್ನೊಂದನೆಯ ತಿಥಿ || te: అశ్విన్ నెలలో శుక్ల పక్ష ద్వాదశి,form_similar,,,,
B001309,ಔದಾರ್ಯ,ఔదార్యం,audārya,audāryaṁ,,"kn: ದಾರಾಳವಾಗಿ ಕೊಡುವ ಅವಸ್ಥೆ ಅಥವಾ ಭಾವ || te: పగలు, ద్వేషాలు లేకుండా ఉండటం",form_similar,,,,
B001310,ಕಂಠ್ಯ,కంఠ్యం,kaṁṭhya,kaṁṭhyaṁ,,kn: ಉಚ್ಛಾರಣೆಯ ಸ್ಥಾನ ಕಂಠದಿಂದ ಹೊರಬರುವ  ಧ್ವನಿಗಳಿಗೆ ಸಂಬಂಧಿಸಿದ || te: వర్ణం యొక్క ఉఛ్ఛారణ గొంతు నుండి వచ్చేవి,form_similar,,,,
B001311,ಕಂಪನ,కంపనం,kaṁpana,kaṁpanaṁ,,kn: ನಡುಗುವ ಕ್ರಿಯೆ ಅಥವಾ ಭಾವನೆ || te: స్ధిరంగా ఉండకపోవుట.,form_similar,,,,
B001312,ಕಟ್ಟಡ,కట్టడం,kaṭṭaḍa,kaṭṭaḍaṁ,,"kn: ಇಟ್ಟಿಗೆ ಕಲ್ಲು, ಮರ ಮುಂತಾದವುಗಳಿಂದ ಕಟ್ಟಿದ ಕಟ್ಟಡದಲ್ಲಿ ಮೇಲ್ ಚಾವಣೆ ಮತ್ತು ಗೋಡೆ ಇರುವುದು || te: రూపాన్ని అందంగా తీర్చిదిద్దడం",form_similar,,,,
B001313,ಕನಿಷ್ಠ,కనిష్ట,kaniṣṭha,kaniṣṭa,,"kn: ಪದವಿ, ಮರ್ಯಾದೆ ಅಥವಾ ಸ್ಥಿತಿಯಲ್ಲಿ ಕಡಿಮೆ ಇರುವಂತಹ || te: ఎవరు తరువాత జన్మించి ఉంటారో.",form_similar,,,,
B001314,ಕರತಾಲ,కరమాల,karatāla,karamāla,,kn: ತೆರೆದ ಎರಡೂ ಕೈಗಳ ಹಸ್ತಗಳನ್ನು ತಟ್ಟುವುದರಿಂದ ಉತ್ಪನ್ನವಾಗುವ ಶಬ್ಧ || te: పదే పదే ధ్యానించడానికి ఉపయోగపడే దండ,form_similar,,,,
B001315,ಕರ್ಷಣ,కర్షణం,karṣaṇa,karṣaṇaṁ,,kn: ಎಳೆಯುವ ಕ್ರಿಯೆ || te: రైతుల యొక్క పని.,form_similar,,,,
B001316,ಕಲ್ಪಿತ,కల్పితం,kalpita,kalpitaṁ,,kn: ವಾಸ್ತವವಾಗಿ ಇಲ್ಲದ್ದು || te: లేనిది ఉన్నట్లు ఊహించి చెప్పటం,form_similar,,,,
B001317,ಕಲ್ಯಾಣ,కల్యాణం,kalyāṇa,kalyāṇaṁ,,kn: ಯಾವುದೇ ಕೆಲಸ ಕಾರ್ಯದಿಂದ ಒಳ್ಳೆಯದಾಗುವುದು || te: మత సిద్ధాంతాలనుసరించి లేదా చట్టపరంగా సమాజం సాక్షిగా స్త్రీ_పురుషులను భార్యాభర్తలుగా నిర్ణయించడానికి చేసే వేడుక.,form_similar,,,,
B001318,ಕಾಂಗ್ರೆಸ್,కాంగ్రెస్.,kāṁgres,kāṁgres.,,kn: ಭಾರತದ ಒಂದು ರಾಜನೀತಿಕ ದಳ || te: అమెరికా రాజ్యసభ.,form_similar,,,,
B001319,ಕಾಮದೇವ,కామదేవి,kāmadēva,kāmadēvi,,kn: ಕಾಮನ ರೂಪದಲ್ಲಿರುವವರನ್ನು ದೇವರೆಂದು ನಂಬುವರು || te: మన్మధుని రెండవ భార్య,form_similar,,,,
B001320,ಕಾರ್ಪಾಸ,కార్పాసం,kārpāsa,kārpāsaṁ,,kn: ಒಂದು ಗಿಡದ ಮುಂದಿನ ಟೊಗಟೆಯಿಂದ ಹತ್ತಿಯನ್ನು ತೆಗೆಯುತ್ತಾರೆ || te: సుమారుగా ఆరు గజాలు ఉండి స్త్రీలు ధరించే వస్త్రం,form_similar,,,,
B001321,ಕಾಲುಷ್ಯ,కాలుష్యం,kāluṣya,kāluṣyaṁ,,kn: ಹೊಲಸು ಮಾಡುವ ಅಥವಾ ಮಲಿನ ಮಾಡುವಿಕೆಯ ಅವಸ್ಥೆ || te: కలుషితము చెందే ఒక స్థితి.,form_similar,,,,
B001322,ಕಾಶ್ಮೀರ,కాశ్మీరం,kāśmīra,kāśmīraṁ,,kn: ಭಾರತದ ಉತ್ತರ ಪಶ್ಚಿಮಕ್ಕೆ ಇರುವ ಒಂದು ಬೆಟ್ಟಗುಡ್ಡಗಳ ಪ್ರಾಕೃತಿಕವಾಗಿ ಸುಂದರವಾದ ರಾಜ್ಯ || te: గర్భవతిగా ఉన్నప్పుడు పిల్లలు తెల్లగా పుట్టడానికి పాలల్లో కలుపుకొని తాగే పువ్వు,form_similar,,,,
B001323,ಕುಂಕುಮ,కుంకుమ.,kuṁkuma,kuṁkuma.,,kn: ತಿಲಕವನ್ನು ಇಡುವ ಪ್ರಸಿದ್ಧವಾದ ಕೆಂಪು ಚೂರ್ಣ ಅದನ್ನು ಧಾರ್ಮಿಕ ಅನುಷ್ಠಾನಗಳಲ್ಲಿ ಉಪಯೋಗಿಸುತ್ತಾರೆ || te: నుదుటన ఎరుపు రంగులో పెట్టుకునే తిలకం,form_similar,,,,
B001324,ಕುಂಕುಮ,కుంకుమం,kuṁkuma,kuṁkumaṁ,,kn: ತಿಲಕವನ್ನು ಇಡುವ ಪ್ರಸಿದ್ಧವಾದ ಕೆಂಪು ಚೂರ್ಣ ಅದನ್ನು ಧಾರ್ಮಿಕ ಅನುಷ್ಠಾನಗಳಲ್ಲಿ ಉಪಯೋಗಿಸುತ್ತಾರೆ || te: గర్భవతిగా ఉన్నప్పుడు పిల్లలు తెల్లగా పుట్టడానికి పాలల్లో కలుపుకొని తాగే పువ్వు,form_similar,,,,
B001325,ಕೈವಶ,కైవశం,kaivaśa,kaivaśaṁ,,kn: ಬಂಧನಕ್ಕೆ ಒಳಗಾಗುವಿಕೆ || te: ఒకరి చేతినుండి మరొకరి చేతికి ఇచ్చే లేక తీసుకొనే  క్రియ.,form_similar,,,,
B001326,ಕೋಪಪಡು,కోప్పడు,kōpapaḍu,kōppaḍu,,kn: ಸಿಟ್ಟು ಅಥವಾ ಕೋಪಿಸಿಕೊಳ್ಳುವ ಪ್ರಕ್ರಿಯೆ || te: కోపంగా అరవడం.,form_similar,,,,
B001327,ಕೋಮೋರೋಜ್,కోమోరోజీ,kōmōrōj,kōmōrōjī,,kn: ಕೋಮೋರಾ ದ್ವೀಪದ ಬಳಿ ಇರುವ ದೇಶ || te: కోమోరోజ్ కి సంబంధించిన,form_similar,,,,
B001328,ಖರ್ಜೂರ,ఖర్జూరీ,kharjūra,kharjūrī,,kn: ಖರ್ಜೂರ ಜಾತಿಯ ಒಂದು ಪ್ರಕಾರದ ಸುಂದರ ಮರ ಪ್ರಾಯಶಃ ಅದು ಜಲಾಶಯಗಳ ದಡದಲ್ಲಿ ಇರುತ್ತದೆ || te: ఖర్జూరంకు సంబంధించినటువంటి,form_similar,,,,
B001329,ಗವಾಕ್ಷ,గవాక్షం,gavākṣa,gavākṣaṁ,,"kn: ಗಾಳಿ ಮತ್ತು ಪ್ರಕಾಶತೆಯು ಬರುವುದಕ್ಕಾಗಿ ಮನೆ, ಗಾಡಿ/ರಥ/ವಾಹನ, ಜಹಜು/ಹಡಗು ಮುಂತಾದವುಗಳ ಗೋಡೆಗಳಲ್ಲಿ ಅಥವಾ ಸೂರುಗಳಲ್ಲಿ ಮಾಡಿರುವ ತೆಗೆದಿರುವಂತಹ ಭಾಗ ಅಥವಾ ಮುಚ್ಚುವುದಕ್ಕಾಗಿ ಪ್ರಾಯಶಃ ಗಾಜು ಮುಂತಾದ ಉದ್ದವಾದ ಬಿದಿರು ಕೋಲುಗಳಿಂದ ಅಥವಾ ದಾತು/ಲೋಹದಿಂದ ಮಾಡಿರುವ ಸಂರಚನೆಯಾಗಿರುತ್ತದೆ || te: గాలి, వెలుతురు రావడానికి  ఇంటిలో గోడకు అమర్చిన పెద్ద రంధ్రము",form_similar,,,,
B001330,ಗುಜರಾತಿ,గుజరాత్,gujarāti,gujarāt,,"kn: ಗುಜರಾತಿಗೆ ಸಂಬಂಧಿಸಿದ ಅಥವಾ ಗುಜರಾತಿನ ಯಾವುದೇ ಸಂಗತಿಯನ್ನು ಪ್ರತಿನಿಧಿಸುವಿಕೆ || te: భారతదేశానికి దక్షిణం, పశ్చిమంలో ఉండే రాష్ట్రం.",form_similar,,,,
B001331,ಗುಜರಾತ್,గుజరాతీ,gujarāt,gujarātī,,kn: ಭಾರತದ ದಕ್ಷಿಣ ಮತ್ತು ಪಶ್ಚಿಮಕ್ಕೆ ಇರುವ ಒಂದು ರಾಜ್ಯ || te: గుజరాత్‌లో నివశించేవారు,form_similar,,,,
B001332,ಗುಡಗುಡಿ,గుడగుడ,guḍaguḍi,guḍaguḍa,,kn: ತಂಬಾಕನ್ನು ಸೇವಿಸುವ ಒಂದು ವಿಶೇಷ ಪ್ರಕಾರದ ಉಪಕರಣ || te: ఒక రకమైన హుక్కా తాగేటపుడు వచ్చే శబ్ధం,form_similar,,,,
B001333,ಗೃಹಸ್ಥ-ಆಶ್ರಮ,గృహస్థ_ఆశ్రమీ,gr̥hastha-āśrama,gr̥hastha_āśramī,,kn: ನಾಲ್ಕು ಆಶ್ರಮದಲ್ಲಿ ಎರಡನೇ ಆಶ್ರಮ ಇದರಲ್ಲಿ ಜನರು ಮದುವೆಯಾಗಿ ಮನೆಯ ಜವಾಬ್ದಾರಿಗಳನ್ನು ವಹಿಸಿಕೊಳ್ಳುತ್ತಾರೆ || te: చతుర్విధ ధర్మాలలో ఒకటి,form_similar,,,,
B001334,ಗ್ರಹಣ,గ్రహణం,grahaṇa,grahaṇaṁ,,"kn: ಯಾವುದೇ ವಸ್ತು ವಿಷಯದ ಬಗ್ಗೆ ಸಂಪೂರ್ಣವಾಗಿ ತಿಳಿದುಕೊಳ್ಳುವಿಕೆ || te: సూర్యుడికి, చంద్రుడికి భూమి అడ్డం వచ్చే రోజు",form_similar,,,,
B001335,ಘರ್ಷಣೆ,ఘర్షణ,gharṣaṇe,gharṣaṇa,,kn: ಭಯಂಕರ ಮತ್ತು ವ್ಯತಿರಿಕ್ತ ಪರಿಸ್ಥಿತಿಯಿಂದ ಹೊರಗೆ ಬಂದು ಮುಂದೆ ಸಾಗಲು ಪಡುವ ಪ್ರಯತ್ನ ಅಥವಾ ಪ್ರಯಾಸ || te: రెండు వస్తువుల మద్య కలిగే రాపిడి.,form_similar,,,,
B001336,ಚಂದ್ರಕ,చంద్రిక,caṁdraka,caṁdrika,,kn: ಯಾವುದಾದರು ಗ್ರಹದ ಪ್ರಾಕೃತಿಕ ಉಪಗ್ರಹ/ಸೂರ್ಯನ ಬೆಳಕನ್ನು ಪ್ರತಿಬಿಂಬಿಸುವ ಹಾಗೂ ಭೂಮಿಯನ್ನು ಸುತ್ತುವ ಒಂದು ಉಪಗ್ರಹ || te: పౌర్ణమి నాడు వచ్చె వెలుగు,form_similar,,,,
B001337,ಚತುರತೆ,చతురత,caturate,caturata,,kn: ಅನುಭವದಿಂದ ಪೂರ್ಣವಾಗುವ ಅವಸ್ಥೆ ಅಥವಾ ಭಾವ || te: ఏదైన పని చేయటానికి విశేషమైన అర్హత కలిగి ఉండుట.,form_similar,,,,
B001338,ಚಾತುರ್ಯ,చాతుర్యం,cāturya,cāturyaṁ,,"kn: ಚಾತುರ್ಯವನ್ನು ತೋರಿಸುವಂತಹ || te: మానవుని యొక్క తెలివి, అనుభవము తెలుసుకోవడం.",form_similar,,,,
B001339,ಜಂಜಾಟ,జంజాటం,jaṁjāṭa,jaṁjāṭaṁ,,kn: ವ್ಯರ್ಥವಾದ ಆಲೋಚನೆ || te: ఏదైన పనిలో మనస్సు నిమగ్నం చేయలేక పోవుట.,form_similar,,,,
B001340,ಜತೆಗೂಡು,జతగూడు,jategūḍu,jatagūḍu,,kn: ವಿಶೇಷವಾಗಿ ಯಾವುದಾದರು ಕೆಲಸ ಮೊದಲಾದವುಗಳಲ್ಲಿ ಎಲ್ಲರೂ ಜೊತೆಗೂಡುವ ಕ್ರಿಯೆ || te: ఇరువురు వ్యక్తులు కలిసి ఒక్కటయ్యే స్థితి,form_similar,,,,
B001341,ಟಿಪ್ಪಣಿ,టిప్పణి.,ṭippaṇi,ṭippaṇi.,,kn: ಯಾವುದೇ ವಿಷಯದ ಅಥವಾ ಸಂಗತಿಯ ಮುಖ್ಯವಾದ ಅಂಶ ಅಥವಾ ಒಟ್ಟು ವಿವರ ಮಾಹಿತಿಯ ಒಂದು ಸೂತ್ರೀಕರಿಸಿದ ರೂಪ || te: ఏదైన కష్తమైన వాక్యాలు మొదలైనవాటికి అర్థాన్ని స్పష్టీకరణ చేయడం.,form_similar,,,,
B001342,ತನ್ಮಯ,తన్మయం,tanmaya,tanmayaṁ,,kn: ಯಾರೋ ಒಬ್ಬರ ಮನಸ್ಸು ಅಥವಾ ದ್ಯಾನ ಯಾವುದೋ ಒಂದನ್ನು ಕೇಂದ್ರಿಕರಿಸಿರುವ ಅಥವಾ ಬಹಳಷ್ಟು ಪ್ರಯತ್ನದಿಂದ ಯಾವುದೋ ಒಂದು ಕೆಲಸ ಅಥವಾ ಮಾತಿನಲ್ಲಿ ತಲ್ಲೀನನಾಗಿರುವ || te: భావనలో నిమగ్నమైన స్థితి లేక భావన,form_similar,,,,
B001343,ತಪಸ್ವಿ,తపస్వి.,tapasvi,tapasvi.,,kn: ಒಂದು ಕಡೆ ನೆಲಸಿಲ್ಲದವ || te: తపస్సు చేసే స్త్రీ,form_similar,,,,
B001344,ತಪ್ಪಸ್ವಿ,తపస్వి,tappasvi,tapasvi,,"kn: ಆಧ್ಯಾತ್ಮಿಕವಾದ ಮತ್ತು ಭೌತಿಕವಾದ ತತ್ವಗಳ ಜ್ಞಾನಿ, ಅತಿಯಾದ ಬುದ್ಧಿವಂತ, ದೂರದೃಷ್ಟಿ, ಒಳ್ಳೆಯ ಚರಿತ್ರೆಯುಳ್ಳ ಮತ್ತು ತ್ಯಾಗ ವ್ಯಕ್ತಿ || te: సంసార మోహాన్ని వదలి ధార్మిక జీవితాన్ని ఆశించేవాడు.",form_similar,,,,
B001345,ತಯಾರಾಗು,తయారగు,tayārāgu,tayāragu,,kn: ಯಾವುದರಿಂದ ಮಾಡಲಾಗಿದೆಯೋ ಅಥವಾ ಸಂಯೋಜನವಾಗಿದೆಯೋ || te: కొత్తగా చేయడం,form_similar,,,,
B001346,ತರುವಾಯ,తరువాత,taruvāya,taruvāta,,kn: ಮೊದಲಲ್ಲಿರುವ ಕ್ರಿಯೆ ಅಥವಾ ಸಂಗತಿಯನ್ನು ಸೂಚಿಸುವಂತಹದು || te: మరుసటి రోజు లేదా మరుసటి సంఘటన,form_similar,,,,
B001347,ತಾಂತ್ರಿಕ,తంత్రిక,tāṁtrika,taṁtrika,,kn: ಯಂತ್ರ ಮತ್ತ ಅದಕ್ಕೆ ಸಂಬಂಧಿಸಿದ ವಿಜ್ಞಾನದ ಚಟುವಟಿಕೆಗಳಿಗೆ ಸಂಬಂಧಿಸಿದುದು || te: శరీర లేదా సహజమైన అవయవాలకు సంబందించిన సమూహము,form_similar,,,,
B001348,ತಿರುಗಾಟ,తిరుగుట,tirugāṭa,tiruguṭa,,kn: ಅಲೆದಾಟುವ ಕ್ರಿಯೆ || te: ఒక వస్తువు స్దానమార్పు లేకుండా తమకక్ష్యలో తిరుగుట.,form_similar,,,,
B001349,ತುರುಗಾಡು,తిరుగాడు,turugāḍu,tirugāḍu,,kn: ಯಾವುದೋ ಒಂದು ಪ್ರಯತ್ನ ಮಾಡುವಾಗ ಇಲ್ಲಿ-ಅಲ್ಲಿ ಸುತ್ತಾಡುವ ಪ್ರಕ್ರಿಯೆ || te: ఏదేని ఒక వస్తువుకు దగ్గర_దగ్గరగుండుట.,form_similar,,,,
B001350,ತ್ವರಿತ,త్వరితం,tvarita,tvaritaṁ,,kn: ಬಹು ಬೇಗ ಹೋಗುವ ಅಥವಾ ತಲುಪುವಂತಹ || te: శీఘ్రంగా ఉండే అవస్థ లేక భావన.,form_similar,,,,
B001351,ದಕ್ಷಿಣ,దక్షిణం,dakṣiṇa,dakṣiṇaṁ,,kn: ಉತ್ತರ ದಿಕ್ಕಿನ ಮುಂದಿನ/ಸಮ್ಮುಖದ ದಿಕ್ಕು || te: బ్రాహ్మణులకు మొదలైన వారికి శుభకార్యాల సమయంలో డబ్బుల రూపంలో ఇచ్చేది లేదా గురువులకు ఇచ్చు కానుక,form_similar,,,,
B001352,ದಗಾಕೋರ,దగాకోరు,dagākōra,dagākōru,,kn: ಕಳ್ಳತನ/ಕಳವು ಮಾಡುವ ವ್ಯಕ್ತಿ || te: మోసం చేయు వ్యక్తి.,form_similar,,,,
B001353,ದಾರಿದ್ರ,దారిద్ర్య,dāridra,dāridrya,,"kn: ಯಾರ ಬಳಿ ಹಣ್ಣವಿಲ್ಲವೋ ಅಥವಾ ಹಣ ಕಮ್ಮಿವಿರುವುದೋ || te: తిండి, బట్ట, గృహము వంటి కనీస అవసరాలు లేని దీనస్థితి.",form_similar,,,,
B001354,ದಿಗಂತ,దిగంతం,digaṁta,digaṁtaṁ,,kn: ತೆರೆದಿರುವ ಪ್ರದೇಶದ ಮೇಲ್ಭಾಗದಲ್ಲಿ ಕಾಣಿಸುವ ಖಾಲಿ ಜಾಗ || te: భూమి ఆకాశములు దూరంగా చూసినప్పుడు ఒకటిగా కనిపించే రేఖ,form_similar,,,,
B001355,ದಿನಾಂತ,దినాంతం,dināṁta,dināṁtaṁ,,kn: ಆ ಸಮಯ ದಿನದ ಅಂತ್ಯ ಮತ್ತು ರಾತ್ರಿಯ ಆರಂಭವಾಗಿರುತ್ತದೆ || te: మధ్యాహ్నం తరువాత సమయం లేదా  రోజులో మూడవ జాము,form_similar,,,,
B001356,ದುಪ್ಪಟಿ,దుప్పటి.,duppaṭi,duppaṭi.,,kn: ಒಂದು ತರಹದ ದುಪ್ಪಟ್ಟ ಅಥವಾ ಹೊದಿಕೆ ಅದನ್ನು ಹೊದಿಸಿಕೊಳ್ಳುತ್ತಾರೆ || te: మంచంమొదలైన వాటిపైన పరచే బట్ట,form_similar,,,,
B001357,ದುರ್ಗಮ,దుర్గమం,durgama,durgamaṁ,,kn: ಯಾವುದೋ ಒಂದು ಪ್ರದೇಶಕ್ಕೆ ಹೋಗಲು ಯೋಗ್ಯವಲ್ಲವೋ || te: భూమి మీద రాళ్ళతో నిండిన ఎతైన ప్రదేశం,form_similar,,,,
B001358,ದೇವದಾಶಿ,దేవదాసి,dēvadāśi,dēvadāsi,,"kn: ಯಾವುದಾದರು ದೇವರ ಹೆಸರಿನಲ್ಲಿ ತ್ಯಾಗ, ಆತ್ಮಾರ್ಪಣೆ ಮಾಡಿರುವ ಅಥವಾ ಅವರ ದೇವಸ್ಥಾನದಲ್ಲಿ ಇರುವಂತಹ ದಾಸಿ ಅಥವಾ ನರ್ತಕಿ || te: ధనం తీసుకొని శరీరాన్ని అమ్ముకునే స్త్రీ.",form_similar,,,,
B001359,ದೇವರುಷಿ,దేవర్షి,dēvaruṣi,dēvarṣi,,"kn: ಸಹೃದಯಿ, ಧರ್ಮಿ ಮತ್ತು ಯಾವಾಗಲೂ ಬೇರೆಯರಿಗೆ ಸಹಾಯಮಾಡುವಂತಹ ವ್ಯಕ್ತಿ || te: ఆ ఋషి దేవతల స్థాన్నాన్ని ఇవ్వటం లేదా పొందటం",form_similar,,,,
B001360,ದೊರೆಸಾನಿ,దొరసాని,doresāni,dorasāni,,kn: ಯಾರಾದರೂ ವಿವಾಹವಾದಂತಹ ಮಹಿಳೆ || te: రాజు భార్య,form_similar,,,,
B001361,ನಟರಾಜ,నటరాజ్,naṭarāja,naṭarāj,,kn: ಸೃಷ್ಠಿಯನ್ನು ನಾಶ ಮಾಡುವ ಹಿಂದು ದೇವರು || te: వెన్న దొంగలించే దేవుడు,form_similar,,,,
B001362,ನರ್ತನ,నర్తనం,nartana,nartanaṁ,,kn: ನರ್ತಿಸುವ ಕ್ರಿಯೆ || te: నాట్యం ద్వారా చూపించబడిన ఆట,form_similar,,,,
B001363,ನವಜಾತ,నగజాత,navajāta,nagajāta,,kn: ಕೆಲವೇ ಸಮಯದ ಮುಂಚೆ ಹುಟ್ಟಿರುವ || te: శివుడి యొక్క భార్య,form_similar,,,,
B001364,ನಾರಾಯಣ,నారాయణి,nārāyaṇa,nārāyaṇi,,kn: ಹಿಂಧೂಗಳ ಪ್ರಕಾರ  ಸೃಷ್ಟಿಯನ್ನು ಪಾಲನೆ ಮಾಡುತ್ತಿರುವುದು ಒಬ್ಬನೇ ದೇವರು || te: శివుడి యొక్క భార్య,form_similar,,,,
B001365,ನಿಕ್ಕರು,నిక్కరు.,nikkaru,nikkaru.,,kn: ಪ್ಯಾಂಟು ಮತ್ತಿತರ ಉಡುಪುಗಳ ಒಳಗಡೆ ತೊಡುವ ಒಂದು ಬಟ್ಟೆ || te: చిన్నగా వున్న డ్రాయర్,form_similar,,,,
B001366,ನಿರಪರಾಧಿತನ,నిరపరాధియైన,niraparādhitana,niraparādhiyaina,,kn: ಅಪರಾದವಿಲ್ಲದ ವ್ಯಕ್ತಿ ಅಥವಾ ಗುಣ || te: అపరాధి కాని,form_similar,,,,
B001367,ನಿರ್ಜೀವ,నిర్జీవం,nirjīva,nirjīvaṁ,,kn: ಪ್ರಾಣ ಅಥವಾ ಜೀವ ಇಲ್ಲದಿರುವುದು || te: విడిపోవడంతో నశించేది,form_similar,,,,
B001368,ನಿರ್ದಯಿ,నిర్ధయి,nirdayi,nirdhayi,,"kn: ಯಾರಲ್ಲಿ ದಯೆ ಇಲ್ಲದೆ ಇರುವುದೋ || te: దయ, కనికరం, ప్రేమ లేని భావన.",form_similar,,,,
B001369,ನಿರ್ದೋಷಿ,నిర్దోషి.,nirdōṣi,nirdōṣi.,,kn: ಅಪರಾಧ ಮಾಡದವ ಅಥವಾ ಅಪರಾದಿಯಲ್ಲದಿರುವವ || te: అపరాధి కాని,form_similar,,,,
B001370,ನಿರ್ಧಯ,నిర్ధయి,nirdhaya,nirdhayi,,"kn: ದಯಾ ಗುಣ ಇಲ್ಲದಿರುವ ಭಾವ ಅಥವಾ ಸ್ಥಿತಿ || te: దయ, కనికరం, ప్రేమ లేని భావన.",form_similar,,,,
B001371,ನಿರ್ಭಯಿ,నిర్ధయి,nirbhayi,nirdhayi,,"kn: ನಿರ್ಭಯ ಅಥವಾ ಭಯವಿಲ್ಲದಂತಾಗುವ ಸ್ಥಿತಿ ಅಥವಾ ಭಾವ || te: దయ, కనికరం, ప్రేమ లేని భావన.",form_similar,,,,
B001372,ನಿರ್ವಾಣ,నిర్వాణం,nirvāṇa,nirvāṇaṁ,,kn: ಯಾರು ಉಡುಪನ್ನು ಧರಿಸಿಲ್ಲವೋ ಅಥವಾ ಬೆತ್ತಲೆ ಇರುವರೋ || te: శరీరం నుంచి ప్రాణం బయటికి పోయే క్రియ,form_similar,,,,
B001373,ನಿಶ್ಚಯ,నిశ్చయం,niścaya,niścayaṁ,,kn: ಯಾವುದೇ ಕೆಲಸವನ್ನು ಮಾಡಿಯೇತಿರುತ್ತೇನೆ ಎನ್ನುವುದಾಗಲಿ ಯಾವುದನ್ನಾದರೂ ಮಾಡುವುದಿಲ್ಲ ಎಂತಾಗಲಿ ಗಟ್ಟಿ ನಿರ್ಧಾರ ಮಾಡುವುದು || te: కారణము ద్వారా ఏదైన ఒక ఉద్ధేశానికి రావటం,form_similar,,,,
B001374,ನಿಶ್ವಾಸ,నిశ్వాస.,niśvāsa,niśvāsa.,,"kn: ಬಾಯಿಯಿಂದ ಹೊರಬರುವಂತಹ ನೋವಿನ/ವ್ಯಥೆಯ ಪೂರಕವಾದ ಶಬ್ದ || te: ప్రాణుల్లో ముక్కు, నోరు నుండి బైయటకి వదిలే గాలి.",form_similar,,,,
B001375,ನಿಷ್ಟೂರ,నిష్టూరం,niṣṭūra,niṣṭūraṁ,,kn: ನಿರ್ದಯಿ ಆಗುವ ಅವಸ್ಥೆ ಅಥವಾ ಭಾವನೆ || te: నిందనీయమైన మాటలు,form_similar,,,,
B001376,ಪಟಕಾರ,పటకారు,paṭakāra,paṭakāru,,kn: ಬಿಳ್ಳಿಯ ಬಣ್ಣದ ಒಂದು ಖನಿಜ ಪದಾರ್ಥ ಅದನ್ನು ಪ್ರಾಯಶಃ ಔಷಧಿಯ ರೂಪದಲ್ಲಿ ಉಪಯೋಗಿಸಲಾಗುತ್ತದೆ || te: వేడి పాత్రలను పట్టుకోవడానికి ఉపయోగించే ఇనుప కడ్డి,form_similar,,,,
B001377,ಪತಂಗ,పతంగం,pataṁga,pataṁgaṁ,,kn: ಹಾರಾಡುವ ಒಂದು ಸುಂದರವಾದ ಕೀಟ ಹೂ ಮುಂತಾದವುಗಳ ಮೇಲೆ ಸುತ್ತಾ ಸುತ್ತುವುದು || te: రెక్కల సహాయంతో ఆకాశంలో విహరించే జీవి,form_similar,,,,
B001378,ಪದಹಾಡು,పదహారు,padahāḍu,padahāru,,"kn: ರಾಗ, ತಾಳ ಮತ್ತು ಲಯಗಳ ಜೊತೆಗೂಡಿ ಬಾಯಿಯಿಂದ ಬರುವ ಶಾಬ್ದಿಕ ಸಂವಹನದ ಪ್ರಕ್ರಿಯೆ || te: పదికి ఆరు కలుపగా వచ్చునదు.",form_similar,,,,
B001379,ಪದ್ದತಿ,పద్దతి.,paddati,paddati.,,kn: ವಾಕ್ಯ ರಚನೆಯ ವಿಶಿಷ್ಟ ಪ್ರಕಾರ ಅದು ಲೇಖಕರ ಭಾಷಾ ಸಂಬಂಧದ ವಿಶೇಷತೆಯ ಸೂಚಕವಾಗಿರುತ್ತದೆ || te: సృష్టికి మూలం,form_similar,,,,
B001380,ಪದ್ದತಿ,పద్ధతి,paddati,paddhati,,kn: ವಾಕ್ಯ ರಚನೆಯ ವಿಶಿಷ್ಟ ಪ್ರಕಾರ ಅದು ಲೇಖಕರ ಭಾಷಾ ಸಂಬಂಧದ ವಿಶೇಷತೆಯ ಸೂಚಕವಾಗಿರುತ್ತದೆ || te: మంచి సమయ పాలన.,form_similar,,,,
B001381,ಪದ್ಧತಿ,పద్థతి,paddhati,padthati,,kn: ಧರ್ಮವೊಂದರಲ್ಲಿನ ಅಥವಾ ಧರ್ಮವೊಂದರಿಂದ ಜನಿಸಿದ ಧಾರ್ಮಿಕ ಶಾಖೆ || te: ప్రణాళిక కలిగి ఉండటం.,form_similar,,,,
B001382,ಪದ್ಧತಿ,పద్దతి,paddhati,paddati,,kn: ಧರ್ಮವೊಂದರಲ್ಲಿನ ಅಥವಾ ಧರ್ಮವೊಂದರಿಂದ ಜನಿಸಿದ ಧಾರ್ಮಿಕ ಶಾಖೆ || te: పని మొదలగునవి చేయుటకు ఉన్నటువంటి శైలి.,form_similar,,,,
B001383,ಪನ್ನಗ,పన్నగం,pannaga,pannagaṁ,,kn: ಹೆಡೆಯುಳ್ಳ ವಿಷದ ಹಾವು || te: సన్నగా మరియు పొడవుగా ఉండి నేల మీదా ప్రాకే విషంగల ప్రాణి.,form_similar,,,,
B001384,ಪರಕಾಯ-ಪ್ರವೇಶ,పరకాయప్రవేశం,parakāya-pravēśa,parakāyapravēśaṁ,,kn: ಭಾರಿ ಮಾರ್ಪಾಡು ಅಥವಾ ಪರಿವರ್ತನೆ || te: ఆత్మ ఒక శరీరం నుండి ఇంక్కొక శరీరంలోకి ప్రవేసించించడం,form_similar,,,,
B001385,ಪರಕಾಯ_ಪ್ರವೇಶ,పరకాయప్రవేశం,parakāya_pravēśa,parakāyapravēśaṁ,,kn: ಭಾರಿ ಮಾರ್ಪಾಡು ಅಥವಾ ಪರಿವರ್ತನೆ || te: ఆత్మ ఒక శరీరం నుండి ఇంక్కొక శరీరంలోకి ప్రవేసించించడం,form_similar,,,,
B001386,ಪರ್ಷಿಯನ್,పర్షియ.,parṣiyan,parṣiya.,,kn: ಪರ್ಷಿಯಾ ದೇಶಕ್ಕೆ ಸೇರಿದವ ಅಥವಾ ಏಳು ಎಂಟನೆ ಶತಮಾನದಲ್ಲಿ ಮುಸ್ಲೀಮರ ಉಪಟಳ ತಾಳಲಾರದೆ ಹಿಂದೂಸ್ಥಾನಕ್ಕೆ ಓಡಿಬಂದ ಪರ್ಷಿಯನ್ ಸಂತತಿಯವರು || te: పశ్చిమ ఆసియా యొక్క ఒక దేశము.,form_similar,,,,
B001387,ಪಾಶುಪತ,పశుపత,pāśupata,paśupata,,kn: ಶಿವನಿಗೆ-ಸಂಬಂಧಿಸಿದ ಅಥವಾ ಶಿವನ || te: త్రిమూర్తులలో మూడు కన్నులుగలవాడు,form_similar,,,,
B001388,ಪಾಸ್ಪೋರ್ಟ್,పాస్‍పోర్ట్.,pāspōrṭ,pāspōrṭ.,,"kn: ನಮ್ಮ ದೇಶದ ನಿವಾಸಿಗಳು ವಿದೇಶಕ್ಕೆ ಹೋಗಲು ನೀಡಲಾಗುವ ಅನುಮತಿ ಪತ್ರ/ದಸ್ತಾವೇಜು || te: ప్రయాణంలో నిరాటంకముగా పోవుటకు ఇచ్చు అధికారపత్రిక,",form_similar,,,,
B001389,ಪುರವಾಸಿ,ప్రవాసి,puravāsi,pravāsi,,kn: ಪಟ್ಟಣದಲ್ಲಿ ವಾಸಮಾಡುವಂತಹ ವ್ಯಕ್ತಿ || te: ఎవ్వరైతే యాత్రలు చేస్తారో.,form_similar,,,,
B001390,ಪುಷ್ಪಕ,పుష్పకం,puṣpaka,puṣpakaṁ,,"kn: ಪುರಾಣದಲ್ಲಿ ವರ್ಣಿಸಿದ ಒಂದು ವಿಮಾನವನ್ನು ರಾವಣ ಕುಬೇರನಿಂದ ಕಸಿದುಕೊಂಡಿದ್ದ || te: మట్టి, ఇటుక లేదా ఇనుముతో తయారుచేసిన దానిపై పాత్ర పెట్టి బోజనము తయారుచేసేది",form_similar,,,,
B001391,ಪೊಲೀಸ್_ಇನಸ್ಪೆಕ್ಟರ್,పొలీస్_ఇన్పెక్టర్,polīs_inaspekṭar,polīs_inpekṭar,,kn: ಒಬ್ಬ ಪ್ರಧಾನ ಪೊಲೀಸ್ ಅಧಿಕಾರಿ ಅವರ ಅಡಿಯಲ್ಲಿ ಹಲವಾರು ಪೊಲೀಸ್ ಠಾಣೆ ಮತ್ತು ಹಲವಾರು ಸಿಪಾಯಿಗಳು ಕೆಲಸ ಮಾಡುತ್ತಾರೆ || te: కానిస్టేబుల్‍లకు ధాన అధికారి పదవి,form_similar,,,,
B001392,ಪೌರಾಣಿಕ-ವ್ಯಕ್ತಿ,పౌరాణిక_వ్వక్తి,paurāṇika-vyakti,paurāṇika_vvakti,,kn: ಒಬ್ಬ ವ್ಯಕ್ತಿಯ ವರ್ಣನೆಯನ್ನು ಪುರಾಣ ಅಥವಾ ಧಾರ್ಮಿಕ ಗ್ರಂಥಗಳಲ್ಲಿ ನೋಡಬಹುದು || te: పురాణాలలోని వ్వక్తి,form_similar,,,,
B001393,ಪ್ರಕಟನೆ_ಪತ್ರ,ప్రకటన_పత్రం,prakaṭane_patra,prakaṭana_patraṁ,,"kn: ಒಂದು ಪತ್ರದಲ್ಲಿ ಸಾಧಾರಣ ಸೂಚನೆ, ರಾಜಾಜ್ಞೆ ಮುಂತಾದವುಗಳನ್ನು ಬರೆದಿರುವುದು || te: ఒక విషయాన్నిగూర్చి తెలియజేయుటకు పలువురికి పంపబడే పత్రం.",form_similar,,,,
B001394,ಪ್ರಕೋಪ,ప్రకోపం,prakōpa,prakōpaṁ,,kn: ಅತ್ಯಧಿಕ ಸಿಟ್ಟು || te: పూర్వ సూచన లేకుండా అకస్మాత్తుగా ప్రలోభించే వ్యాధి,form_similar,,,,
B001395,ಪ್ರವಾಸ,ప్రవాసం,pravāsa,pravāsaṁ,,kn: ಒಂದು ಪ್ರದೇಶದಿಂದ ಇನ್ನೊಂದು ಪ್ರದೇಶಕ್ಕೆ ಹೋಗುವುದು || te: సొంత దేశం వదిలి వేరొక దేశం వెళ్ళి ఉండే క్రియ.,form_similar,,,,
B001396,ಪ್ರಸಂಗ,ప్రసంస,prasaṁga,prasaṁsa,,"kn: ಆ ಸೂಚನೆ ರೇಡಿಯೋ, ಸಮಾಚಾರಪತ್ರ, ವೃತ್ತಪತ್ರಿಕೆ ಮೊದಲಾದವುಗಳಿಂದ ಪ್ರಾಪ್ತವಾದದ್ದು || te: మెచ్చుకోవడం",form_similar,,,,
B001397,ಪ್ರಸವ,ప్రసవం,prasava,prasavaṁ,,kn: ಮಗುವು ಹುಟ್ಟುವ ಕ್ರಿಯೆ || te: తల్లి బిడ్డకు జన్మనివ్వడం,form_similar,,,,
B001398,ಪ್ರಸ್ತುತೀಕರಣ,ప్రస్తుతీకరణము,prastutīkaraṇa,prastutīkaraṇamu,,kn: ಪ್ರಸ್ತುತ ಪಡಿಸುವ ಕ್ರಿಯೆ || te: వ్యక్తపరచే క్రియ.,form_similar,,,,
B001399,ಪ್ರಾಂತ್ಯ,ప్రాంతీయ,prāṁtya,prāṁtīya,,"kn: ಯಾವುದೇ ದೇಶದ ವಿಭಾಗದ ನಿವಾಸಿಗಳ ಶಾಸನ-ಪದ್ದತಿ, ಭಾಷೆ, ಇರುವ ರೀತಿ-ರಿವಾಜು, ವ್ಯವಹಾರ ಇತ್ಯಾದಿ ಬೇರೆಯವರಿಗಿಂತ ಭಿನ್ನ ಮತ್ತು ಸ್ವತಂತ್ರ || te: ప్రదేశమునకు సంబంధించినది",form_similar,,,,
B001400,ಬಂದೂಕ,బందూక.,baṁdūka,baṁdūka.,,kn: ಹಿಂದಿನ ಕಾಲದಲ್ಲಿ ಬಳಸುತ್ತಿದ್ದ ಒಂದು ತರಹದ ದೊಡ್ಡ ಬಂದೂಕು || te: ఒక చిన్న ఆయుధము ఇది పోలీసుల ఆత్మ రక్షణకు ఉపయోగపడుతుంది,form_similar,,,,
B001401,ಬಹುಮತ,బహుమతి,bahumata,bahumati,,kn: ಯಾವುದೇ ವರ್ಗ ಅಥವಾ ಸಮೂಹದ ಅರ್ಧಕ್ಕಿಂತ ಹೆಚ್ಚು ಜನರು ಒಂದೇ ವಿಚಾರಧಾರೆಯನ್ನು ಒಪ್ಪುವುದು || te: గెలిచినప్పుడు ఇచ్చేది,form_similar,,,,
B001402,ಬಾಲಹೀನ,బలహీన,bālahīna,balahīna,,kn: ಬಾಲವಿಲ್ಲದ || te: యోగ్యతలేని,form_similar,,,,
B001403,ಬಿಕ್ಕಟ್ಟು,బిస్కట్టు,bikkaṭṭu,biskaṭṭu,,"kn: ಸಂಪೂರ್ಣವಾಗಿ ಸ್ಥಗಿತವಾಗಿರುವ ಅಥವಾ ಸಾಕಷ್ಟು ಪ್ರಗತಿಯಿಲ್ಲದ ಸ್ಥಿತಿ || te: పిండి, చక్కెరతో చేసే చిన్న చిన్న బిళ్ళలుగా ఉండే ఒక విధమైన విదేశీ పిండి వంటకం",form_similar,,,,
B001404,ಬಿಲಿಯನ್,బిలియన్.,biliyan,biliyan.,,kn: ಒಂದು ಸಾವಿರ ಮಲಿಯನ್ ಗಳು ಅಥವಾ ನೂರು ಕೋಟಿ || te: వందకోట్లు.,form_similar,,,,
B001405,ಬೆಲ್ಜಿಯಂ,బెల్జీయం,beljiyaṁ,beljīyaṁ,,kn: ಬೆಲ್ಜಿಯಂ ಗೆ ಸಂಬಂಧಿಸಿದ || te: బెల్జియం దేశానికి సంబంధించిన,form_similar,,,,
B001406,ಭಂಗಿನಿ,భగిని,bhaṁgini,bhagini,,kn: ಹೊಲಸು ಅಥವಾ ಮಲವನ್ನು ಎತ್ತುವ ಸ್ತ್ರೀ || te: చెల్లెలు లేక అక్క.,form_similar,,,,
B001407,ಭದ್ರತೆ,భద్రత,bhadrate,bhadrata,,"kn: ಯಾವುದೇ ರೀತಿಯ ಅಪಾಯವಾಗದಂತೆ, ತೊಂದರೆಯಾಗದಂತೆ ಇರುವ ಸ್ಥಿತಿ || te: అభద్రతలేని తనం",form_similar,,,,
B001408,ಭರತ,భద్రత,bharata,bhadrata,,kn: ಕೈಕೇಯ ಗರ್ಭದಿಂದ ಜನಿಸಿದ ರಾಜ ದಶರಥನ ಪುತ್ರ || te: అభద్రతలేని తనం,form_similar,,,,
B001409,ಭವನ_ನಿರ್ಮಾಣ,భవన_నిర్మాత.,bhavana_nirmāṇa,bhavana_nirmāta.,,kn: ಮನೆ ಅಥವಾ ಭವನ ಕಟ್ಟುವ ಕ್ರಿಯೆ || te: నివాస స్థలములను నిర్మించేవాడు.,form_similar,,,,
B001410,ಭಾರ್ಗವಿ,భార్గవ్,bhārgavi,bhārgav,,kn: ಶಿವನ ಹೆಂಡತಿ || te: భృగు సంబంధి,form_similar,,,,
B001411,ಭಾಸ್ಕರ,భాస్వర,bhāskara,bhāsvara,,kn: ನಮ್ಮ ಸೌರಮಂಡಲದಲ್ಲಿ ದೊಡ್ಡ ಮತ್ತು ಜ್ವಾಲೆಯ ಗುಂಡಿನಿಂದ ಎಲ್ಲಾ ಗ್ರಹಕ್ಕು ಬಿಸಿಲು ಮತ್ತು ಬೆಳಕು ಸಿಗುವುದು || te: మండే స్వభావం కల మూలకం,form_similar,,,,
B001412,ಭಿನ್ನಪ,భిన్నత,bhinnapa,bhinnata,,kn: ಯಾವುದೋ  ಮಾತಿಗೆ ವಿನಯ ಪೂರ್ವಕವಾಗಿ ಮಾಡುವಂತಹ ಹಠ || te: సమానము కాని స్థితి లేక భావము,form_similar,,,,
B001413,ಭಿನ್ನಹ,భిన్నత,bhinnaha,bhinnata,,kn: ಸೌಜನ್ಯಪೂರ್ವಕವಾಗಿ ಏನನ್ನಾದರೂ ಕೇಳಿಕೊಳ್ಳುವುದು || te: సమానము కాని స్థితి లేక భావము,form_similar,,,,
B001414,ಭುಜಂಗ,భుజంగా,bhujaṁga,bhujaṁgā,,kn: ಹೆಡೆಯುಳ್ಳ ವಿಷದ ಹಾವು || te: నల్లరంగు గల ఒక పక్షి ఆకారంలో పికిలపిట్ట కంటే పెద్దది,form_similar,,,,
B001415,ಭುಜಗ,భుజగం,bhujaga,bhujagaṁ,,kn: ಹೆಡೆಯುಳ್ಳ ವಿಷದ ಹಾವು || te: సన్నగా మరియు పొడవుగా ఉండి నేల మీదా ప్రాకే విషంగల ప్రాణి.,form_similar,,,,
B001416,ಭೂಮಧ್ಯರೇಖೆಯ,భూమధ్యరేఖ,bhūmadhyarēkheya,bhūmadhyarēkha,,kn: ಭೂಮಧ್ಯರೇಖೆಯ ಅಥವಾ ಭೂಮಧ್ಯರೇಖೆಗೆ ಸಂಬಂಧಿಸಿದ || te: 0 డిగ్రీల రేఖాంశము,form_similar,,,,
B001417,ಭೂಷಣ,భూషణం,bhūṣaṇa,bhūṣaṇaṁ,,kn: ಶೃಂಗಾರ ಮಾಡಿಕೊಳ್ಳುವ ಅಥವಾ ಅಲಂಕರಿಸಿಕೊಳ್ಳುವ ಕ್ರಿಯೆ || te: శిరస్సుపై ధరించు అలంకరణ వస్తువు,form_similar,,,,
B001418,ಭೈರವ,భైరవి,bhairava,bhairavi,,kn: ರಾಗಗಲ್ಲಿ ಒಂದು || te: శివుడి యొక్క భార్య,form_similar,,,,
B001419,ಭೈರವ,భైరవీ,bhairava,bhairavī,,kn: ರಾಗಗಲ್ಲಿ ಒಂದು || te: గాయకులు పాటలో వాడే ఒక రాగం,form_similar,,,,
B001420,ಭೈರವಿ,భైరవ,bhairavi,bhairava,,kn: ಭೈರವ ದೇವರ ಆರಾಧನೆಗೆ ಇಲ್ಲವೆ ಪಂಥಕ್ಕೆ  ಇಲ್ಲವೆ ಅ ದೇವರ ಹೆಸರಿನಲ್ಲಿ ಪ್ರಚಲಿತವಿರುವ ವಿಷಯಗಳಿಗೆ ಸಂಬಂಧಿಸಿದ || te: రాగాలలో ఒక రాగం,form_similar,,,,
B001421,ಭೈರವೀ,భైరవ,bhairavī,bhairava,,kn: ಭೈರವ ದೇವರ ಆರಾಧನೆಗೆ ಇಲ್ಲವೆ ಪಂಥಕ್ಕೆ  ಇಲ್ಲವೆ ಅ ದೇವರ ಹೆಸರಿನಲ್ಲಿ ಪ್ರಚಲಿತವಿರುವ ವಿಷಯಗಳಿಗೆ ಸಂಬಂಧಿಸಿದ || te: రాగాలలో ఒక రాగం,form_similar,,,,
B001422,ಭೈರವೀ,భైరవి,bhairavī,bhairavi,,kn: ಭೈರವ ದೇವರ ಆರಾಧನೆಗೆ ಇಲ್ಲವೆ ಪಂಥಕ್ಕೆ  ಇಲ್ಲವೆ ಅ ದೇವರ ಹೆಸರಿನಲ್ಲಿ ಪ್ರಚಲಿತವಿರುವ ವಿಷಯಗಳಿಗೆ ಸಂಬಂಧಿಸಿದ || te: శివుడి యొక్క భార్య,form_similar,,,,
B001423,ಭ್ರಾಂತಿ,భ్రాంతి.,bhrāṁti,bhrāṁti.,,kn: ಯಾರನ್ನೋ ಏನೋ ಅಥವಾ ಬೇರೆ ಏನನ್ನೋ ತಿಳಿಯುವ ಕ್ರಿಯೆ ಅಥವಾ ಭಾವ || te: ఏదేని విషయములో సందిగ్ధము.,form_similar,,,,
B001424,ಮಂಗಳ,మంగళం,maṁgaḷa,maṁgaḷaṁ,,kn: ಶಿವನ ಹೆಂಡತಿ || te: వివాహ కార్యక్రమాలలో పాడే పాటలు,form_similar,,,,
B001425,ಮಕ್ಷಿಕ,మక్షిక.,makṣika,makṣika.,,kn: ಎರಡು ರೆಕ್ಕೆಗಳಿದ್ದು ಹಾರುವ  ಒಂದು ಸಣ್ಣ ಕೀಟ || te: ఒక ఎగిరే చిన్నని కీటకము.,form_similar,,,,
B001426,ಮದಗುರಿ,మగగురి,madaguri,magaguri,,kn: ಈ ಮೀನಿನ ದವಡೆಯ ಎರಡೂ ಕಡೆ ಒಂದೊಂದು ಮುಳ್ಳುಗಳಿರುತ್ತವೆ || te: పురుషునిలో సంతానోత్పత్తికి సహాయపడునది.,form_similar,,,,
B001427,ಮದರಸಾ,మదర్సా,madarasā,madarsā,,kn: ಮುಸ್ಲೀಂ ಧಾರ್ಮಿಕ ಶಿಕ್ಷಣವನ್ನು ನೀಡುವ ಕೇಂದ್ರಗಳು ಅಥವಾ ಸಾರ್ವತ್ರಿಕ ಶಿಕ್ಷಣದ ಜೊತೆ ಮುಸ್ಲಿಂ ಧಾರ್ಮಿಕತೆಯನ್ನು ಬೋಧಿಸುವ ಕೇಂದ್ರಗಳು || te: విధ్యను ఆర్జించు ప్రదేశం.,form_similar,,,,
B001428,ಮಧ್ಯದ,మధ్యమ,madhyada,madhyama,,kn: ಎರಡು ಘಟನೆಗಳ ನಡುವಿನ ಸಮಯ || te: వ్యాకరణంలో ఎదుటివారి గురించి సంబోధించడం,form_similar,,,,
B001429,ಮರೆಯಾದ,మర్యాద,mareyāda,maryāda,,kn: ವರ್ತಮಾನದಲ್ಲಿ ಇಲ್ಲವಾದುದು ಅಥವಾ ಕಣ್ಣಿಗೆ ಕಾಣದಾದುದು || te: మంచి నడవడిక కలిగి మంచి ప్రవర్తన కలిగిన వాళ్ళు,form_similar,,,,
B001430,ಮರ್ದನ,మర్ధన,mardana,mardhana,,kn: ಕಾಲಿನ ಕೆಳಭಾಗವಾದ ಪಾದಗಳಿಂದ ಹಿಸುಕುವುದು ಅಥವಾ ತುಳಿಯುಲ್ಪಡುವ ಕ್ರಿಯೆ || te: అవయవాలను మర్థన చేయిట.,form_similar,,,,
B001431,ಮಲೇಷಿಯಾ,మలేరియా,malēṣiyā,malēriyā,,kn: ಮಲೇಸಿಯಾ ಭಾಷೆಗೆ ಸಂಬಂಧಿಸಿದ ಅಥವಾ ಮಲೇಶಿಯಾ ಭಾಷೆಯ || te: దోమ కుట్టడంతో వచ్చే ఒక తీవ్రమైన జ్వరం,form_similar,,,,
B001432,ಮಹಾದೇವ,మహాదేవి,mahādēva,mahādēvi,,kn: ಸೃಷ್ಠಿಯನ್ನು ನಾಶ ಮಾಡುವ ಹಿಂದು ದೇವರು || te: శివుడి యొక్క భార్య,form_similar,,,,
B001433,ಮಹಾದೇವ,మహాదేవీ,mahādēva,mahādēvī,,kn: ಸೃಷ್ಠಿಯನ್ನು ನಾಶ ಮಾಡುವ ಹಿಂದು ದೇವರು || te: రాజుకి ప్రధాన భార్య,form_similar,,,,
B001434,ಮಹಾದೇವಿ,మహాదేవీ,mahādēvi,mahādēvī,,kn: ಶಿವನ ಹೆಂಡತಿ || te: రాజుకి ప్రధాన భార్య,form_similar,,,,
B001435,ಮಹಾಪಾಪ,మహాపాపి,mahāpāpa,mahāpāpi,,kn: ದೊಡ್ಡ ಪಾಪ || te: ఘోరమైన పాపం చేసేవాడు,form_similar,,,,
B001436,ಮಹಾರಾಜ,మహారాజు,mahārāja,mahārāju,,kn: ಯಾವುದೇ ದೇಶದ ಪ್ರಧಾನ ಶಾಸಕ ಮತ್ತು ಸ್ವಾಮಿ || te: రాజులకే రాజు,form_similar,,,,
B001437,ಮಹೀತಲ,మహాతల,mahītala,mahātala,,kn: ಹಿಂದೂ ಧರ್ಮಗ್ರಂಥದಲ್ಲಿ ವರ್ಣಿಸಲಾಗಿರುವ ದೇವತೆ ಅವಳು ಪ್ರಪಂಚವನ್ನು ರಕ್ಷಣೆ ಮಾಡುತ್ತಿದ್ದಾಳೆ || te: సప్తపాతాళ లోకాలలో ఐదొవది,form_similar,,,,
B001438,ಮಹೇಂದ್ರ,మహేంద్రీ,mahēṁdra,mahēṁdrī,,kn: ಹಿಂಧೂಗಳ ಪ್ರಕಾರ  ಸೃಷ್ಟಿಯನ್ನು ಪಾಲನೆ ಮಾಡುತ್ತಿರುವುದು ಒಬ್ಬನೇ ದೇವರು || te: ఇంద్రుని యొక్క భార్య,form_similar,,,,
B001439,ಮಿಠಾಯಿ,మిఠాయి.,miṭhāyi,miṭhāyi.,,kn: ವಿಶೇಷ ರೀತಿಯಲ್ಲಿ ತಯಾರಿಸುವ ಒಂದು ಪ್ರಕಾರದ ಸಿಹಿ ತಿನಿಸು || te: పాలతో తయారుచేసిన మంచి స్వీట్,form_similar,,,,
B001440,ಮುಖ್ಯ_ಕಾರ್ಯಾಲಯ,ముఖ్యకార్యాలయం,mukhya_kāryālaya,mukhyakāryālayaṁ,,kn: ಯಾವುದೋ ಮುಖ್ಯವಾದ ಕಾರ್ಯಲಯ || te: అన్ని కార్యాలయాలను నిర్వహించుటలో ప్రధానమైనది.,form_similar,,,,
B001441,ಮುತ್ತಾತ,ముత్తాత.,muttāta,muttāta.,,kn: ತಾತನ ತಂದೆ || te: తాతకు నాన్న,form_similar,,,,
B001442,ಮುತ್ತಾತ್ತ,ముత్తాత,muttātta,muttāta,,kn: ತಾತನ ತಂದೆ || te: తాతకు నాన్న,form_similar,,,,
B001443,ಮುಹೂರ್ತ,ముహూర్తం,muhūrta,muhūrtaṁ,,kn: ದಿನ-ರಾತ್ರಿಯ ನಲವತ್ತೆಂಟು ನಿಮಿಷಗಳ ಅವಧಿ || te: వివాహ సమయానికి సంబంధించిన గడియలు,form_similar,,,,
B001444,ಮೈಥಿಲ,మైథిలి,maithila,maithili,,"kn: ಮಿಥಿಲಾ ಕ್ಷೇತ್ರದ ಅಥವಾ ಅಲ್ಲಿನ ನಿವಾಸಿ, ಭಾಷೆ ಸಂಸ್ಕೃತಿ ಇತ್ಯಾದಿಗಳಿಗೆ ಸಂಬಂಧಿಸಿದ || te: రాముడి భార్య",form_similar,,,,
B001445,ಮೈಥಿಲಿ,మైథిల,maithili,maithila,,kn: ಮಿಥಿಲಾ ದೇಶದ ಭಾಷೆ || te: మైథిల ప్రదేశం యొక్క బ్రాహ్మణులు,form_similar,,,,
B001446,ಮೈಥಿಲೀ,మైథిల,maithilī,maithila,,"kn: ಮಿಥಿಲಾದ ಅಥವಾ ಅಲ್ಲಿಯ ನಿವಾಸಿ, ಭಾಷೆ, ಸಂಸ್ಕೃತಿ ಇತ್ಯಾದಿಗಳಿಗೆ ಸಂಬಂಧಿಸಿದಂತಹ || te: మైథిల ప్రదేశం యొక్క బ్రాహ్మణులు",form_similar,,,,
B001447,ಮೈಥಿಲೀ,మైథిలి,maithilī,maithili,,"kn: ಮಿಥಿಲಾದ ಅಥವಾ ಅಲ್ಲಿಯ ನಿವಾಸಿ, ಭಾಷೆ, ಸಂಸ್ಕೃತಿ ಇತ್ಯಾದಿಗಳಿಗೆ ಸಂಬಂಧಿಸಿದಂತಹ || te: రాముడి భార్య",form_similar,,,,
B001448,ಮೋಸಮಾಡು,మోసకాడు,mōsamāḍu,mōsakāḍu,,kn: ಮೋಸಮಾಡಿ ವಸ್ತುಗಳನ್ನು ಹೊತ್ತುಕೊಂಡು ಹೋಗುವುದು || te: అది ఆ మోసం మరియు దూరద్ధత తో వేరెవారి సరుకు తీసుకోను,form_similar,,,,
B001449,ಮೋಸಮಾಡು,మోసగాడు,mōsamāḍu,mōsagāḍu,,kn: ಮೋಸಮಾಡಿ ವಸ್ತುಗಳನ್ನು ಹೊತ್ತುಕೊಂಡು ಹೋಗುವುದು || te: వస్తువులు దొంగలించువాడు,form_similar,,,,
B001450,ಯಜಮಾನ,యజమాని,yajamāna,yajamāni,,kn: ಯಾವುದೇ ವಸ್ತು ಸಂಗತಿಯ ಪೂರ್ಣ ಮಾಲೀಕತ್ವವನ್ನು ಹೊಂದಿದವ || te: ఇంటి పెద్ద,form_similar,,,,
B001451,ಯುಗಾಂತ,యుగాంతం,yugāṁta,yugāṁtaṁ,,kn: ಒಂದು ಯುಗದ ಕೊನೆ ಅಥವಾ ಅಂತ್ಯ || te: ప్రకృతిని నాశనం చేసేది,form_similar,,,,
B001452,ಯೋಗಮಾಯೆ,యోగమాయ,yōgamāye,yōgamāya,,"kn: ಧಾರ್ಮಿಕ ಗ್ರಂಥದ ಅನುಸಾರ ಈಶ್ವರ ಅಥವಾ ಬ್ರಹ್ಮನ ಮಾಯೆಯಿಂದ ನಾಮ, ಗುಣ ಮತ್ತು ರೂಪದಿಂದ ಯುಕ್ತವಾದ ಸೃಷ್ಠಿಯಾಗಿದೆ ಹಾಗೂ ಅದರಲ್ಲಿ ಈಶ್ವರ ಅಥವಾ ಬ್ರಹ್ಮನ ತತ್ವ ವ್ಯಾಪ್ತವಾಗಿದೆ || te: శివుడి యొక్క భార్య",form_similar,,,,
B001453,ರಾಜಯೋಗ,రాజబోగ,rājayōga,rājabōga,,"kn: ಮನುಷ್ಯನ ಪೂರ್ಣ ಕಲ್ಯಾಣಕ್ಕಾಗಿ ಶಾರೀರಿಕ, ಮಾನಸಿಕ, ಮತ್ತು ಆತ್ಮದ ಶುದ್ಧಿಗಾಗಿ ಮನಸ್ಸಿನಲ್ಲಿ ಬರುವ ಚಿಂತೆಯನ್ನು ದೂರ ಮಾಡಲು ಮಹರ್ಷಿ ಪಂತಜಲಿ  ಹೇಳಿಕೊಟ್ಟಿರುವ ಯೋಗಶಾಸ್ತ್ರದಲ್ಲಿ ಉಲ್ಲೇಖಿಸಿರುವ ಎಂಟು ಅಂಗದ ಯೋಗ || te: పాలతో తయారుచేసిన మంచి స్వీట్",form_similar,,,,
B001454,ರಾಜರಾಜ,రాజరాజు,rājarāja,rājarāju,,kn: ಅವನು ತುಂಬಾ ದೊಡ್ಡ ರಾಜ ಅವನ ಅಧೀನದಲ್ಲಿ ಅನೇಕ ರಾಜರುಗಳು ಮತ್ತು ರಾಜ್ಯಗಳು ಇದ್ದವು || te: భూమి చూట్టు తిరిగే ఒక గ్రహం,form_similar,,,,
B001455,ರಾಜೀನಾಮೆ,రాజీనామ,rājīnāme,rājīnāma,,kn: ಸ್ಥಿತಿಗೆ ಮರಳುವ ಅಥವಾ ಹಿಂದಿನ ಸ್ಥಾನಕ್ಕೆ ಮರಳುವ || te: పదవి నుండి ఉద్యోగంనుండి విరమించుకొన్నాని లికిత పూర్వకంగా ఇచే లేఖ,form_similar,,,,
B001456,ರಾಮಲೀಲ,రాసలీల,rāmalīla,rāsalīla,,kn: ರಾಮನ ಕಥೆಯನ್ನು ಹೇಳುವುದು || te: శ్రీకృష్ణుడు గోపికలతో కలిసి చేసే నృత్యం,form_similar,,,,
B001457,ಲಕ್ಷಣ,లక్షణం,lakṣaṇa,lakṣaṇaṁ,,"kn: ಯಾವುದೇ ವ್ಯಕ್ತಿ, ವಸ್ತು ಸಂಗತಿಗಳ ಹೊರ ಚಹರೆ, ಒಳ ಚಹರೆ, ಗುಣ ಮುಂತಾದವುಗಳನ್ನು ಸ್ಥೂಲವಾಗಿ ಹೇಳುವುದು || te: పద్ధతి",form_similar,,,,
B001458,ಲಕ್ಷಣ,లక్ష్మణ,lakṣaṇa,lakṣmaṇa,,"kn: ಯಾವುದೇ ವ್ಯಕ್ತಿ, ವಸ್ತು ಸಂಗತಿಗಳ ಹೊರ ಚಹರೆ, ಒಳ ಚಹರೆ, ಗುಣ ಮುಂತಾದವುಗಳನ್ನು ಸ್ಥೂಲವಾಗಿ ಹೇಳುವುದು || te: దశరధరాజు సుమిత్రకు కలిగిన పుత్రుడు",form_similar,,,,
B001459,ಲಾವಣ್ಯ,లావణ్యం,lāvaṇya,lāvaṇyaṁ,,kn: ಸ್ತ್ರೀಯ ಶಾರೀರಿಕ ಸೌಂದರ್ಯ || te: అంద చందాలతో కలిగి ఉండటం,form_similar,,,,
B001460,ಲೇಖನ,లేఖనం,lēkhana,lēkhanaṁ,,kn: ಮಸಿಯಿಂದ ಕಾಗದ ಮುಂತಾದವುಗಳ ಮೇಲೆ ಬರೆಯುವ ಉಪಕರಣ || te: భావాలను అక్షరరూపంలో తెలపడం.,form_similar,,,,
B001461,ವರಮಾನ,వరమాల,varamāna,varamāla,,kn: ಲಾಭ ಮುಂತಾದವುಗಳ ರೂಪದಲ್ಲಿ ಬರುವ ಅಥವಾ ಪ್ರಾಪ್ತವಾಗುವ ಹಣ || te: వధూవరులు ఒకరి మెడలో ఒకరు వేసుకునే పూలదండ,form_similar,,,,
B001462,ವರ್ಣಾಂದ,వర్ణాంక,varṇāṁda,varṇāṁka,,"kn: ಕೆಂಪು, ಹಳದಿ, ಹಸಿರು ಇತ್ಯಾದಿ ಬಣ್ಣಗಳನ್ನು ಗುರುತಿಸುವ ಜ್ಞಾನವಿಲ್ಲದವ || te: సిరాతో కాగితంపై రాయడానికి ఉపయోగపడేది",form_similar,,,,
B001463,ವರ್ತಕ,వర్తకం,vartaka,vartakaṁ,,kn: ಕೊಟ್ಟು- ತೆಗೆದುಕೊಳ್ಳುವ ವ್ಯಾಪಾರಿ ಅಥವಾ ಮಾರುವುದಕ್ಕಾಗಿ ವಸ್ತುಗಳನ್ನು ಖರೀದಿಸಿ ತನ್ನ ಹತ್ತಿರ ಇಟ್ಟುಕೊಂಡು ಅದನ್ನು ಮಾರಾಟ ಮಾಡುತ್ತಾನೆ || te: ఏవైనా వస్తువులు కొనడం లేదా అమ్మడం చేసే పని.,form_similar,,,,
B001464,ವಿಖ್ಯಾತಿ,విఖ్యాత,vikhyāti,vikhyāta,,kn: ಖ್ಯಾತರಾಗುವ ಸ್ಥಿತಿ ಅಥವಾ ಭಾವನೆ || te: జ్ఞ్జానము మొదలగు వాటిలో చాలా పెద్ద.,form_similar,,,,
B001465,ವಿಚಾರಕ,విచారణ,vicāraka,vicāraṇa,,kn: ಯಾವುದೇ ವಿಷಯ ಅಥವಾ ಸಂಗತಿಯ ತಪ್ಪು ಸರಿಯನ್ನು ಕಟುವಾಗಿ ತಿಳಿಸುವವ ಅಥವಾ ಮುಖ್ಯವಾಗಿ ಪುಸ್ತಕ ಮೊದಲಾದವುಗಳನ್ನು ಕುರಿತು ವಿಚಾರ ಮಂಥನ ಮಾಡುವವ || te: పరిశోధన,form_similar,,,,
B001466,ವಿಜ್ಞಾನ,విజ్ఞానం,vijñāna,vijñānaṁ,,"kn: ಯಾವುದಾದರೂ ವಿಷಯ, ವಿಶೇಷವಾಗಿ ಭೌತಜಗತ್ತಿನ ಸ್ವರೂಪ, ದ್ರವ್ಯ ಹಾಗೂ ಕ್ರಿಯೆಗೆ ಸಂಬಂಧಿಸಿದ ಜ್ಞಾನ ಅಥವಾ ಒಂದು ಸ್ವತಂರ್ತವಾದ ಶಾಸ್ತ್ರ || te: తెలివితేటలు కలిగి ఉండిన",form_similar,,,,
B001467,ವಿಧಾಂತ,విధాత,vidhāṁta,vidhāta,,"kn: ಸಹೃದಯಿ, ಧರ್ಮಿ ಮತ್ತು ಯಾವಾಗಲೂ ಬೇರೆಯರಿಗೆ ಸಹಾಯಮಾಡುವಂತಹ ವ್ಯಕ್ತಿ || te: ధర్మగ్రంధం ప్రకారం సృష్టిని సృష్టించి తన అదుపాజ్ఞలలో పెట్టుకునేవాడు",form_similar,,,,
B001468,ವಿಧಾತ್ರ,విధాత,vidhātra,vidhāta,,"kn: ಸಹೃದಯಿ, ಧರ್ಮಿ ಮತ್ತು ಯಾವಾಗಲೂ ಬೇರೆಯರಿಗೆ ಸಹಾಯಮಾಡುವಂತಹ ವ್ಯಕ್ತಿ || te: ధర్మగ్రంధం ప్రకారం సృష్టిని సృష్టించి తన అదుపాజ్ఞలలో పెట్టుకునేవాడు",form_similar,,,,
B001469,ವಿಧಾನ,విధానం,vidhāna,vidhānaṁ,,kn: ಕಾರ್ಯಗಳನ್ನು ಮಾಡುವ ರೀತಿ ಅಥವಾ ಪ್ರಣಾಳಿಕೆ || te: రాజ్యంగం ప్రకారం దీనిని అతిక్రమిస్తే శిక్షను అమలు పరుస్తారు,form_similar,,,,
B001470,ವಿಪಕ್ಷ,విపక్షం,vipakṣa,vipakṣaṁ,,kn: ವಿರೋಧ ಸ್ಥಾನದಲ್ಲಿರುವ ಪಕ್ಷ || te: వ్యతిరేక పక్షంగలవాడు,form_similar,,,,
B001471,ವಿಫಲ,విఫలం,viphala,viphalaṁ,,kn: ಅಸಫಲತೆಯನ್ನು ಹೊಂದುವ ಅವಸ್ಥೆ ಅಥವಾ ಭಾವ || te: అప్పు చెల్లించుటకు డబ్బు లేకపోవడం,form_similar,,,,
B001472,ವಿರಕ್ತಿ,విరక్తి.,virakti,virakti.,,kn: ಪ್ರಾಪಂಚಿಕ ವಿಷಯಗಳಲ್ಲಿ ಅನಾಸಕ್ತಿ ತೋರುವುದು ಅಥವಾ ಮೋಹದ ವಿಮೋಚನೆಯಾದ ಸ್ಥಿತಿ || te: మనస్సు కలతగా ఉండుట.,form_similar,,,,
B001473,ವಿವಾದಿತ,వివాహిత,vivādita,vivāhita,,kn: ಯಾವ ವಸ್ತು ವಿಷಯ ಚರ್ಚೆಗೆ ಅನುವುಮಾಡಿಕೊಟ್ಟಿರುವುದೋ || te: కన్య స్త్రీ,form_similar,,,,
B001474,ವಿಶಾಖ-ನಕ್ಷತ್ರ,విశాఖనక్షత్రం,viśākha-nakṣatra,viśākhanakṣatraṁ,,kn: ಎಪ್ಪತ್ತೇಳು ನಕ್ಷತ್ರಗಳಲ್ಲಿ ಹದಿನಾರನೇ ನಕ್ಷತ್ರ || te: ఆంధ్రప్రదేశ్ లోని ఒక ప్రముఖ పట్టణంతో వున్న నక్షత్రం,form_similar,,,,
B001475,ವಿಶಾಖ_ನಕ್ಷತ್ರ,విశాఖనక్షత్రం,viśākha_nakṣatra,viśākhanakṣatraṁ,,kn: ಎಪ್ಪತ್ತೇಳು ನಕ್ಷತ್ರಗಳಲ್ಲಿ ಹದಿನಾರನೇ ನಕ್ಷತ್ರ || te: ఆంధ్రప్రదేశ్ లోని ఒక ప్రముఖ పట్టణంతో వున్న నక్షత్రం,form_similar,,,,
B001476,ವಿಶ್ವವಿದ್ಯಾಲಯದ,విశ్వవిద్యాలయం,viśvavidyālayada,viśvavidyālayaṁ,,kn: ವಿಶ್ವವಿದ್ಯಾಲಯದ ಅಥವಾ ವಿಶ್ವವಿದ್ಯಾಲಯಕ್ಕೆ ಸಂಬಂಧಿಸಿದ || te: పరిశోధన కార్యకలాపాలకు వేదికగా వుంటూ సాధారణంగా కొన్ని కళాశాలలతో కూడి వున్న వ్యవస్థ.,form_similar,,,,
B001477,ವಿಶ್ವವಿದ್ಯಾಲಯದ,విశ్వవిద్యాలయం.,viśvavidyālayada,viśvavidyālayaṁ.,,kn: ವಿಶ್ವವಿದ್ಯಾಲಯದ ಅಥವಾ ವಿಶ್ವವಿದ್ಯಾಲಯಕ್ಕೆ ಸಂಬಂಧಿಸಿದ || te: శిక్షణకు సంబందించిన సంస్థ,form_similar,,,,
B001478,ವಿಸ್ತಾರ,విస్తారం,vistāra,vistāraṁ,,"kn: ಯಾವುದೇ ಒಂದು ವಸ್ತು ಅಥವಾ ಸಂಗತಿಯು ಹರಡಿಕೊಂಡ ದೂರ ಅಥವಾ ಅಷ್ಟು ಪ್ರದೇಶ || te: పొడవు, వెడల్పుమొదలుగునవి.",form_similar,,,,
B001479,ವೃದ್ಧಿ,వృధ్ధి,vr̥ddhi,vr̥dhdhi,,"kn: ಅಧಿಕವಾಗಿ ನೀರು ಸುರಿಯುತ್ತಿರುವ ಕಾರಣ ನದಿ ಅಥವಾ ಕೆರೆ/ಜಲಾಶಯ ಮುಂತಾದವುಗಳಲ್ಲಿ ನೀರು ತನ್ನ ಇಚ್ಛೆ ಅಥವಾ ಸಾಧಾರಣವಾದ ಗಡಿಯನ್ನು ಮೀರಿ ಈಕಡೆ-ಆಕಡೆ ಹರಿಯುವ ಕ್ರಿಯೆ || te: ఆకారం, బరువు, విస్తీర్ణం మొదలైనవి పెరిగే భావన లేదా క్రియ",form_similar,,,,
B001480,ವೃಷಣ,వృషణం,vr̥ṣaṇa,vr̥ṣaṇaṁ,,kn: ಪುರುಷರಲ್ಲಿರುವಂತಹ ಜನನಾಂಗ || te: పురుషులలో సంతానానికి తోడ్పడే శుక్రకణాలు ఉత్పత్తి అయ్యే చోటు,form_similar,,,,
B001481,ವೈಖರೀ,వైఖరి,vaikharī,vaikhari,,kn: ವಾಣಿಯ ನಾಲ್ಕು ಅವಸ್ಥೆಗಳಲ್ಲಿ ನಾಲ್ಕನೇ ಅವಸ್ಥೆಯು  ಸ್ಥೂಲ ಶಬ್ಧವಾಗಿರುತ್ತದೆ ಮತ್ತು ಹೇಳುವುದು-ಕೇಳುವುದಾಗಿರುತ್ತದೆ || te: ముఖకవళికలు,form_similar,,,,
B001482,ವೈಶಾಖ,విశాఖ,vaiśākha,viśākha,,kn: ಚೈತ್ರದ ನಂತರ ಬರುವ ಜೇಷ್ಠ ಮಾಸದ  ಮೊದಲ ಹಿಂದಿ ತಿಂಗಳು ಆಂಗ್ಲರ ತಿಂಗಳ ಏಪ್ರಿಲ್ ಮತ್ತು ಮೇ ಮಧ್ಯದಲ್ಲಿ ಬರುವುದು || te: ఇరవై ఏడు నక్షత్రాలలో పదహారవది,form_similar,,,,
B001483,ವೈಶಾಖ,వైశాఖి,vaiśākha,vaiśākhi,,kn: ಚೈತ್ರದ ನಂತರ ಬರುವ ಜೇಷ್ಠ ಮಾಸದ  ಮೊದಲ ಹಿಂದಿ ತಿಂಗಳು ಆಂಗ್ಲರ ತಿಂಗಳ ಏಪ್ರಿಲ್ ಮತ್ತು ಮೇ ಮಧ್ಯದಲ್ಲಿ ಬರುವುದು || te: పురాణంలో వాసుదేవుని భార్య,form_similar,,,,
B001484,ವೈಶಿಷ್ಟ,విశిష్ట,vaiśiṣṭa,viśiṣṭa,,kn: ಗುಣಕ್ಕೆ ಸಂಬಂಧಿಸಿದ ವಿಶಿಷ್ಟತೆ || te: ఏదైనా విషయాన్ని గురించి పూర్తిగా తెలిసిన వ్యక్తి,form_similar,,,,
B001485,ವ್ಯಂಗ್ಯ,వ్యంగ్యం,vyaṁgya,vyaṁgyaṁ,,kn: ಯಾರ ಮೇಲಾದರೂ ವ್ಯಂಗ್ಯ/ಆಕ್ಷೇಪಣೆ ಮಾಡುವುದಕ್ಕೆ ಗೊತ್ತಿರುವಂತಹ ವ್ಯಂಗಪೂರ್ಣವಾದ ಮಾತು || te: పరస్పరం హాస్యంగా సంభాషించుకోవడం,form_similar,,,,
B001486,ವ್ಯಾಕುಲ,వ్యాకులం,vyākula,vyākulaṁ,,kn: ಆತುರತೆಯ ಸ್ಥಿತಿ || te: బాధతోకూడినటువంటి భావన,form_similar,,,,
B001487,ವ್ಯಾಪಾರಿ,వ్యాపారి.,vyāpāri,vyāpāri.,,kn: ವ್ಯಾಪಾರ ಮಾಡುವ ವ್ಯಕ್ತಿ || te: భవిష్యత్తులో ఎక్కువ లాభం కోసం వస్తువులను దాచి పెట్టువారు,form_similar,,,,
B001488,ಶತಾವರಿ,శత్వరి,śatāvari,śatvari,,kn: ಒಂದು ಬಗೆಯ ಬಳ್ಳಿ || te: సూర్యుడు అస్తమించిన సమయం,form_similar,,,,
B001489,ಶಸ್ತ್ರ_ಚಿಕಿತ್ಸಕ,శస్త్ర_చికిత్స,śastra_cikitsaka,śastra_cikitsa,,kn: ಹುಣ್ಣು ಅಥವಾ ಗುಳೆಯನ್ನು ಒಡೆದು ಚಿಕಿತ್ಸೆ ನೀಡುವ ಚಿಕಿತ್ಸಕ || te: శరీరంలోని అంతర్గత భాగాలలోని రోగగ్రస్త భాగాలను కత్తితో కోసి చేసే వైద్యం,form_similar,,,,
B001490,ಶಸ್ತ್ರ_ಚಿಕಿತ್ಸೆಯ,శస్త్ర_చికిత్స,śastra_cikitseya,śastra_cikitsa,,kn: ವೈದ್ಯ ಶಾಸ್ತ್ರಕ್ಕೆ ಸಂಬಂಧಿಸಿದಂತಹ || te: శరీరంలోని అంతర్గత భాగాలలోని రోగగ్రస్త భాగాలను కత్తితో కోసి చేసే వైద్యం,form_similar,,,,
B001491,ಶಿಕ್ಷಣ,శిక్షణ.,śikṣaṇa,śikṣaṇa.,,kn: ಶಿಕ್ಷಣಕ್ಕೆ ಸಂಬಂಧಿಸಿದ ಯೋಗ್ಯತೆ || te: ఏదైన వృత్తిలో పనిచేయుటకు ఇచ్చే తర్ఫీదు.,form_similar,,,,
B001492,ಶಿಖಂಡಿ,శీఖండి,śikhaṁḍi,śīkhaṁḍi,,kn: ನಪುಂಸಕನಾಗುವ ಅವಸ್ಥೆ ಅಥವಾ ಭಾವ || te: పెరుగుతో తయారుచేసినటువంటి ప్రత్యేకమైన పదార్థం,form_similar,,,,
B001493,ಶುಭ್ರತೆ,శుభ్రత,śubhrate,śubhrata,,kn: ಸ್ವಚ್ಚವಾಗುವ ಅವಸ್ಥೆ ಅಥವಾ ಭಾವ || te: శుభ్రంతో కూడిన.,form_similar,,,,
B001494,ಶೃಂಗಾರ,శృంగారి,śr̥ṁgāra,śr̥ṁgāri,,kn: ಶೋಭಾಯಮಾನವಾಗುವ ಅವಸ್ಥೆ/ಸ್ಥಿತಿ ಅಥವಾ ಭಾವ || te: చెడుపనులు చేసే వ్యక్తి.,form_similar,,,,
B001495,ಶೃಂಗಾರ-ಸಾಮಗ್ರಿ,శృంగారసామాగ్రి,śr̥ṁgāra-sāmagri,śr̥ṁgārasāmāgri,,kn: ಶೃಂಗಾರ ಅಥವಾ ಸಿಂಗಾರ ಮಾಡಿಕೊಳ್ಳುವ ವಸ್ತು/ಸಮಾನು || te: ముస్తాబు అవడానికి ఉపయోగించు సామాగ్రి.,form_similar,,,,
B001496,ಶೋಭನ,శోభనం,śōbhana,śōbhanaṁ,,kn: ಮದುವೆಯ ನಂತರ ವಧು-ವರರು ಮೊದಲ ಬಾರಿಗೆ ಸಮಾಗಮ ಹೊಂದುವ ರಾತ್ರಿ || te: హిందు ధర్మం ప్రకారం ఆ సంస్కారం వల్ల గర్బధారణకు నిర్ణయించే సమయం,form_similar,,,,
B001497,ಸಂಕೋಚ,సంకోచం,saṁkōca,saṁkōcaṁ,,"kn: ಒಂದು ತರಹದ ಮನೋಭಾವ ಅಥವಾ ಸಂಕೋಚ, ದೋಷ ಮುಂತಾದವುಗಳ ಕಾರಣದಿಂದ ಬೇರೆಯವರ ಮುಂದೆ ತಲೆಯತ್ತಲು  ಅಥವಾ ಮಾತನಾಡಲು ಬಿಡುವುದಿಲ್ಲ || te: జరగబోవు కీడు తెలిసినప్పుడు మనస్సులో కలిగే భావన.",form_similar,,,,
B001498,ಸಂಗಡ,సంగడం,saṁgaḍa,saṁgaḍaṁ,,kn: ಜತೆಯಾಗಿ ಇರುವ ಭಾವನೆ || te: రక్తసంబంధం కానిది,form_similar,,,,
B001499,ಸಂಗಮ,సంగమం,saṁgama,saṁgamaṁ,,kn: ಎರಡು ಅಥವಾ ಎರಡಕ್ಕಿಂತ ಹೆಚ್ಚಿನ ನದಿಗಳು ಸೇರುವ ಸ್ಥಳ || te: ఇరువురు వ్యక్తులు కలిసి ఒక్కటయ్యే స్థితి,form_similar,,,,
B001500,ಸಂಚಾರ,సంచారం,saṁcāra,saṁcāraṁ,,kn: ಮನಸ್ಸನ್ನು ಮುದಗೊಳಿಸುವುದಕ್ಕಾಗಿ ಅಥವಾ ಬೇರೆ ಕಾರಣಕ್ಕಾಗಿ ತಿರುಗಾಡುವ ಕ್ರಿಯೆ || te: ఒక ప్రత్యేక పనికోసము ప్రత్యేకముగా చూచుటకు ఒక ప్రదేశము నుండి  వేరొక ప్రదేశమునకు వెళ్ళే క్రియ,form_similar,,,,
B001501,ಸಂತಸ,సంతసం,saṁtasa,saṁtasaṁ,,kn: ಸಾಹಿತ್ಯದಲ್ಲಿ ಪ್ರಿಯತಮನಿಂದ ಪ್ರಾಪ್ತಿಯಾದ ಅತ್ಯಧಿಕ ಪ್ರಸನ್ನತೆ || te: మనుస్సు ఉత్సాహంగా వుండేటప్పుడు కలిగేభావన,form_similar,,,,
B001502,ಸಂದೇಹ,సందేహం,saṁdēha,saṁdēhaṁ,,"kn: ಅನಿಷ್ಟ ಆಗುವುದರಿಂದ ಮನಸ್ಸಿನಲ್ಲಿ ಮೂಡುವ ಕಲ್ಪನೆ || te: ఉందా, లేదా అనుకొనే స్థితి.",form_similar,,,,
B001503,ಸಂಧ್ಯ,-సంధ్య,saṁdhya,-saṁdhya,,kn: ದೇವರ ಉಪಾಸನೆಯನ್ನು ಸಂಧ್ಯ ಕಾಲದಲ್ಲಿ ಮಾಡುತ್ತಾರೆ || te: -చివరి సమయం,form_similar,,,,
B001504,ಸಂಪನ್ನ,సంపన్ను,saṁpanna,saṁpannu,,kn: ಒಳ್ಳೆಯ ಗುಣಗಳನ್ನು ಬದುಕಿನಲ್ಲಿ ಅಳವಡಿಸಿಕೊಂಡವ || te: ఆస్థి పాస్థులు లేక డబ్బు మొదలగునవి తమ ఆధీనములో ఉండి మరియు అవి కొనుగోలు అమ్మకాలు చేయడానికి అనువుగాగలది.,form_similar,,,,
B001505,ಸಂವಾದ,సంవాదం,saṁvāda,saṁvādaṁ,,"kn: ಮಾತು, ಬರಹ ಅಥವಾ ಸಂಕೇತಗಳನ್ನು ಬಳಸುವ ಮೂಲಕ ಸಂವಹನ ಮಾಡಲ್ಪಟ್ಟ ಮಹತ್ವಪೂರ್ಣ ವಿಷಯ || te: ఏదైన విషయం గూర్చి చర్చించుట.",form_similar,,,,
B001506,ಸಂಶಯ,సంశయం,saṁśaya,saṁśayaṁ,,"kn: ಅನಿಷ್ಟ ಆಗುವುದರಿಂದ ಮನಸ್ಸಿನಲ್ಲಿ ಮೂಡುವ ಕಲ್ಪನೆ || te: ఉందా, లేదా అనుకొనే స్థితి.",form_similar,,,,
B001507,ಸಜಾತಿಯ,సజాతీయ,sajātiya,sajātīya,,"kn: ಒಂದೇ ಜಾತಿ ಅಥವಾ ವರ್ಗಕ್ಕೆ ಸೇರಿದ ವ್ಯಕ್ತಿ ಅಥವಾ ವಸ್ತು, || te: ఒకే జాతికి చెందిన.",form_similar,,,,
B001508,ಸನಾತನ,సనాతని,sanātana,sanātani,,kn: ಬ್ರಹ್ಮನ ಮಾನಸ ಪುತ್ರ || te: శివుడి యొక్క భార్య,form_similar,,,,
B001509,ಸಫಲ,సఫలం,saphala,saphalaṁ,,kn: ಯಾವುದು ತನ್ನ ಸರಿಯಾದ ಅರ್ಥದಲ್ಲಿ ಪೂರ್ಣವಾಗಿ ರಚಿಸಿದ ಅಥವಾ ನಿರ್ಮಿತವಾಗಿರುತ್ತದೆಯೋ (ಉಕ್ತಿ ಅಥವಾ ಹೇಳಿಕೆ) || te: ఓడిపోకుండా ఉండటం,form_similar,,,,
B001510,ಸಮಾಪ್ತಿ,సమాప్తి.,samāpti,samāpti.,,kn: ಕೊನೆಗೊಳ್ಳುವ ಹಂತವನ್ನು ತಲುಪಿದ ಸ್ಥಿತಿ || te: కారణము ద్వారా ఏదైన ఒక ఉద్ధేశానికి రావటం,form_similar,,,,
B001511,ಸರಕಾರಿ,సహకారి,sarakāri,sahakāri,,kn: ಶಾಸನಕ್ಕೆ ಸಂಬಂಧಿಸಿದ || te: ఏదైన పనిలో సహకరించు వ్యక్తి.,form_similar,,,,
B001512,ಸವರಣೆ,సవరణ,savaraṇe,savaraṇa,,kn: ಯಾವುದೇ ವಿಶೇಷ ಕಾರ್ಯವನ್ನು ಪ್ರಾರಂಭಿಸುವ ಮುನ್ನ ಅದಕ್ಕೆ ಸಂಬಂಧಿಸಿದ ಸಿದ್ಧತೆಯನ್ನು ಮಾಡಿಕೊಳ್ಳುವುದು || te: తప్పులను శుద్దిచేయడము.,form_similar,,,,
B001513,ಸಹಕಾರ,సహకారి,sahakāra,sahakāri,,"kn: ಒಬ್ಬ ವ್ಯಕ್ತಿಗೆ, ಯಾವುದನ್ನೇ ಮಾಡುವುದು, ಪಡೆಯುವುದು, ಮೊದಲಾದವಕ್ಕೆ ಕೊಡುವ ಬೆಂಬಲ || te: ఏదైన పనిలో సహకరించు వ్యక్తి.",form_similar,,,,
B001514,ಸಹಕಾರಿ,సహచారి,sahakāri,sahacāri,,kn: ಉಪಕಾರವನ್ನು ಮಾಡುವಂತಹ ವ್ಯಕ್ತಿ || te: పురుషునితో పాటు జీవించడం,form_similar,,,,
B001515,ಸಹಚರ,సహచరి,sahacara,sahacari,,kn: ಪ್ರೇಮಿಸುವ ಅಥವಾ ಪ್ರೀತಿಯ ಭಾವವನ್ನು ವ್ಯಕ್ತಪಡಿಸುವ ಪುರುಷ ಅಥವಾ ಯುವಕ || te: స్నేహితులలో అమ్మాయిలు లేక ఆడవారు,form_similar,,,,
B001516,ಸಹಚರಿ,సహచారి,sahacari,sahacāri,,kn: ಗೆಳತಿ ಅಥವಾ ಸ್ನೇಹಿತೆ || te: పురుషునితో పాటు జీవించడం,form_similar,,,,
B001517,ಸಹೋದರ,సహోదరి,sahōdara,sahōdari,,"kn: ಒಂದೇ ತಾಯಿ-ತಂದೆಯಿಂದ ಹುಟ್ಟಿದ ಅಥವಾ ಯಾವುದೇ ವಂಶದ ತಲೆಮಾರಿನ ಅದೇ  ವ್ಯಕ್ತಿಯ ತಂದೆ ಅಥವಾ ತಾಯಿಯ ಅದೇ ಕುಲದ ಬೇರೆ ವ್ಯಕ್ತಿ ಆಥವಾ ಅದೇ ಧರ್ಮ, ಸಮಾಜ, ಕಾನೂನಿನ ಆಧಾರದ ಮೇಲೆ ಅಣ್ಣನ ಗೌರವ ದೊರೆಯುವುದು || te: చెల్లెలు లేక అక్క.",form_similar,,,,
B001518,ಸಾಧನ,సాధన.,sādhana,sādhana.,,kn: ಒಂದರ ಆಗುವಿಕೆಗೆ ಸಹಾಯಕವಾಗುವ ವಸ್ತು ಅಥವಾ ಸಂಗತಿ || te: ఎల్లప్పుడు చేయు సాధన.,form_similar,,,,
B001519,ಸಾಮಗ್ರಿ,సామగ్రి.,sāmagri,sāmagri.,,kn: ಒಂದರ ಆಗುವಿಕೆಗೆ ಸಹಾಯಕವಾಗುವ ವಸ್ತು ಅಥವಾ ಸಂಗತಿ || te: ఏదైన పనిలో ఉపయోగపడేవి.,form_similar,,,,
B001520,ಸಾಮಾನ್ಯ,సామాన్యం,sāmānya,sāmānyaṁ,,kn: ಅಷ್ಟೇನು ಪರಿಚಯವಿಲ್ಲದ ಅಥವಾ ಪ್ರಸಿದ್ದಿಗೆ ಬರದೇ ಇರುವ || te: ఎల్లప్పుడూ సార్వజనీనంగా ఉండు భావన.,form_similar,,,,
B001521,ಸಾರಂಗ,సారంగం,sāraṁga,sāraṁgaṁ,,kn: ಒಂದು ಪ್ರಕಾರದ ದೊಡ್ಡ ಜಿಂಕೆಯ ತಲೆಯ ಎರಡು ಕಡೆಯಲ್ಲು ಬೆಳೆದ ಕೊಂಬಿನಿಂದ ಮತ್ತಷ್ಟು ಕೊಂಬು ಏಳುತ್ತಿತ್ತು || te: అడవికి రారాజు,form_similar,,,,
B001522,ಸಾರಂಗಿ,సారంగి.,sāraṁgi,sāraṁgi.,,kn: ಧನುಷ್ಯಾಕಾರದ ಕಟ್ಟಿಗೆಯ ತಿಳುವಾದ ಉದ್ದ ಬಟ್ಟೆಯಲ್ಲಿ ತಂತಿಯನ್ನು ಜೋಡಿಸಿ ಅದನ್ನು ನುಡಿಸುವಂತಹ ಒಂದು ವಾದ್ಯ || te: ఒక విధమైన పడవ,form_similar,,,,
B001523,ಸಿಂಹಿಕಾ,సింహికా.,siṁhikā,siṁhikā.,,kn: ಸಮುದ್ರದಲ್ಲಿ ವಾಸ ಮಾಡುತ್ತಿದ್ದ ಒಬ್ಬ ರಾಕ್ಷಸಿ ಆಕಾಶದಲ್ಲಿ ಹಾಡುತ್ತಿದ್ದ ಜನರನ್ನು ಅವರ ನೆರಳಿನಿಂದಲ್ಲೆ ಪತ್ತಹಚ್ಚಿ ಅವರನ್ನು ತಿಂದು ಹಾಕುತ್ತಿದ್ದಳು || te: ఒక రకమైన చెట్టు ఆకులపైన కూడా ముల్లులుంటాయి,form_similar,,,,
B001524,ಸುಶೀಲತೆ,సుశీలత,suśīlate,suśīlata,,"kn: ದ್ವೇಷ ಅಥವಾ ವೈರ, ಹಗೆತನ ಇಲ್ಲದ ಅವಸ್ಥೆ ಅಥವಾ ಭಾವ || te: మంచి అభిప్రాయాలు కలిగి ఉండుట.",form_similar,,,,
B001525,ಸುಸ್ಥಿತಿ,సుథితి,susthiti,suthiti,,kn: ಸುಖವಾಗಿ ಮತ್ತು ಆರೋಗ್ಯವಾಗಿ ಇರುವ ಸ್ಥಿತಿ || te: చెట్లను నరకడానికి ఉపయోగపడే ఇనుప సాధనం,form_similar,,,,
B001526,ಸೋಮವಾರ,సోమదార,sōmavāra,sōmadāra,,kn: ವಾರದ ಮೊದಲ ದಿನ ಅಥವಾ ಮಂಗವಾರ ಬರುವ ಮುನ್ನ ದಿನ || te: శివుని జఠాలం నుంచి భూమిపైకి వచ్చిన నది దీనిని చాలా పుణ్యనదిగా భావిస్తారు.,form_similar,,,,
B001527,ಸ್ತ್ರೋತ್ರ,స్త్రోత్రం,strōtra,strōtraṁ,,"kn: ಆ ಗೀತೆಯಲ್ಲಿ ಈಶ್ವರ ಅಥವಾ ದೇವರುಗಳ ಗುಣ ಅಥವಾ ಸತ್ತಕರ್ಮಗಳ ಶ್ರಾದ್ಧಾಪೂರ್ವಕವಾದ ವರ್ಣನೆ ಇದೆ || te: నవ విధ భక్తులలో ఒకటి, ఇందులో భక్తుడు దేవుని గుణగణాలను కీర్తిస్తాడు",form_similar,,,,
B001528,ಸ್ಥಾಪಕ,స్థాపన,sthāpaka,sthāpana,,kn: ನಿಯಮಗಳನ್ನು ರೂಪಿಸುವವನು || te: సంస్థ మొదలగువాటిని ఏర్పరచే పని.,form_similar,,,,
B001529,ಸ್ಪಟಿಕ,స్పటికం,spaṭika,spaṭikaṁ,,kn: ಒಂದು ಪ್ರಕಾರದ ಪಾರದರ್ಶಕವಾದ ಬಿಳಿಯ ಬಣ್ಣದ ಕಲ್ಲು || te: శివుని విగ్రహ ఆకారం,form_similar,,,,
B001530,ಸ್ಮರಣ,స్మరణం,smaraṇa,smaraṇaṁ,,kn: ಬುದ್ಧಿ/ಜ್ಞಾನವನ್ನು ನೀಡುವ ವೃತ್ತಿ ಅಥವಾ ಶಕ್ತಿ || te: నవవిధ భక్తులలో ఒక భక్తి ఇందులో భక్తుడు తన ఆరాధ్య దేవుని నిత్యం స్మరిస్తూ ఉంటాడు,form_similar,,,,
B001531,ಸ್ಮಶಾನ,స్మశానం,smaśāna,smaśānaṁ,,kn: ಶವವನ್ನು ಹೂತಿಡುವ ಮತ್ತು ಸುಡುವ ಸ್ಥಳ || te: మరణించిన వారికి కట్టేది,form_similar,,,,
B001532,ಹಲಂತ,హలంతం,halaṁta,halaṁtaṁ,,kn: ಭಾರತೀಯ ಲಿಪಿಗಳಲ್ಲಿ ಸ್ವರವಿಲ್ಲದೆ ವ್ಯಂಜನಗಳನ್ನು ಬರೆಯಲು ಪ್ರಧಾನ ಚಿಹ್ನೆಯೊಂದಿಗೆ ಸೇರಿಸುವ ಉಪಚಿಹ್ನೆ || te: హల్లుతో అంతమయ్యేది,form_similar,,,,
B001533,ಹಿಮಾಚಲ,హిమాచల్.,himācala,himācal.,,"kn: ಭಾರತದ ಉತ್ತರಕ್ಕೆ ಇರುವ ಹಿಮದಿಂದ ಕೂಡಿದ ಪರ್ವತ ಶಿಖರ || te: జమ్మూ_కాశ్మీర్‍కి కిందిభాగంలో ఆనుకొని ఉన్న రాష్ట్రం, ఇది మంచు క్రీడలకు ప్రసిద్ధి",form_similar,,,,
B001534,ಹೇತುವಾದ,హేతువాది,hētuvāda,hētuvādi,,kn: ವೇದ ಈಶ್ವರ ಮತ್ತು ಪರಲೋಕ ಮುಂತಾದವುಗಳಲ್ಲಿ ನಂಬಿಕೆ ಇಲ್ಲದಿರುವ ಮನಸ್ಥಿತಿ || te: వాదించటంలో పండితుడు,form_similar,,,,
B001535,ಅಲಂಕಾರ_ರಹಿತ,అహంకారరహిత,alaṁkāra_rahita,ahaṁkārarahita,,kn: ಯಾವುದೇ ಅಲಂಕಾರ ಇಲ್ಲದೇ ಇರುವಂತಹದ್ದು || te: పొగరు లేకుండా వుండటం,form_similar,,,,
B001536,ಆರ್ಥಿಕ_ಸಹಾಯ,ఆర్ధిక_సహాయం,ārthika_sahāya,ārdhika_sahāyaṁ,,kn: ಆರ್ಥಿಕ ಸಂಬಂಧವಾದ ಸಹಾಯ/ಹಣಕಾಸಿಗೆ ಸಂಬಂಧಿಸಿದ ಸಹಾಯ || te: డబ్బుతో సహాయం చేయడం,form_similar,,,,
B001537,ಆಶ್ಲೇಷ-ನಕ್ಷತ್ರ,ఆశ్లేషనక్షత్రం,āślēṣa-nakṣatra,āślēṣanakṣatraṁ,,kn: ರಾಶಿಚಕ್ರದ ಎಪ್ಪತ್ತೇಳು ನಕ್ಷತ್ರಗಳಲ್ಲಿ ಒಂಭತ್ತನೇ ನಕ್ಷತ್ರ || te: ఇరవై ఏడు నక్షత్రాలలో తొమ్మిదవది,form_similar,,,,
B001538,ಇಂದ್ರಿಯನಿಗ್ರಹ,ఇంద్రియానిగ్రహం,iṁdriyanigraha,iṁdriyānigrahaṁ,,kn: ಹಿಂದೂ ಧರ್ಮದ ಅನುಸಾರವಾಗಿ ಯಮನು ಮೃತ್ಯುವಿನ ಅಧಿದೇವ || te: ఇంద్రియాను తన ఆధీనంలోనే ఉంచుకునేవాడు,form_similar,,,,
B001539,ಉತ್ತರಪಶ್ಚಿಮ,ఉత్తర_పశ్చిమం,uttarapaścima,uttara_paścimaṁ,,kn: ಉತ್ತರ-ಪಶ್ಚಿಮದ ಅಥವಾ ಉತ್ತರ-ಪಶ್ಚಿಮಕ್ಕೆ ಸಂಬಂಧಿಸಿದ || te: తూర్పు-దక్షిణం కానిది,form_similar,,,,
B001540,ಉತ್ತರಫಾಲ್ಗುಣಿ,ఉత్తరఫాల్గుణం,uttaraphālguṇi,uttaraphālguṇaṁ,,kn: ಚಂದ್ರನು ಉತ್ತರ ಫಾಲ್ಗುಣಿ ನಕ್ಷತ್ರಕ್ಕೆ ಬರುವ ಸಮಯ || te: ఇరవై ఏడు నక్షత్రాలలో ఒకటి,form_similar,,,,
B001541,ಕಂಠಾಭರಣ,కంఠాభరణము,kaṁṭhābharaṇa,kaṁṭhābharaṇamu,,kn: ಹೆಂಗಸರ ಕೊರಳೊಳಗಿನ ಒಂದು ಆಭರಣ || te: మెడలో వేశుకొనే ఒక ఆభరణం,form_similar,,,,
B001542,ಕುಂಕುಮ-ಭರಣಿ,కుంకుమబరణి,kuṁkuma-bharaṇi,kuṁkumabaraṇi,,kn: ಕುಂಕುಮವನ್ನು ಇಟ್ಟು ಕೊಳ್ಳಲು ಬಳಸುವ ಪಾತ್ರೆ || te: కుంకుమ పెట్టుకోవడానికి ఉపయోగపడేది,form_similar,,,,
B001543,ಕುಂಕುಮ_ಭರಣಿ,కుంకుమబరణి,kuṁkuma_bharaṇi,kuṁkumabaraṇi,,kn: ಕುಂಕುಮವನ್ನು ಇಟ್ಟು ಕೊಳ್ಳಲು ಬಳಸುವ ಪಾತ್ರೆ || te: కుంకుమ పెట్టుకోవడానికి ఉపయోగపడేది,form_similar,,,,
B001544,ಗೃಹಸ್ಥಾಶ್ರಮಿ,గృహస్థాశ్రమం,gr̥hasthāśrami,gr̥hasthāśramaṁ,,"kn: ಗೃಹಸ್ಥಾಶ್ರಮದಲ್ಲಿ ಇರುವ ವ್ಯಕ್ತಿ || te: మునులు, ఋషులు నివసించే ఆశ్రమం",form_similar,,,,
B001545,ಚಿಲ್ಲರೆ_ವ್ಯಾಪಾರಿ,చిల్లరవ్యాపారి,cillare_vyāpāri,cillaravyāpāri,,kn: ಸಣ್ಣ ಪ್ರಮಾಣದಲ್ಲಿ ವ್ಯಾಪಾರ ವ್ಯವಹಾರ ಮಾಡುವವ || te: చిన్న చిన్న వస్తువులను విక్రయించేవాడు,form_similar,,,,
B001546,ತೀರ್ಥ_ಸ್ಥಾನ,తీర్థ_స్థానము,tīrtha_sthāna,tīrtha_sthānamu,,"kn: ನಾಲ್ಕು ಮುಖ್ಯವಾದ ತೀರ್ಥಗಳು ಭಾರತದ ನಾಲ್ಕು ದಿಕ್ಕಿನಲ್ಲಿ ನೆಲೆಸಿವೆ || te: ఒక పవిత్ర స్థానము ఇక్కడ ప్రజలు భక్తి, శ్రద్దలతో పూజ చేయడానికి,దర్షించడానికి వస్తారు.",form_similar,,,,
B001547,ದಕ್ಷಿಣ_ಅಫ್ರಿಕಾ,దక్షిణ_అమెరికా,dakṣiṇa_aphrikā,dakṣiṇa_amerikā,,kn: ದಕ್ಷಿಣ ಆಫ್ರಿಕಾಕ್ಕೆ ಸಂಬಂಧಿಸಿದ ಅಥವಾ ದಕ್ಷಿಣ ಆಫ್ರಿಕಾದ || te: దక్షిణమెరికా దేశానికి సంబంధించిన,form_similar,,,,
B001548,ನಿರ್ಧಯಿ_ವ್ಯಕ್ತಿ,నిర్ధన_వ్యక్తి,nirdhayi_vyakti,nirdhana_vyakti,,"kn: ದಯೆ, ಕರುಣೆ, ಪ್ರೀತಿ, ಮಾನವೀಯತೆ ಇಲ್ಲದ ಗುಣವಿರುವ ವ್ಯಕ್ತಿ || te: ధనములేని వ్యక్తి",form_similar,,,,
B001549,ಪುನರುಜ್ಜೀವನ,పునరుజ్జీవనం.,punarujjīvana,punarujjīvanaṁ.,,kn: ಮತ್ತೆ ಜಾಗೃತಗೊಳಿಸುವ ಕ್ರಿಯೆ || te: కనుమరుగైన మళ్ళి వెలుగులోకి రావడం,form_similar,,,,
B001550,ಪ್ರಧಾನ_ನಾಯಕ,ప్రధాననాయిక,pradhāna_nāyaka,pradhānanāyika,,"kn: ಒಬ್ಬ ಪ್ರಧಾನ ಪುರುಷನನ್ನು ಅವನ ಚರಿತ್ರೆಯನ್ನು ಯಾವುದೋ ಕಾವ್ಯ, ನಾಟಕ ಮುಂತಾದವುಗಳಲ್ಲಿ ವರ್ಣನೆ ಮಾಡುತ್ತಾರೆ || te: నాయకుడి జోడి",form_similar,,,,
B001551,ಭೌತಿಕವಾದಂತ,భౌతికవాదం,bhautikavādaṁta,bhautikavādaṁ,,kn: ಚೇತನರಹಿತವಾದ ಅಥವಾ ಜೀವವಿರದ || te: భౌతిక జగత్తు యొక్క ఉనికి మరియు ఇతర జ్ఞానము భౌతికతత్వాలతో కూడుకొని ఉంటుంది,form_similar,,,,
B001552,ಭೌತಿಕವಾದಂತ,భౌతికవాదం.,bhautikavādaṁta,bhautikavādaṁ.,,kn: ಚೇತನರಹಿತವಾದ ಅಥವಾ ಜೀವವಿರದ || te: దేహము లేక శరీరము యొక్క ఆత్మ గూర్చి తెలుపు సిద్ధాంతము.,form_similar,,,,
B001553,ಮಖಾ_ನಕ್ಷತ್ರ,మఘా_నక్షత్రం,makhā_nakṣatra,maghā_nakṣatraṁ,,kn: ಮಖಾ ನಕ್ಷತ್ರಕ್ಕೆ ಚಂದ್ರನು ಪ್ರವೇಶಿಸಿದ ಸಮಯ || te: ఇరవై ఏడు నక్షత్రాలలో పదవ నక్షత్రం,form_similar,,,,
B001554,ರಾಜನೀತಿಶಾಸ್ತ್ರಿ,రాజనీతిశాస్త్రం,rājanītiśāstri,rājanītiśāstraṁ,,kn: ಯಾರು ರಾಜನೀತಿಶಾಸ್ತ್ರದಲ್ಲಿ ಪ್ರವೀಣರೋ ಅಥವಾ ಬಲ್ಲವರೋ || te: ఒక శాస్త్రం ఇందులో రాజనీతి గురించి అధ్యయనం చేయబడుతుంది,form_similar,,,,
B001555,ವಸ್ತು-ವಿನಿಮಯ,వస్తు_వినిమయం,vastu-vinimaya,vastu_vinimayaṁ,,kn: ಒಂದು ವಸ್ತುವನ್ನು ತೆಗೆದುಕೊಂಡು ಬದಲಾಗಿ ಇನ್ನೊಂದು ವಸ್ತುವನ್ನು ನೀಡುವ ಕ್ರಿಯೆ || te: ఒక వస్తువును ఇచ్చి వేరొక వస్తువును తీసుకునే వ్యాపార పద్ధతి,form_similar,,,,
B001556,ವಿತಂಡವಾದಮಾಡು,వితండవాదము,vitaṁḍavādamāḍu,vitaṁḍavādamu,,kn: ಇಬ್ಬರು ಇಲ್ಲವೇ ಇಬ್ಬರಿಗಿಂತ ಹೆಚ್ಚು ವ್ಯಕ್ತಿಗಳು ಯಾವುದಾದರೊಂದು ವಿಷಯ ಕುರಿತು ಒಮ್ಮತವಿಲ್ಲದೆ ಹೆಚ್ಚು ಹೊತ್ತು ಮಾತಾಡುವ ಪ್ರಕ್ರಿಯೆ || te: పద్దతిగల వాదన కానిది,form_similar,,,,
B001557,ವಿದ್ಯುತ್_ಕೇಂದ್ರ,-విద్యుత్_కేంద్రం,vidyut_kēṁdra,-vidyut_kēṁdraṁ,,kn: ಯಾವುದೋ ಒಂದು ಸ್ಥಾನದಲ್ಲಿ ವಿದ್ಯುತ್ ಉತ್ಪತ್ತಿ ಮಾಡುತ್ತಾರೆ || te: అది ఒక కేంద్రం అక్కడి నుండి చుట్టు పక్కల ప్రాంతాలకు విద్యుత్తును అందజేస్తుంది.,form_similar,,,,
B001558,ವೈದ್ಯ_ಶಾಸ್ತ್ರದ,వైద్య_శాస్త్రం,vaidya_śāstrada,vaidya_śāstraṁ,,kn: ವೈದ್ಯ ಶಾಸ್ತ್ರಕ್ಕೆ ಸಂಬಂಧಿಸಿದಂತಹ || te: చికిత్సకు సంబంధించిన విజ్ఞానము.,form_similar,,,,
B001559,ಶೋಭಾಯಮಾನವಾಗು,శోభాయమానమగు,śōbhāyamānavāgu,śōbhāyamānamagu,,kn: ಹೊಳೆಯುವ ಪ್ರಕ್ರಿಯೆ || te: అందముగా లేదా మంచిగా అనిపించు.,form_similar,,,,
B001560,100000000000,10000000000000,100000000000,10000000000000,,kn: ನೂರು ಬಿಲಿಯನ್ ಅಥವಾ ನೂರು ಶತ ಕೋಟಿ || te: వంద పదివేల కోట్ల సంఖ్య,form_similar,,,,
B001561,100000000000,౧౦౦౦౦౦౦౦౦౦౦౦౦౦,100000000000,10000000000000,,kn: ನೂರು ಬಿಲಿಯನ್ ಅಥವಾ ನೂರು ಶತ ಕೋಟಿ || te: వంద పదివేల కోట్ల సంఖ్య,form_similar,,,,
B001562,10000000000000,100000000000,10000000000000,100000000000,,kn: ಹತ್ತು ಲಕ್ಷ ಕೋಟಿಗಳು || te: నూరు కోట్లు,form_similar,,,,
B001563,ಅಂಕುರ,అంకురం,aṁkura,aṁkuraṁ,,kn: ಈ ಹಣ್ಣಿನಲ್ಲಿ ಮೊಗ್ಗಿನ ರೂಪದಲ್ಲಿ ಹಣ್ಣಿನ ಮೂಲ ರೂಪ ಕೂಡ ಇರುತ್ತದೆ || te: విత్తనాలు అంకురించుట.,form_similar,,,,
B001564,ಅಂಗಕ,అంగకం,aṁgaka,aṁgakaṁ,,kn: ಜೀವಕೋಶದ ಒಂದು ವಿಶೇಷ ಭಾಗ || te: ఏ ప్రాణికైన అన్ని అవయవాలు కలిపి ఉండేది,form_similar,,,,
B001565,ಅಂಗಡಿ,అంగడి.,aṁgaḍi,aṁgaḍi.,,kn: ಮಾನವನಿಂದ ನಿರ್ಮಿತವಾದ ಆ ಜಾಗದಲ್ಲಿ ಮಾರಾಟಮಾಡುವಂತಹ ವಸ್ತುಗಳು ಇರುತ್ತದೆ ಮತ್ತು ಮಾರಾಟಮಾಡಲಾಗುತ್ತದೆ ಅಥವಾ ಹಣವನ್ನು ಪಡೆದು ಯಾವುದಾದರು ಕೆಲವನ್ನು ಮಾಡಲಾಗುತ್ತದೆ || te: ఒక క్షేత్రము ఇందులో అమ్మకపు వస్తువులు అలంకరించి ప్రదర్షించబడును.,form_similar,,,,
B001566,ಅಂಗಾರ,అంగారం,aṁgāra,aṁgāraṁ,,"kn: ರಾಸಾಯನ ವಿಜ್ಞಾನದಲ್ಲಿ ಕಾರ್ಬನನ್ನು, ಇಂಗಾಲ, ಅಂಗಾರ, ವಜ್ರ, ಗ್ರಾಫೈಟು, ಇದ್ದಿಲು, ಈ ಮೂರು ಭಿನ್ನ ರೂಪಗಳಲ್ಲಿ ಕಾಣಸಿಗುವ ಮತ್ತು ಜೀವಪದಾರ್ಥಗಳೆಲ್ಲದರಲ್ಲಿಯೂ ಸಂಯುಕ್ತ ಸ್ಥಿತಿಯಲ್ಲಿರುವ ಅಲೋಹ ರಾಸಾಯನಿಕ ಧಾತು || te: మండే స్వభావం కలిగినది",form_similar,,,,
B001567,ಅಂಬಾರಿ,అంబారి.,aṁbāri,aṁbāri.,,kn: ಆನೆಯ ಮೇಲೆ ಕುಳಿತುಕೊಳ್ಳು ಹಾಕುವ ಭದ್ರಾಸನ || te: ఏనుగు పొట్టపైన వేసే ఒక అలంకార వస్త్రం,form_similar,,,,
B001568,ಅಂಬುಧ,అంబుధి,aṁbudha,aṁbudhi,,kn: ಭೂಮಿಯ ಮೇಲಿರುವ ನೀರು ಆವಿಯಾಗಿ ಆಕಾಶದಲ್ಲಿ ಗಟ್ಟಿಯಾಗಿ  ಹರಡಿ ಮತ್ತು ಅದರಿಂದ ನೀರು ಸುರಿಸುವುದು || te: ఉప్పు నీటితో విశాలమైన భూభాగాన్ని ఆక్రమించినవి.,form_similar,,,,
B001569,ಅಕ್ರಮ,అక్రమం,akrama,akramaṁ,,kn: ಈ ಲೋಕದಲ್ಲಿ ಕೆಟ್ಟದ್ದೆಂದು ನಂಬಿ ಮತ್ತು ಪರಲೋಕದಲ್ಲಿ ಅಶುಭ ಫಲವನ್ನು ಕೊಡುವ ಕರ್ಮ || te: న్యాయము కానిది,form_similar,,,,
B001570,ಅಖರೋಟ್,అఖ్‍రోట్,akharōṭ,akhrōṭ,,kn: ಒಂದು ಮರದಲ್ಲಿ ಬಿಡುವ ಹಣ್ಣು ಒಣ ಹಣ್ಣಿನ ಸಾಲಿಗೆ ಸೇರುವುದು || te: ఒక ఫలములిచ్చు వృక్షము వీటి పండ్లు కిస్‍మిస్ లా ఉపయోగిస్తారు,form_similar,,,,
B001571,ಅಜ್ಞಾತ,అజ్ఞాతం,ajñāta,ajñātaṁ,,kn: ತಿಳಿಯದೇ ಇರುವಂತಹದ್ದು || te: ప్రాముఖ్యత లేకపోవటం.,form_similar,,,,
B001572,ಅತಿಸಾರ,అతిచార,atisāra,aticāra,,kn: ತಿಂದಿರುವ ಪದಾರ್ಥಗಳು ಭೇದಿಯ ರೂಪದಲ್ಲಿ ಹೊರಗೆ ಬರುವಂತಹ ಒಂದು ರೋಗ || te: గ్రహాల యొక్క త్వరిత ఉధ్యమం,form_similar,,,,
B001573,ಅಧಿಕ,అంధిక,adhika,aṁdhika,,kn: ಯಾವುದೇ ವಸ್ತು ಅಥವಾ ಆಸ್ತಿಯ ದೊಡ್ಡ ಪ್ರಮಾಣದ ಅಳತೆಯನ್ನು ಸೂಚಿಸುವುದು || te: సూర్యుడు అస్తమించిన సమయం,form_similar,,,,
B001574,ಅಧ್ಯಾಯ,అధ్యాయి,adhyāya,adhyāyi,,"kn: ಗ್ರಂಥ, ಪುಸ್ತಕ ಮುಂತಾದವುಗಳ ಖಂಡ ಅಥವಾ ವಿಭಾಗದಲ್ಲಿ ಯಾವುದೇ ವಿಚ್ಛೇದ ಅಥವಾ ಅದರ ವಿಶೇಷ ಭಾಗವನ್ನು ವಿರ್ಮಶೆ ಮಾಡಿರುವರು || te: విద్యను అభ్యసించేవాడు",form_similar,,,,
B001575,ಅನಂತ,అనంతం,anaṁta,anaṁtaṁ,,"kn: ಕೊನೆಯೇ ಇಲ್ಲದಿರುವುದು || te: భూమి, ఇతర గ్రహాలకు మరియి నక్షత్రాలకు మధ్య ఉన్న స్థలం.",form_similar,,,,
B001576,ಅನಿಷ್ಟ,అనిష్టం,aniṣṭa,aniṣṭaṁ,,kn: ಮಂಗಲಕರವಾಗಿ ಇಲ್ಲದಿರುವುದು ಅಥವಾ ಕೆಡುಕು ಸಂಭವಿಸುವುದು || te: మంచికి వ్యతిరేక భావన.,form_similar,,,,
B001577,ಅನುಚರ,అనుచరి,anucara,anucari,,kn: ಯಾವುದೇ ತತ್ವ ಸಿದ್ಧಾಂತವನ್ನು ಒಪ್ಪಿ ಅದಕ್ಕನುಸಾರವಾಗಿ ನಡೆಯುವವ || te: ఎవరి సిద్ధాంతాన్నైనా ఒప్పుకొని మరియు దానికి అనుగుణంగా నడుచుకునే వ్యక్తి.,form_similar,,,,
B001578,ಅನುಪಾತ,అనుజాత,anupāta,anujāta,,"kn: ಗೌರವ, ತೂಕ, ಉಪಯೋಗಕ್ಕೆ ಬರುವ ಇತ್ಯಾದಿ ವಿಚಾರಗಳ ತುಲನೆ ಮಾಡುವುದರಿಂದ  ಒಂದು ವಿಷಯದಿಂದ ಮತ್ತೊಂದು ವಿಷಯಕ್ಕೆ ಇರುವ ಸಂಬಂಧ ಅಥವಾ ಅಪೇಕ್ಷೆ || te: చెల్లెలు లేక అక్క.",form_similar,,,,
B001579,ಅನುಮತಿ,అనుగతి,anumati,anugati,,"kn: ಯಾವುದೇ ಸಂಗತಿಗೆ ಸಂಬಂಧಿಸಿದವರು ಆ ಸಂಗತಿಗೆ ಪ್ರವೇಶಿಸಲು, ಆ ಸಂಗತಿಯನ್ನು ಬಳಸಿಕೊಳ್ಳಲು, ಆ ಸಂಗತಿಯನ್ನು ಹೊಂದಲು ಮಾತಿನ ಮೂಲಕ ಅಥವಾ ಬರಹದ ಮೂಲಕ ನೀಡುವ ಒಪ್ಪಿತ ಅನುಮೋದನೆ || te: ఇతరులు చేసే పనులను చూసి చేయుట.",form_similar,,,,
B001580,ಅನುವಾದ,అనువాది,anuvāda,anuvādi,,kn: ಒಂದು ಭಾಷೆಯಲ್ಲಿ ಬರೆದಿರುವಂತಹ ವಸ್ತು ಅಥವಾ ಹೇಳಿರುವಂತಹ ಮಾತನ್ನು ಇನ್ನೊಂದು ಭಾಷೆಯಲ್ಲಿ ಬರೆಯುವ ಅಥವಾ ಹೇಳುವ ಕಾರ್ಯ || te: ఎవ్వరైతే భాషాంతరీకరణం చేస్తారో,form_similar,,,,
B001581,ಅಪಕಾರರಹಿತ,అహంకారరహిత,apakārarahita,ahaṁkārarahita,,kn: ಅಪಕಾರ ಮಾಡದಿರುವ || te: పొగరు లేకుండా వుండటం,form_similar,,,,
B001582,ಅಪವಾದ,అపవాదు,apavāda,apavādu,,"kn: ಆ ಮಾತು, ಶಬ್ದ, ತತ್ವ, ಮುಂತಾದವುಗಳು ವ್ಯಾಪಕವಾದ ಅಥವಾ ಸಾಮಾನ್ಯ ನಿಯಮ ಮುಂತಾದುಗಳ ವಿರುದ್ಧ ಇರುವುದು || te: తప్పు పని చేయ్యడం వలన కలిగేది.",form_similar,,,,
B001583,ಅಪ್ಪೈಯ,అప్పైన,appaiya,appaina,,kn: ತಂದೆಯನ್ನು ಸಂಬೋದಿಸುವ ಅಥವಾ ಕರೆಯಲು ಬಳಸುವ ಪದ || te: వెనక్కి ఇచ్చినటువంటి,form_similar,,,,
B001584,ಅಭಂಗ,అభంగీ,abhaṁga,abhaṁgī,,kn: ಯಾವುದರ ಕ್ರಮ ಒಡೆಯಲಿಲ್ಲವೋ || te: ఏదైనా క్రమం నశించనటువంటి,form_similar,,,,
B001585,ಅಭ್ಯಾಸ,అభ్యాసి,abhyāsa,abhyāsi,,kn: ಯಾವುದೇ ವಿಷಯ ಅಥವಾ ಸಂಗತಿಯನ್ನು ತಿಳಿಯಲು ಅಥವಾ ಕಲಿಯಲು ಅಥವಾ ದಕ್ಷತೆಯನ್ನು ಹೊಂದಲು ನಿರಂತರವಾಗಿ ಒಂದನ್ನು ಕಲಿಯುತ್ತಾ ಹೋಗುವುದು || te: విద్యను అభ్యసించేవాడు,form_similar,,,,
B001586,ಅಮೆರೀಕಾ,అమెరికా,amerīkā,amerikā,,kn: ಅಮೆರೀಕಾದ ಅಥವಾ ಅಮೆರಿಕಾಗೆ ಸಂಬಂಧಿಸಿದ || te: ఉత్తర అమెరికా యొక్క ఒక దేశము.,form_similar,,,,
B001587,ಅಯೋಗ್ಯ,అయోగ్యం,ayōgya,ayōgyaṁ,,kn: ಯೋಗ್ಯತೆ ಇಲ್ಲದಿರುವವ || te: సమంజసం లేని.,form_similar,,,,
B001588,ಅರಗದ,అరగల,aragada,aragala,,kn: ಬೇಗನೆ ಪಚನಕ್ರಿಯೆಗೆ ಒಳಪಡದೆ ಕರಗದಿರುವ ಆಹಾರದ ಗುಣ || te: మడతలు మడతలుగా గల,form_similar,,,,
B001589,ಅರಿಷ್ಟ,అరిష్టం,ariṣṭa,ariṣṭaṁ,,kn: ಕಡೆದು ಬೆಣ್ಣೆ ತೆಗೆದ ನಂತರ ಉಳಿದಿರುವ ನೀರು ಮಜ್ಜಿಗೆ || te: మంచి లేదా మంగళకరం కానిది,form_similar,,,,
B001590,ಅರ್ಣವ,అర్ణవం,arṇava,arṇavaṁ,,"kn: ನದಿ, ಸಮುದ್ರ ಮೊದಲಾದವುಗಳಲ್ಲಿ ಸ್ವಲ್ಪ ದೂರದವರೆಗೆ ಹೋಗಿ ಮೇಲಕ್ಕೆ ಎದ್ದು ಮತ್ತೆ ಕೆಳಗೆ ಇಳಿಯುವ ಜಲರಾಶಿ ಅದು ಮುಂದೆ ಮುಂದೆ ಸಾಗುತ್ತಿರುವ ಹಾಗೆ ಕಾಣುತ್ತದೆ || te: ఉప్పు నీటితో విశాలమైన భూభాగాన్ని ఆక్రమించినవి.",form_similar,,,,
B001591,ಅವರಣ,అవరజ,avaraṇa,avaraja,,kn: ಸ್ತ್ರೀಯರ ಮೇಲು ಹೊದಿಕೆಯ ವಸ್ತ್ರ ಅಥವಾ ಚಾದರ || te: చెల్లెలు లేక అక్క.,form_similar,,,,
B001592,ಅವಿನಾಶ,అవినాశి,avināśa,avināśi,,kn: ಯಾವುದು ಎಂದೂ ನಾಶವಾಗುವುದಿಲ್ಲವೋ || te: ఎల్లప్పుడూ బతికివుండేవాడు.,form_similar,,,,
B001593,ಅಶುಭ,అశుభ్ర,aśubha,aśubhra,,kn: ಯಾವುದು ಶುಭವಲ್ಲವೋ || te: శుభ్రం చేయని,form_similar,,,,
B001594,ಅಶ್ಲೀಲ,అశ్లీలం,aślīla,aślīlaṁ,,kn: ಯಾವುದೇ ರೀತಿಯ ಪರಿಷ್ಕೃತತೆ ಇಲ್ಲದ ವಸ್ತು ಅಥವಾ ಸಂಗತಿ || te: ఇబ్బంది కల్గించే లేదా రోత పుట్టించే ఎబ్బెట్టు భావన.,form_similar,,,,
B001595,ಅಸ್ಥಿಯ,అస్థిక,asthiya,asthika,,kn: ಎಲುಬುಗಳಿಂದ ಮಾಡಲಾದ ಅಥವಾ ಎಲುಬಿನಿಂದ ಕೂಡಿರುವ || te: శరీరంలో ఆకారాన్ని ప్రధాన అవయవాలకు రక్షణ కలిగించే గట్టిగా ఉండే భాగం,form_similar,,,,
B001596,ಅಸ್ಥಿರ,అస్థిక,asthira,asthika,,kn: ಮನಸ್ಸು ಶಾಂತ ಸ್ಥಿತಿಯಲ್ಲಿ ಇಲ್ಲದಿರುವ ಸ್ಥಿತಿ || te: శరీరంలో ఆకారాన్ని ప్రధాన అవయవాలకు రక్షణ కలిగించే గట్టిగా ఉండే భాగం,form_similar,,,,
B001597,ಅಸ್ಸಾಮೀ,అస్సామీ.,assāmī,assāmī.,,kn: ಅಸ್ಸಾಂ ರಾಜ್ಯದ ಭಾಷೆ || te: అస్సామ్‍కు సంబంధించిన,form_similar,,,,
B001598,ಅಹಂಕಾರಹೀನತೆ,అహంకారహీనం,ahaṁkārahīnate,ahaṁkārahīnaṁ,,kn: ದರ್ಪಹೀನತೆಯ ಅವಸ್ಥೆ ಅಥವಾ ಭಾವ || te: గర్వము లేకుండా ఉండుట,form_similar,,,,
B001599,ಆಂಗ್ಲರು,ఆంగ్లము,āṁglaru,āṁglamu,,kn: ಯೂರೋಪ್ ಅಥವಾ ಅಮೇರಿಕಾದ ದೇಶದ ನಿವಾಸಿಗಳ ಶರೀರದ ಬಣ್ಣ ಅತ್ಯಂತ ಗೌರವರ್ಣ ಅಥವಾ ಬಿಳಿ ಬಣ್ಣ ಇರುವುದು || te: ఆంగ్లేయు భాష  బ్రిటన్ తో బాటు కొన్నిదేశాలు తమ రాజ భాషగా గుర్తించాయి.,form_similar,,,,
B001600,ಆಂಗ್ಲಳು,ఆంగ్లము,āṁglaḷu,āṁglamu,,kn: ಇಂಗ್ಲೆಂಡಿನಲ್ಲಿ ವಾಸ ಮಾಡುವಂತಹ ಮಹಿಳೆ || te: ఆంగ్లేయు భాష  బ్రిటన్ తో బాటు కొన్నిదేశాలు తమ రాజ భాషగా గుర్తించాయి.,form_similar,,,,
B001601,ಆಗ್ರಹ,ఆగ్రహం,āgraha,āgrahaṁ,,kn: ಯಾವುದೋ  ಮಾತಿಗೆ ವಿನಯ ಪೂರ್ವಕವಾಗಿ ಮಾಡುವಂತಹ ಹಠ || te: నచ్చని పని చేసినప్పుడు కలిగే భావన.,form_similar,,,,
B001602,ಆಚಮನ,ఆచమనీ,ācamana,ācamanī,,kn: ಪೂಜೆ ಅಥವಾ ಧರ್ಮ-ಸಂಬಂಧಿಸಿದ ಕರ್ಮಗಳಿಲ್ಲಿ ಅಂಗೈಗುಳಿಯಲ್ಲಿ ಶುದ್ಧೋಕವನ್ನು ಮಂತ್ರಪೂರ್ವಕವಾಗಿ ಕುಡಿಯುವುದು || te: ఒక జాడిలో సున్నాన్ని వేసి ఒక కర్రతో అంట్టించేటటువంటి భావన,form_similar,,,,
B001603,ಆಟವಾಡು,ఆటగాడు,āṭavāḍu,āṭagāḍu,,kn: ಮನರಂಜಿಸುವುದು ಅಥವಾ ವ್ಯಾಯಾಮಕ್ಕಾಗಿ ಆಕಡೆ-ಈಕಡೆ ಜಿಗಿದಾಡುವುದು || te: క్రీడాపోటీలలో జట్టులో ఉండే వ్యక్తి,form_similar,,,,
B001604,ಆತುರದ,ఆతురత,āturada,āturata,,kn: ಯಾವುದೇ ಕೆಲಸ ಕಾರ್ಯವನ್ನು ಅವಸರದಿಂದ ಮಾಡುವುದು || te: చాలా గాబరాగా మాట్లాడటం.,form_similar,,,,
B001605,ಆತ್ಮೀಯ,ఆత్మీయం,ātmīya,ātmīyaṁ,,kn: ತುಂಬಾ ನಿಕಟವಾಗಿರುವಿಕೆ || te: మనకు మాత్రమే పూర్తి అధికారం ఉండే స్థితి,form_similar,,,,
B001606,ಆದರಣೆ,ఆదరణ,ādaraṇe,ādaraṇa,,"kn: ಶಿಸ್ತು ಮತ್ತು ಸೌಜನ್ಯ/ಪ್ರಾಮಾಣಿಕ ವ್ಯವಹಾರ || te: ఒక మనిషి దుఖః, భాధలో ఉన్నప్పుడు మరో మనిషి చూపించేది",form_similar,,,,
B001607,ಆದರದ,ఆదరణ,ādarada,ādaraṇa,,"kn: (ಒಳ್ಳೆಯ ಅವಸ್ಥೆ ಮೊದಲಾದವುಗಳು ಆಗುವುದರ ಕಾರಣ) ಯಾವುದು ಸನ್ಮಾನಕ್ಕೆ ಯೋಗ್ಯವೋ || te: ఒక మనిషి దుఖః, భాధలో ఉన్నప్పుడు మరో మనిషి చూపించేది",form_similar,,,,
B001608,ಆದಿದೇವ,ఆదిదేవి,ādidēva,ādidēvi,,"kn: ಸಹೃದಯಿ, ಧರ್ಮಿ ಮತ್ತು ಯಾವಾಗಲೂ ಬೇರೆಯರಿಗೆ ಸಹಾಯಮಾಡುವಂತಹ ವ್ಯಕ್ತಿ || te: ఒక కులంవారు ప్రత్యేకంగా లేదా ఇష్టంగా ఆరాధించే దేవత",form_similar,,,,
B001609,ಆದೇಶಿತ,ఆదేశిక,ādēśita,ādēśika,,kn: ಆದೇಶ ಅಥವಾ ಆಜ್ಞೆಯನ್ನು ಒಳಗೊಂಡಿರುವುದು || te: ఆజ్ఞలను జారీ చేసే వాళ్ళు,form_similar,,,,
B001610,ಆಧೀನ,ఆధీనం,ādhīna,ādhīnaṁ,,kn: ಯಾರೋ ಒಬ್ಬರಿಗೆ ಅಧಿಕಾರ ನೀಡಿರುವ || te: ఒకరి చేతినుండి మరొకరి చేతికి ఇచ్చే లేక తీసుకొనే  క్రియ.,form_similar,,,,
B001611,ಆಫೀಸು,ఆఫీసు.,āphīsu,āphīsu.,,kn: ಆ ಜಾಗ ಯಾವುದಾದರು ವಿಷಯದ ವ್ಯಾಪಾರ ಅಥವಾ ಕಾರ್ಯಾದ ವ್ಯವಸ್ಥೆ ಮಾಡುವ ಕೆಲಸಗಾರರು ಕುಳಿತುಕೊಂಡು ಎಲ್ಲಾ ಕೆಲಸಗಳನ್ನು ಸರಿಯಾಗಿ ನಿಯಮಿತವಾದ ರೂಪದಲ್ಲಿ ಮಾಡುತ್ತಾರೆ || te: పాలనాధికారులు కార్యక్రమాలను నిర్వహించే స్థలం.,form_similar,,,,
B001612,ಆಯುಧ,ఆయుధం,āyudha,āyudhaṁ,,kn: ಯಾವುದೇ ಯುದ್ಧ ಮುಂತಾದವುಗಳಲ್ಲಿ ಎದುರಾಳಿಯಿಂದ ರಕ್ಷಿಸಿಕೊಳ್ಳಲು ಅಥವಾ ಎದುರಾಳಿಯನ್ನು ಸದೆ ಬಡಿಯಲು ಅಥವಾ ಯಾವುದನ್ನಾದರೂ ಕತ್ತರಿಸಲು ಅಥವಾ ಕಟಾವು ಮಾಡಲು ಬಳಸುವ ಒಂದು ಬಗೆಯ ವಸ್ತು || te: యుద్ధ రంగంలో విసిరి ఉపయోగించేవి.,form_similar,,,,
B001613,ಆರೋಪಕ,ఆరోపణ,ārōpaka,ārōpaṇa,,kn: ಆರೋಪವನ್ನು ಹೊರಿಸುವಂತಹವ || te: దృఢపూర్వకమైన కధనం,form_similar,,,,
B001614,ಆರೋಹಣ,ఆరోపణ,ārōhaṇa,ārōpaṇa,,kn: ಮೇಲೆರುವ ಕ್ರಿಯೆ || te: దృఢపూర్వకమైన కధనం,form_similar,,,,
B001615,ಆರೋಹಣ,ఆరోహన,ārōhaṇa,ārōhana,,kn: ಮೇಲೆರುವ ಕ್ರಿಯೆ || te: సంగీతంలో ఒక ఉన్నత స్థానం,form_similar,,,,
B001616,ಆಲಸ್ಯ,ఆలస్యం,ālasya,ālasyaṁ,,kn: ಯಾವುದೋ ಒಂದರಲ್ಲಿ ತಲ್ಲೀನನಾಗದೆ ಇರುವ || te: తొందరగా రాలేక పోవడం,form_similar,,,,
B001617,ಆಲೋಚಕ,ఆలోచన,ālōcaka,ālōcana,,kn: ಆಲೋಚನೆ ಮಾಡುವ ಅಥವಾ ವಿಮರ್ಶನೆ ಮಾಡುವ ವ್ಯಕ್ತಿ || te: యోచించేటటువంటి భావన.,form_similar,,,,
B001618,ಆವರಣ,ఆదరణ,āvaraṇa,ādaraṇa,,"kn: ವಾಕ್ಯ ರಚನೆಯಲ್ಲಿ ವಿವರ ಬಯಸುವ ಆದರೆ ಅಲ್ಲಿ ನೇರವಾಗಿ ಬಳಸಲು ಸಾಧ್ಯವಾಗದ ಸಂಗತಿಯನ್ನು ಒಂದು ನಿರ್ದಿಷ್ಠ ಆವರಣದಲ್ಲಿ ತೋರಿಸುವ ಚಿಹ್ನೆ || te: ఒక మనిషి దుఖః, భాధలో ఉన్నప్పుడు మరో మనిషి చూపించేది",form_similar,,,,
B001619,ಆಶಾವಾದ,ఆశావాది,āśāvāda,āśāvādi,,kn: ಸಂಭವಿಸುವ ಯಾವುದೇ ಘಟನೆ ಅಥವಾ ಸಂಗತಿಗಳು ಅನುಕೂಲಕರವಾಗಿರುತ್ತವೆ ಅಥವಾ ಒಳ್ಳೆಯದಾಗಿರುತ್ತದೆ ಎನ್ನುವ ಆಶಯದಿಂದ ಕೂಡಿರುವ ಭಾವನೆ ಅಥವಾ ಗುಣ || te: ఆశావాదున్ని జరుపుకునే వ్యక్తి,form_similar,,,,
B001620,ಆಶ್ವಾಸ,ఆశ్వాసం,āśvāsa,āśvāsaṁ,,"kn: ಸಾಹಿತ್ಯ, ಕೃತಿ ಅಥವಾ ಪುರಾಣದ ಸಂಗತಿಯ ಒಳಗಿನ ವಿಷಯಾನುಸಾರ ಅಥವಾ ಭಿನ್ನತೆಯನ್ನು ಗುರುತಿಸುವ ಉಪ ವಿಭಾಗಗಳನ್ನು ಗುರುತಿಸುವ ಕ್ರಮ || te: గ్రంధం, పుస్తకం మొదలైన వాటిలో అంశాన్ని చర్చించే అంకం",form_similar,,,,
B001621,ಆಸಕ್ತಿ,ఆసక్తి.,āsakti,āsakti.,,"kn: ಆಸಕ್ತಿ ಹೊಂದುವ ಕ್ರಿಯೆ ಅಥವಾ ಭಾವನೆ || te: భగవంతుడు, ధర్మం లేక పెద్దల పట్ల పూజ్య భావము కలిగి ఉండుట.",form_similar,,,,
B001622,ಇಂಗಾಲ,ఇంగాలం,iṁgāla,iṁgālaṁ,,"kn: ರಾಸಾಯನ ವಿಜ್ಞಾನದಲ್ಲಿ ಕಾರ್ಬನನ್ನು, ಇಂಗಾಲ, ಅಂಗಾರ, ವಜ್ರ, ಗ್ರಾಫೈಟು, ಇದ್ದಿಲು, ಈ ಮೂರು ಭಿನ್ನ ರೂಪಗಳಲ್ಲಿ ಕಾಣಸಿಗುವ ಮತ್ತು ಜೀವಪದಾರ್ಥಗಳೆಲ್ಲದರಲ್ಲಿಯೂ ಸಂಯುಕ್ತ ಸ್ಥಿತಿಯಲ್ಲಿರುವ ಅಲೋಹ ರಾಸಾಯನಿಕ ಧಾತು || te: కట్టెలు కాలిన తరువాత నల్లగా ఉండేవి",form_similar,,,,
B001623,ಇಂದ್ರಧನಸ್ಸು,ఇంధ్రధనుస్సు,iṁdradhanassu,iṁdhradhanussu,,kn: ಸೂರ್ಯನ ಕಿರಣದ ಮೇಲೆ ಮಳೆಹನಿ ಬಿದ್ದಾಗ ಆಕಾಶದಲ್ಲಿ ಕಾಮನ ಬಿಲ್ಲು ಮೂಡುವುದು || te: ఇంధ్రధనుస్సుకు సంబంధించింది,form_similar,,,,
B001624,ಇಳುಕಲು,ఇటుకలు,iḷukalu,iṭukalu,,kn: ಆ ಭೂಮಿ ತುಂಬಾ ಆಳದವರೆಗೆ ಆರ್ದ್ರದಿಂದ ಕೂಡಿದ ಮತ್ತು ಮೆತ್ತನೆಯ ಪ್ರದೇಶ ಅದರಲ್ಲಿ ಯಾವುದೇ ವಸ್ತು ಬಿದ್ದರು ಹೂತುಹೋಗುತ್ತದೆ || te: ఎర్రమట్టితో తయారు చేసేటటువంటి చతుర్భుజ ఆకారంలో ఉన్న రాయి,form_similar,,,,
B001625,ಇಸ್ಕೂಲು,ఇస్కూలు.,iskūlu,iskūlu.,,"kn: ಪ್ರಾಥಮಿಕ, ಮಾಥ್ಯಮಿಕ ಅಥವಾ ಉಚ್ಚ ಮಾಧ್ಯಮಿಕ ಸ್ತರದಲ್ಲಿ ಔಪಚಾರಿಕ ಶಿಕ್ಷಣವನ್ನು ನೀಡುವ ಸ್ಥಳ || te: మహ్మాదీయుల చిన్నపిల్లలు ఉర్దూ నేర్చుకునే శిక్షణాలయం",form_similar,,,,
B001626,ಉಜಬೇಕಿಸ್ತಾನೀಯ,ఉజబేకిస్తానీ,ujabēkistānīya,ujabēkistānī,,kn: ಉಜಬೇಕಿಸ್ತಾನದ ಅಥವಾ ಅದಕ್ಕೆ ಸಂಬಂಧಿಸಿದ || te: ఉజబేకిస్తాన్ కు సంబంధించిన,form_similar,,,,
B001627,ಉತ್ತಮ,ఉత్తమం,uttama,uttamaṁ,,kn: ಯಾವುದೇ ವಸ್ತು ಅಥವಾ ಸಂಗತಿಯು ತುಂಬಾ ಒಳ್ಳೆಯದಾಗಿರುವಂತಹದ್ದು ಗುಣಮಟ್ಟದಲ್ಲಿ ತುಂಬಾ ಮೌಲ್ಯಯುತವಾದುದು || te: గుణరహితమైనవి,form_similar,,,,
B001628,ಉದ್ಯಮ,ఉద్యమం,udyama,udyamaṁ,,"kn: ವಾಣಿಜ್ಯದ ಉದ್ದೇಶಕ್ಕಾಗಿ ಯಾವುದೇ ವಸ್ತು ತಯಾರಿಕೆಯಲ್ಲಿ ತೊಡಗಿಕೊಂಡ ವ್ಯಕ್ತಿ ಅಥವಾ ಕಂಪನಿ || te: ఏదైన ఒక వ్యవస్థ మీద కలిగే అసహ్యం, విరక్తి, విరాగం అకస్మాత్తుగా, తీవ్రంగా ఏర్పడిన ఏహ్యభావం.",form_similar,,,,
B001629,ಉದ್ಯೋಗ,ఉద్యోగం,udyōga,udyōgaṁ,,"kn: ಮಾಡಲಾಗುವ ಕ್ರಿಯೆ || te: ఉద్యోగం, సేవ జీవితం మొదలైనవాటికోసం చేసే క్రియ",form_similar,,,,
B001630,ಉದ್ವೇಗ,ఉద్వేగం,udvēga,udvēgaṁ,,kn: ಭೀತಿ ಹುಟ್ಟಿಸುವ ಅಂತಃಕರಣ/ಮನಸ್ಸು ಕಷ್ಟಕರವಾಗುತ್ತದೆ ಅಥವಾ ಹಾನಿಕಾರಕವಾಗುತ್ತದೆ ಅಥವಾ ಅನುಚಿತವಾದ/ತಪ್ಪಾದ ಕೆಲಸ ಮಾಡುವವರ ವಿರುದ್ಧವಾಗಿರುತ್ತದೆ || te: తొందరపాటు వలన కలిగే తీవ్ర అవస్థ.,form_similar,,,,
B001631,ಉಪದೇಶ,ఉపదిశ,upadēśa,upadiśa,,kn: ಒಳ್ಳೆಯದು ಆಗುತ್ತದೆ ಎನ್ನುವ ನಂಬಿಕೆಯ ಹಿತವಾದ ಮಾತುಗಳು ಅಥವಾ ಬದುಕಿನಲ್ಲಿ ಅನುಸರಿಸಬೇಕಾದ ನೀತಿ ಧರ್ಮದ ಭೋದನೆ ಅಥವಾ ತಲೆ ಚಿಟ್ಟುಹಿಡಿಸುವಂತಹ ದೀರ್ಘವಾದ ಹಿತನುಡಿ || te: నాలుగు దిక్కుల మధ్య ఉండే ప్రత్యేక కోణం,form_similar,,,,
B001632,ಉಪದೇಶ,ఉపదేశి,upadēśa,upadēśi,,kn: ಒಳ್ಳೆಯದು ಆಗುತ್ತದೆ ಎನ್ನುವ ನಂಬಿಕೆಯ ಹಿತವಾದ ಮಾತುಗಳು ಅಥವಾ ಬದುಕಿನಲ್ಲಿ ಅನುಸರಿಸಬೇಕಾದ ನೀತಿ ಧರ್ಮದ ಭೋದನೆ ಅಥವಾ ತಲೆ ಚಿಟ್ಟುಹಿಡಿಸುವಂತಹ ದೀರ್ಘವಾದ ಹಿತನುಡಿ || te: విద్యార్థులకు పాఠాలను బోధించేవాడు,form_similar,,,,
B001633,ಉಪಾಸಕ,ఉపాసన,upāsaka,upāsana,,kn: ಯಾವುದೇ ತೀರ್ಥ ಕ್ಷೇತ್ರ ಅಥವಾ ದೇವಾಲಯದಲ್ಲಿ ಜನರಿಗೆ ದೇವರ ದರ್ಶನ ಅಥವಾ ಪೂಜೆ-ಪ್ರವಚನ ಮಾಡಿಸುವ ಪೂಜಾರಿ || te: ధ్యానంలోని ఒక పద్ధతి,form_similar,,,,
B001634,ಉಪಾಸನೆ,ఉపాసన,upāsane,upāsana,,kn: ಯಾವುದರ ಪೂಜೆ ಮಾಡಲಾಗುತ್ತದೆಯೋ || te: ధ్యానంలోని ఒక పద్ధతి,form_similar,,,,
B001635,ಎಕ್ಕಡ,ఎక్కడం,ekkaḍa,ekkaḍaṁ,,kn: ಸುರಕ್ಷತೆಯ ದೃಷ್ಟಿಯಿಂದ ಪಾದಗಳಿಗೆ ಹಾಕಿಕೊಳ್ಳುವಂತಹ ಚರ್ಮ ಮತ್ತು ಮೊದಲಾದವುಗಳಿಂದ ಮಾಡಿರುವಂತಹ ವಸ್ತು ಅದು ಪೂರ್ತಿಯಾಗಿ ಬೆರಳುಗಳನ್ನು ಸಹ ರಕ್ಷಿಸುತ್ತದೆ || te: కింద వున్న వారు మిద్దెపైకి వెళ్ళాలంటే చెయాల్సిన పని,form_similar,,,,
B001636,ಏಕತ್ವ,ఏకత్వం,ēkatva,ēkatvaṁ,,kn: ಒಂದಾಗುವಂತಹ ಅವಸ್ಥೆ ಅಥವಾ ಭಾವ || te: భిన్నత్వానికి వ్యతిరేకం,form_similar,,,,
B001637,ಏಕಾದಶ,ఏకాదశి,ēkādaśa,ēkādaśi,,kn: ಸಂಖ್ಯಾ ಗಣತಿಯಲ್ಲಿ ಹತ್ತು ಮತ್ತು ಒಂದನ್ನು ಸೇರಿಸಿದರೆ ಆಗುವ ಮೊತ್ತ || te: చాంద్రమాస పక్షము ఏ తిధిలో వస్తుంది.,form_similar,,,,
B001638,ಕಂಕಣ,కంకర,kaṁkaṇa,kaṁkara,,kn: ಮದುವೆಯ ಕಾಲದಲ್ಲಿ ಮಧೂವರರ ಕೈಗೆ ಕಟ್ಟುವ ದಾರ ಅಥವಾ ಒಂದು ಅಭರಣ || te: చిన్న చిన్న రాళ్ళు,form_similar,,,,
B001639,ಕಂಕನ,కంకర,kaṁkana,kaṁkara,,kn: ಮದುವೆಯ ಕಾಲದಲ್ಲಿ ಮಧೂವರರ ಕೈಗೆ ಕಟ್ಟುವ ದಾರ ಅಥವಾ ಒಂದು ಅಭರಣ || te: చిన్న చిన్న రాళ్ళు,form_similar,,,,
B001640,ಕಂಚುಕ,కంచుకి,kaṁcuka,kaṁcuki,,kn: ಯುದ್ಧದಲ್ಲಿ ರಕ್ಷಣೆಗಾಗಿ ಮೈಗೆ ಹಾಕಿಕೊಳ್ಳುವ ಕವಚ ಅಥವಾ ಹೊದಿಕೆ ಲೋಹ ಮುಂತಾದವುಗಳಿಂದ ಮಾಡಿರುತ್ತಾರೆ || te: సన్నగా మరియు పొడవుగా ఉండి నేల మీదా ప్రాకే విషంగల ప్రాణి.,form_similar,,,,
B001641,ಕಂಚುಕ,కంచుకీ,kaṁcuka,kaṁcukī,,kn: ಯುದ್ಧದಲ್ಲಿ ರಕ್ಷಣೆಗಾಗಿ ಮೈಗೆ ಹಾಕಿಕೊಳ್ಳುವ ಕವಚ ಅಥವಾ ಹೊದಿಕೆ ಲೋಹ ಮುಂತಾದವುಗಳಿಂದ ಮಾಡಿರುತ್ತಾರೆ || te: అంతఃపురంలో సేవలు చేస్తూ ఉండేవారు,form_similar,,,,
B001642,ಕಂದರ,కంకర,kaṁdara,kaṁkara,,kn: ನೆಲ/ಭೂಮಿ ಅಥವಾ ಬೆಟ್ಟದ ಕೆಳಗೆ ಅಥವಾ ಒಳಗೆ ವಿಸ್ತಾರವಾದ ಮತ್ತು ಖಾಲಿಯಾದ ಜಾಗ ಅದರಲ್ಲಿ ಪ್ರಾಯಶಃ ಪಶುಗಳು ಮುಂತಾದವು ಇರುತ್ತವೆ || te: చిన్న చిన్న రాళ్ళు,form_similar,,,,
B001643,ಕಂದರ,కందూర,kaṁdara,kaṁdūra,,kn: ನೆಲ/ಭೂಮಿ ಅಥವಾ ಬೆಟ್ಟದ ಕೆಳಗೆ ಅಥವಾ ಒಳಗೆ ವಿಸ್ತಾರವಾದ ಮತ್ತು ಖಾಲಿಯಾದ ಜಾಗ ಅದರಲ್ಲಿ ಪ್ರಾಯಶಃ ಪಶುಗಳು ಮುಂತಾದವು ಇರುತ್ತವೆ || te: చిక్కుడు జాతికి చెందిన తీగకు కాసే కాయలు ఇవి ఔషధాలలో ఉపయోగిస్తారు,form_similar,,,,
B001644,ಕಂದೀಲು,కందులు,kaṁdīlu,kaṁdulu,,kn: ಮೊಣ್ಣು ಆಭ್ರಣಗ ಕಾಗದ ಮುಂತಾದವುಗಳಿಂದ ಮಾಡಿದ ಆ ಲಾಂದ್ರದ ಮುತಿ ಮೇಲ್ಭಾದಲ್ಲಿ ಇರುವುದು || te: తినడానికి ఉపయోగించే ఒక ధాన్యం,form_similar,,,,
B001645,ಕಂದುಕ,కందువ,kaṁduka,kaṁduva,,"kn: ಬಟ್ಟೆ, ತೊಗಲು/ತೊಗಟೆ/ಚರ್ಮ ಮೊದಲಾದವುಗಳ ಆ ಗುಂಡು ಅದರಿಂದ ಆಟವಾಡುತ್ತಾರೆ || te: ప్రియునికి చెప్పిన ప్రదేశం",form_similar,,,,
B001646,ಕಂಪನ,కల్పన,kaṁpana,kalpana,,kn: ನಡುಗುವ ಕ್ರಿಯೆ ಅಥವಾ ಭಾವನೆ || te: చూడని లేదా వినని మాటలను చూచినట్టు మనసులో అనుకోవడం,form_similar,,,,
B001647,ಕಂಪಿನ,కప్పిన,kaṁpina,kappina,,kn: ಸುವಾಸನೆ ಅಥವಾ ಸುಗಂಧವನ್ನು ಬೀರುವ ಗುಣ || te: ఎవరికీ కనిపించకుండా చేయటం,form_similar,,,,
B001648,ಕಂಬನಿ,కంబళి,kaṁbani,kaṁbaḷi,,kn: ಅತಿ ದುಃಖವಾದಾಗ ಅಥವಾ ಅತಿ ಸಂತೋಷವಾದಾಗ ಕಣ್ಣಿನಿಂದ ಬರುವ ನೀರು || te: ఉన్నితో తయారు చేసిన దుప్పటి,form_similar,,,,
B001649,ಕಂಬಳ,కంబళి,kaṁbaḷa,kaṁbaḷi,,kn: ಕೆಲಸಗಾರರಿಗೆ ಸಿಗುವ ಪರಿಶ್ರಮದ ಫಲ || te: ఉన్నితో తయారు చేసిన దుప్పటి,form_similar,,,,
B001650,ಕಂಬಳಿ,కందళి,kaṁbaḷi,kaṁdaḷi,,kn: ಉಣ್ಣೆಯಿಂದ ಮಾಡಿದಂತಹ ಭಾರವಾದ ಬಟ್ಟೆ ಅದನ್ನು ಹೊದ್ದಿಕೊಳ್ಳಲು ಉಪಯೋಗಿಸುತ್ತಾರೆ || te: చిరుత తర్వాత వేగంగా పరిగెత్తే జంతువు,form_similar,,,,
B001651,ಕಂಸಾಲೆ,కంసాలి,kaṁsāle,kaṁsāli,,"kn: ಕಂಚಿನಿಂದ ಮಾಡಿದ ಚಪ್ಪಟೆಯಾದ, ಗೋಲಾಕಾರದ ಒಂದು ಜತೆವಾದ್ಯ ಅದನ್ನು ಪೂಜೆ ಮಾಡುವ ಸಮಯದಲ್ಲಿ ಬಾರಿಸಲಾಗುತ್ತದೆ || te: అతడు లోహాలను మలచటం లేదా గింజలు మొదలైనవాటిని దారంలో కూర్చెపని చేస్తారు",form_similar,,,,
B001652,ಕಟ್ಟಿದ,కట్టిన,kaṭṭida,kaṭṭina,,kn: ಯಾವುದೇ ವಸ್ತು ಸಂಗತಿಗಳು ಪೂರ್ಣವಾಗಿ ರಚನೆಗೊಂಡಿರುವ || te: పూలను దారంతో చేసే పని,form_similar,,,,
B001653,ಕನ್ನಡಿ,కన్నడ,kannaḍi,kannaḍa,,kn: ಆ ದರ್ಪಣ/ಕನ್ನಡಿಯಲ್ಲಿ ಮುಖ ಎಲ್ಲವೂ ಕಾಣಿಸುತ್ತದೆ || te: కన్నడతో సంబంధించిన,form_similar,,,,
B001654,ಕಪಾಲ,కపాలం,kapāla,kapālaṁ,,kn: ಬಾಯಿಯ ಎರಡು ಕಡೆಯ ಎಲುಬು/ಮೂಳೆಗಳು ಮತ್ತು ಕಿವಿ ಮತ್ತು ಕಣ್ಣುಗಳ ನಡುವಿನ ಕೋಮಲವಾದ ಭಾಗ || te: తల యముకల భాగం.,form_similar,,,,
B001655,ಕಪ್ಪುರ,కప్పర,kappura,kappara,,"kn: ಬಿಳಿ ಬಣ್ಣದ, ಒಂದು ಸುಗಂಧ ಪದಾರ್ಥ || te: మట్టి, ఇటుక లేదా ఇనుముతో తయారుచేసిన దానిపై పాత్ర పెట్టి బోజనము తయారుచేసేది",form_similar,,,,
B001656,ಕರನಿ,కరని.,karani,karani.,,kn: ಭವನ ಅಥವಾ ಮನೆಗಳ ನಿರ್ಮಾಣದ ಕೆಲಸದಲ್ಲಿ ಉಪಯೋಗಿಸುವ ಒಂದು ಉಪಕರಣ ಅದರಿಂದ ಗೋಡೆಯ ಮೇಲೆ ಗಾರೆಯನ್ನು ಮೆತ್ತುತ್ತಾರೆ || te: మేస్త్రీ గోడపైన పూత పూయడానికి ఉపయోగపడే ఉపకరణం,form_similar,,,,
B001657,ಕರಾರು,ఖరారు,karāru,kharāru,,kn: ನಿರ್ದಿಷ್ಟ ನಿಯಮಾವಳಿಗಳಿಗೆ ಸಹಮತ ಸೂಚಿಸುವುದು || te: మంచి చెడులను గుర్తించి ఏది సరైనది ఏదికాదు అనేది ఖచ్చితంగా చేసే క్రియ.,form_similar,,,,
B001658,ಕರ್ಷಣ,కరణ,karṣaṇa,karaṇa,,kn: ಎಳೆಯುವ ಕ್ರಿಯೆ || te: తెల్ల పూలు పూచే ఒక మొక్క,form_similar,,,,
B001659,ಕಲ್ಯಾಣ,కల్యాణీ,kalyāṇa,kalyāṇī,,kn: ಯಾವುದೇ ಕೆಲಸ ಕಾರ್ಯದಿಂದ ಒಳ್ಳೆಯದಾಗುವುದು || te: ప్రయాగ దేవతలలో ఒక దేవి,form_similar,,,,
B001660,ಕಾಂಗ್ರಸ್,కాంగ్రెస్,kāṁgras,kāṁgres,,kn: ಯಾರೋ ಒಬ್ಬರು ಕಾಂಗ್ರಸ್ ಸರ್ಕಾರದಲ್ಲಿ ಇರುವರು ಅಥವಾ ಕಾಂಗ್ರಸ್ ನನ್ನು ಸಮರ್ಥಿಸುವವರು || te: భారతదేశం ఒక రాజనీతి సమూహం,form_similar,,,,
B001661,ಕಾಂಗ್ರೇಸ್,కాంగ్రెస్,kāṁgrēs,kāṁgres,,kn: ಅಮೇರಿಕಾದ ರಾಜಸಭೆ || te: భారతదేశం ఒక రాజనీతి సమూహం,form_similar,,,,
B001662,ಕಾರಕ,కారకం,kāraka,kārakaṁ,,kn: ಯಾವುದನ್ನು ನಿಯತವಾಗಿ ಮತ್ತು ನಿರುಪಾಯವಾಗಿ ಅನುಸರಿಸಿ ಕಾರ್ಯ ಅಥವಾ ಘಟನೆಯೊಂದು ಬರುತ್ತದೆಯೋ ಆ ಸಂಗತಿ ಅಥವಾ ಸ್ಥಿತಿ || te: వ్యాకరణంలో సంజ్ఞా సర్వనామాలు మొదలగు వాటి ద్వారా వాక్యం రాయబడేది,form_similar,,,,
B001663,ಕಾರ್ಯಕುಶಲತೆ,కార్య_కుశలత,kāryakuśalate,kārya_kuśalata,,kn: ಒಳ್ಳೆಯ ಕೆಲಸಗಳನ್ನು ಮಾಡುವುದಕ್ಕೆ ಬೇಕಾಗುವ ಯುಕ್ತಿ || te: కార్యము నిర్వహించగల సామర్ధ్యము.,form_similar,,,,
B001664,ಕಾರ್ಯನಿರ್ವಾಹಕ,కార్యనిర్వహణ,kāryanirvāhaka,kāryanirvahaṇa,,"kn: ಯಾರೋ ಒಬ್ಬರು ರಾಜ್ಯ, ರಾಜಕರಣ ಮುಂತಾದವುಗಳನ್ನು ನೋಡಿಕೊಳ್ಳುವರು || te: పనులను జరిపించుట",form_similar,,,,
B001665,ಕಾಶ್ಮೀರ,కాశ్మీరి,kāśmīra,kāśmīri,,kn: ಭಾರತದ ಉತ್ತರ ಪಶ್ಚಿಮಕ್ಕೆ ಇರುವ ಒಂದು ಬೆಟ್ಟಗುಡ್ಡಗಳ ಪ್ರಾಕೃತಿಕವಾಗಿ ಸುಂದರವಾದ ರಾಜ್ಯ || te: కాశ్మీర్ లో మాట్లాడే భాష,form_similar,,,,
B001666,ಕಾಶ್ಮೀರ,కాశ్మీరీ,kāśmīra,kāśmīrī,,kn: ಭಾರತದ ಉತ್ತರ ಪಶ್ಚಿಮಕ್ಕೆ ಇರುವ ಒಂದು ಬೆಟ್ಟಗುಡ್ಡಗಳ ಪ್ರಾಕೃತಿಕವಾಗಿ ಸುಂದರವಾದ ರಾಜ್ಯ || te: కాశ్మీర్ లో నివసించే వారు,form_similar,,,,
B001667,ಕಾಶ್ಮೀರಿ,కాశ్మీరీ,kāśmīri,kāśmīrī,,kn: ಕಾಶ್ಮೀರ ರಾಜ್ಯಕ್ಕೆ ಸಂಬಂಧಿಸಿದ ಯಾವುದೇ ವ್ಯಕ್ತಿ ವಸ್ತು ಅಥವಾ ಸಂಗತಿಗೆ ಸಂಬಂಧಿಸಿದ್ದು || te: కాశ్మీర్ లో నివసించే వారు,form_similar,,,,
B001668,ಕಾಶ್ಮೀರಿ,కాశ్మీర్,kāśmīri,kāśmīr,,"kn: ಕಾಶ್ಮೀರ ರಾಜ್ಯಕ್ಕೆ ಸಂಬಂಧಿಸಿದ ಯಾವುದೇ ವ್ಯಕ್ತಿ ವಸ್ತು ಅಥವಾ ಸಂಗತಿಗೆ ಸಂಬಂಧಿಸಿದ್ದು || te: భారతదేశానికి తలలాగా ఉన్న రాష్ట్రం, కాలాన్నిబట్టి రాజధానిని మార్చుకునే సుందరమైన రాష్ట్రం.",form_similar,,,,
B001669,ಕಾಶ್ಮೀರೀ,కాశ్మీరి,kāśmīrī,kāśmīri,,kn: ಕಾಶ್ಮೀರ ರಾಜ್ಯದಲ್ಲಿ ವಾಸಿಸುವ ವ್ಯಕ್ತಿ || te: కాశ్మీర్ లో మాట్లాడే భాష,form_similar,,,,
B001670,ಕಾಶ್ಮೀರೀ,కాశ్మీర్,kāśmīrī,kāśmīr,,"kn: ಕಾಶ್ಮೀರ ರಾಜ್ಯದಲ್ಲಿ ವಾಸಿಸುವ ವ್ಯಕ್ತಿ || te: భారతదేశానికి తలలాగా ఉన్న రాష్ట్రం, కాలాన్నిబట్టి రాజధానిని మార్చుకునే సుందరమైన రాష్ట్రం.",form_similar,,,,
B001671,ಕಿಂಕರ,కంకర,kiṁkara,kaṁkara,,"kn: ಸಾಮಾನ್ಯವಾಗಿ ಬಾಗಿಲು ಕಾಯುವ ಅಥವಾ ಯಜಮಾನ ಅಥವಾ  ಅಧಿಕಾರಿಯ ಸೇವೆಗೆ ಸಿದ್ಧವಿರುವವ ಅಥವಾ ಅಧಿಕಾರ, ಐಶ್ವರ್ಯ, ಅಂತಸ್ತು ಮೊದಲಾದವುಗಳಲ್ಲಿ ಮೇಲ್ಪಟ್ಟದವರಿಗೆ ತೊತ್ತಿನಂತೆ ನಡೆದುಕೊಳ್ಳುವವ || te: చిన్న చిన్న రాళ్ళు",form_similar,,,,
B001672,ಕುಂಡಲಿ,కుండలు,kuṁḍali,kuṁḍalu,,kn: ನಾಲ್ಕು ಕಾಲಿನ ಒಂದು ಸಸ್ಯಹಾರಿ ಅದು ಬಯಲಿನಲ್ಲಿ/ಮೈದಾನದಲ್ಲಿ ಮತ್ತು ಕಾಡಿನಲ್ಲಿ ಇರುತ್ತದೆ || te: మట్టితో తయారు చేసిన వంటపాత్రలు,form_similar,,,,
B001673,ಕುಮಾರಿ,కుమారి.,kumāri,kumāri.,,kn: ಇನ್ನೂ ವಿವಾಹವಾಗಬೇಕಿರುವ ಮಹಿಳೆ ಅಥವಾ ಲಗ್ನವಾಗದ ಮಹಿಳೆ || te: యుక్త వయస్సులోకి అడుగు పెట్టిన అమ్మాయి,form_similar,,,,
B001674,ಕುಮುದ,కుముదం,kumuda,kumudaṁ,,kn: ಬಿಳಿಯ ಬಣ್ಣದ ಕಮಲದ ಗಿಡ || te: కొలనులో పుష్పించే పువ్వు.,form_similar,,,,
B001675,ಕೃತ್ಯ,కృత్యం,kr̥tya,kr̥tyaṁ,,kn: ಮಾಡಲಾಗುವ ಕ್ರಿಯೆ || te: వాక్యంలో పనిని గురించి వివరించు భాగం.,form_similar,,,,
B001676,ಕೆಲಸ.,కెలస,kelasa.,kelasa,,"kn: ಯಾವುದೋ ಒಂದು ಹುದ್ದೆಗೆ ಇನ್ನೂ ಯಾರನ್ನು ಸೇರಿಸಿಕೊಂಡಿಲ್ಲ || te: ఉద్యోగం, సేవ జీవితం మొదలైనవాటికోసం చేసే క్రియ",form_similar,,,,
B001677,ಕೇವಲ,కేవలం,kēvala,kēvalaṁ,,kn: ಬೇರೇನೂ ಅಲ್ಲದ ಯಾವುದೋ ಒಂದು ವಿಷಯ ಅಥವಾ ಒಂದು ಸಂಗತಿಗೆ ಸಂಬಂಧಿಸಿರುವ || te: అత్యంత సూక్ష్మమైన దాని గురించి మాట్లాడే మాట,form_similar,,,,
B001678,ಕೊಂಕಣ್,కొంకణి,koṁkaṇ,koṁkaṇi,,kn: ಮಹಾರಾಷ್ಟ್ರದ ಸೈಯಾರ್ದ್ರಿಯ ಪಶ್ಚಿಮ ಭಾಗ ಅಥವಾ ಆ ಪ್ರದೇಶ || te: కొంకణీ భాషలో రాయబడిన,form_similar,,,,
B001679,ಕೊಂಡಲು,కాండలు,koṁḍalu,kāṁḍalu,,kn: ಕಿವಿಯಲ್ಲಿ ಧರಿಸಬಹುದಾದ  ದುಂಡಾಗಿರುವ ದೊಡ್ಡ ಓಲೆ || te: ఒక విషయం యొక్క విభాగాలు,form_similar,,,,
B001680,ಕೊಂಡಲು,కుండలు,koṁḍalu,kuṁḍalu,,kn: ಕಿವಿಯಲ್ಲಿ ಧರಿಸಬಹುದಾದ  ದುಂಡಾಗಿರುವ ದೊಡ್ಡ ಓಲೆ || te: మట్టితో తయారు చేసిన వంటపాత్రలు,form_similar,,,,
B001681,ಕೊಳಾಯಿ,కొళాయి.,koḷāyi,koḷāyi.,,"kn: ಪಟ್ಟಣಗಳಲ್ಲಿ ಮನೆ-ಮನೆಗೆ ಸ್ನಾನಮಾಡಲು-ಬಟ್ಟೆ ಒಗೆಯಲು, ಕುಡಿಯಲು ಮೊದಲಾದವುಗಳಿಗೆ ಲೋಹದ ನಲ್ಲಿಗಳಲ್ಲಿ ನೀರು ಬರುತ್ತದೆ || te: భూమిలోకి గొట్టాలు నియమించి పైభాగములో చేయి ఆడించడము వలన నీరు వస్తుంది.",form_similar,,,,
B001682,ಕೋದಂಡ,కోదండి,kōdaṁḍa,kōdaṁḍi,,"kn: ಬಿದಿರು ಅಥವಾ ಲೋಹದ ಕಡ್ಡಿಯನ್ನು ಸ್ವಲ್ಪ ಬಗ್ಗಿಸಿ ಅದರ ಎರಡು ತುದಿಗೆ ದಾರವನ್ನು ಕಟ್ಟಿ ಮಾಡಿರುವ ಒಂದು ಅಸ್ತ್ರ, ಅದರಿಂದ ಬಾಣವನ್ನು ಬಿಡುವರು || te: వేటాడేవాడు",form_similar,,,,
B001683,ಕೌಮಾರಿ,కుమారి,kaumāri,kumāri,,kn: ಶಿವನ ಹೆಂಡತಿ || te: పెళ్ళి కాని స్త్రీ.,form_similar,,,,
B001684,ಕೌಶಿಕ,కౌశికి,kauśika,kauśiki,,kn: ಭೂಮಿಯ ಸುತ್ತಾ ಸುತ್ತುವ ಒಂದು ಗ್ರಹ || te: శివుడి యొక్క భార్య,form_similar,,,,
B001685,ಕ್ರಮಾನುಸರಣೆ,క్రమానుసరణ.,kramānusaraṇe,kramānusaraṇa.,,kn: ಕ್ರಮಾನುಗತವಾಗಿ ಇರುವಂತಹ ಅವಸ್ಥೆ || te: సూచనలను అనుసరించువాడు,form_similar,,,,
B001686,ಕ್ರೋಧ,క్రోధం,krōdha,krōdhaṁ,,kn: ಕೋಪ ತುಂಬಿದ ನೋಟ || te: నచ్చని పని చేసినప్పుడు కలిగే భావన.,form_similar,,,,
B001687,ಗಂಡಸು,గండము,gaṁḍasu,gaṁḍamu,,kn: ನರ ಜಾತಿಯ ಮನುಷ್ಯ || te: దున్న ఆకారంలో ఉండే అడవి జంతువు దాని ముక్కు పైన కొమ్ము ఉంటుంది,form_similar,,,,
B001688,ಗಂಡಾಡು,గండారు,gaṁḍāḍu,gaṁḍāru,,"kn: ಮಾಂಸಹಾರಕ್ಕಾಗಿ ಸಾಕುವ ಆಡಿನ ಕುಲದ ಗಂಡು ಪ್ರಾಣಿ || te: అపరాధులను, ఖైదీలను బంధించి ఉంచే ప్రదేశం",form_similar,,,,
B001689,ಗಟ್ಟಿಗ,గట్టిగా,gaṭṭiga,gaṭṭigā,,kn: ಮಾನಸಿಕವಾಗಿ ಮತ್ತು ದೈಹಿಕವಾಗಿ ಹೆಚ್ಚು ಸಾಮರ್ಥ್ಯ ಇರುವವ || te: దృఢత్వంతో కూడిన.,form_similar,,,,
B001690,ಗಮನ,గమనం,gamana,gamanaṁ,,"kn: ಮನುಷ್ಯನಲ್ಲಿ ತಾನೇನು ಮಾಡಬೇಕು, ಯಾವುದನ್ನು ಮಾಡಬಾರದು ಮುಂತಾದವುಗಳನ್ನು ನಿರ್ದೇಶಿಸುವ ಒಂದು ಅಗೋಚರವಾದ ಶಕ್ತಿ ಅಥವಾ ಭಾವ || te: ఒక చోటి నుంచి మరొక చోటికి ప్రయాణం చేయడం",form_similar,,,,
B001691,ಗಿರಿಜ,గిరిజ.,girija,girija.,,kn: ಶಿವನ ಹೆಂಡತಿ || te: నవదుర్గలలో హిమాలయ పర్వత పుత్రునిగా నమ్మే ఒక దుర్గ,form_similar,,,,
B001692,ಗುಡಾರ,గుడారం,guḍāra,guḍāraṁ,,"kn: ಬಟ್ಟೆ, ಗೋಣಿತಾಟ್ಟು, ಮುಂತಾದವುಗಳಿಂದ ಮಾಡಿದ ಹೊದಕೆಯನ್ನು ಹಗ್ಗದ ಸಹಾಯದಿಂದ ಗಟ್ಟಿಯಾಗಿ ಬಿಗಿದಿದ್ದಾರೆ || te: యాత్రికులు వేసుకునే స్థావరములు",form_similar,,,,
B001693,ಗುಮಾಸ್ತ,గుమాస్తా,gumāsta,gumāstā,,"kn: ಲೆಕ್ಕಪತ್ರ, ಆಯವ್ಯಯ ಮುಂತಾದ ಹಣಕಾಸು ಸಂಬಂಧಿತ ದಾಖಲೆಗಳನ್ನು ನೋಡಿಕೊಳ್ಳುವ ಕೆಲಸಗಾರ || te: న్యాయాలయంలో అధికారి ముందు కూర్చొని పత్రాలను అధికారి ముందుంచే క్రియ",form_similar,,,,
B001694,ಗೃಹಸ್ಥಾಶ್ರಮ,గృహస్థాశ్రం,gr̥hasthāśrama,gr̥hasthāśraṁ,,kn: ನಾಲ್ಕು ಆಶ್ರಮದಲ್ಲಿ ಎರಡನೇ ಆಶ್ರಮ ಇದರಲ್ಲಿ ಜನರು ಮದುವೆಯಾಗಿ ಮನೆಯ ಜವಾಬ್ದಾರಿಗಳನ್ನು ವಹಿಸಿಕೊಳ್ಳುತ್ತಾರೆ || te: చతుర్విధ ధర్మాలలో ఒకటి,form_similar,,,,
B001695,ಗೃಹಸ್ಥಾಶ್ರಮಿ,గృహస్థాశ్రం,gr̥hasthāśrami,gr̥hasthāśraṁ,,kn: ಗೃಹಸ್ಥಾಶ್ರಮದಲ್ಲಿ ಇರುವ ವ್ಯಕ್ತಿ || te: చతుర్విధ ధర్మాలలో ఒకటి,form_similar,,,,
B001696,ಗೋಕುಲ,గోకులం,gōkula,gōkulaṁ,,kn: ಮಥುರಾದ ದಕ್ಷಿಣ-ಪೂರ್ವದಲ್ಲಿರುವ ಒಂದು ಪ್ರಾಚೀನ ಹಳ್ಳಿ ಇಲ್ಲಿ ಬಾಲ ಕೃಷ್ಣನ ಪಾಲನೆ-ಪೋಷಣೆಯು ನಡೆದಿತ್ತು || te: ఆవుల సమూహం,form_similar,,,,
B001697,ಗೋಡೌನ,గోడౌను,gōḍauna,gōḍaunu,,"kn: ವಸ್ತು, ಸಾಮಗ್ರಿ, ಸಾಮಾನುಗಳನ್ನು ಇಡುವ ಕೊಠಡಿ || te: పప్పు దినుసులను కొనడం, అమ్మడం జరుగు ప్రదేశము",form_similar,,,,
B001698,ಗೋಪುರ,గోపురం,gōpura,gōpuraṁ,,kn: ಯಾವುದರ ಮೇಲ್ಭಾಗಲ್ಲಿ ಗೋಪುರವಿರುವುದೋ || te: దేవాలయం పైన వుండే భాగం .,form_similar,,,,
B001699,ಗೌತಮ,గౌతమి,gautama,gautami,,kn: ನ್ಯಾಯಶಾಸ್ತ್ರದ ಆಚಾರ್ಯ ಒಬ್ಬ ಪ್ರಸಿದ್ಧ ಋಷಿ || te: గౌతమ ఋషి భార్య,form_similar,,,,
B001700,ಗೌತಮಿ,గౌతమ్,gautami,gautam,,kn: ದಕ್ಷಿಣ ಭಾರತದ ಒಂದು ಪ್ರಸಿದ್ಧ ನದಿ || te: న్యాయశాస్త్రాన్ని ఆచరించిన ఒక ప్రసిద్ధ ఋషి,form_similar,,,,
B001701,ಗ್ರಂಥ,గ్రంథి,graṁtha,graṁthi,,"kn: ಬರದಿರುವ ಅಥವಾ ಅಡಿಗಿರುವ ಬಹಳ ವಿಷಯಗಳು ಅದರಲ್ಲಿ ಬೇರೆಯ ವಿಷಯಗಳ ವಿಚಾರ, ವಿವೇಚನೆ ಮೊದಲಾದವು ಅಡಕವಾಗಿರುತ್ತವೆ || te: శరీరములోపల ఏర్పడు ఏదైనా పుండు",form_similar,,,,
B001702,ಗ್ರಾಮಪಂಚಾಯತ್,గ్రామపంచాయితి,grāmapaṁcāyat,grāmapaṁcāyiti,,"kn: ಗ್ರಾಮದಿಂದ ಚುನಾಯಿಸಿದ ಪ್ರತಿನಿಧಿಗಳ ಪಂಚಾಯಿತಿ ಅಥವಾ ಪರಿಷತ್ || te: వివాదములు, గొడవలు రూపుమాపుటకు ఎన్నుకొనే ప్రజల గుంపు",form_similar,,,,
B001703,ಗ್ರಾಮೀಣ,గ్రామీయ,grāmīṇa,grāmīya,,kn: ಹಳ್ಳಿಯಲ್ಲಿ ವಾಸ ಮಾಡುವವ || te: పల్లెకు సంబంధించిన,form_similar,,,,
B001704,ಘಟಕ,ఘటణ,ghaṭaka,ghaṭaṇa,,"kn: ಒಂದೇ ಬಗೆಯ ಪರಮಾಣುಗಳಿಂದಾದ, ರಾಸಾಯನಿಕವಾಗಿ ಇನ್ನೂ ಸರಳ ವಸ್ತುಗಳಾಗಿ ಒಡೆಯಲು ಸಾದ್ಯವಿಲ್ಲದ ಸುಮಾರು 100 ಕ್ಕಿಂತಲೂ ಹೆಚ್ಚಿರುವ ಸ್ವಾಭಾವಿಕ ಅಥವಾ ಕೃತಕ ಪದಾರ್ಥಗಳಲ್ಲಿ ಯಾವುದೇ ಪದಾರ್ಥ || te: ఏదో ఒక సమయంలో జరిగినది",form_similar,,,,
B001705,ಚಂಡಾಲ,చండాలి,caṁḍāla,caṁḍāli,,kn: ಪತಿತ ಮನುಷ್ಯ (ಕೆಟ್ಟ) || te: దుష్టురాలు,form_similar,,,,
B001706,ಚಂದನ,చందనీ,caṁdana,caṁdanī,,kn: ಒಂದು ಮರದ ಪ್ರತಿಯೊಂದು ಕೊಂಬೆಯು ಸುಗಂಧದಿಂದ ಕೂಡಿರುವುದು || te: చందన్ కు సంబంధించిన,form_similar,,,,
B001707,ಚರಣ,చర్వణ,caraṇa,carvaṇa,,kn: ಉರ್ದು  ಪದ್ಯದ ಎರಡು ಸಾಲು || te: ఆహరపదార్థాల పైన వాలే ఎగిరే చిన్నకీటకం.,form_similar,,,,
B001708,ಚಿಂತಕ,చింతన,ciṁtaka,ciṁtana,,kn: ಅಪಾರವಾದ ತಿಳುವಳಿಕೆಯಿಂದ ಯೋಚಿಸುವವ ಅಥವಾ ಅಪಾರ ತಿಳುವಳಿಕೆಯಿಂದ ಯಾವುದೇ ಸಂಗತಿಯನ್ನು ವಿವರಿಸುವವ || te: యోచించేటటువంటి భావన.,form_similar,,,,
B001709,ಚಿತ್ತಾ_ನಕ್ಷತ್ರ,చిత్తానక్షత్రం,cittā_nakṣatra,cittānakṣatraṁ,,kn: ಚಂದ್ರನು ಚಿತ್ತಾ ನಕ್ಷತ್ರಕ್ಕೆ ಬಂದತಹ ಸಮಯ || te: ఇరవై ఏడు నక్షత్రాలలో ఒకటి,form_similar,,,,
B001710,ಚಿತ್ರಿತ,చిత్రిక,citrita,citrika,,"kn: ಯಾವುದಾದರೂ ಸಂದರ್ಭದ, ವಿಷಯದ ಇತ್ಯಾದಿಗಳ ವರ್ಣನೆ ಮಾಡಿರುವುದು || te: వడ్రంగి నునుపు చేయడానికి ఉపయోగించే పనిముట్టు",form_similar,,,,
B001711,ಛತ್ರ,ఛత్రం,chatra,chatraṁ,,kn: ಯಾತ್ರಿಗಳು ಉಳಿದುಕೊಳ್ಳುವುದಕ್ಕಾಗಿ ಧರ್ಮಾತ್ರವಾಗಿ ಮಾಡಿರುವಂತಹ ಮನೆ || te: వర్షానికి రక్షణగా ఉండేది,form_similar,,,,
B001712,ಛತ್ರಿ,ఛత్రి.,chatri,chatri.,,kn: ಚಿಕ್ಕ ಆಕಾರದ ಛತ್ರಿ || te: వర్షం పడినపుడు సాధారణంగా ఉపయోగించేది,form_similar,,,,
B001713,ಜಂತುಳು,జంతువు,jaṁtuḷu,jaṁtuvu,,"kn: ಒಂದು ಚಿಕ್ಕ, ವಿನಾಶಕಾರಿ, ನಯವಾದ ಒಂದು ಕ್ರಿಮಿ, ಸಾಧಾರವಾಗಿ ಅತಿಕ್ರಮಣದ ಕಾರಣ ಹೊಟ್ಟೆಯಲ್ಲಿರುತ್ತವೆ || te: నాలుగు కాళ్ళు కలిగిన ప్రాణి.",form_similar,,,,
B001714,ಜನ್ನಲು,జొన్నలు,jannalu,jonnalu,,kn: ಗಾಳಿ ಬೆಳಕು ಬರಲು ಮನೆ ಅಥವಾ ಕಟ್ಟಡದ ಗೋಡೆಯಲ್ಲಿ ಮಾಡಿರುವ ಕಿರು ದ್ವಾರ || te: ఒక రకమైన మొక్కలు దీనిలో రాగులు లాంటివి,form_similar,,,,
B001715,ಜನ್ಮ_ಸ್ಥಾನ,జన్మ_స్థానము,janma_sthāna,janma_sthānamu,,kn: ಯಾರೋ ಒಬ್ಬರು ಹುಟ್ಟಿದ ಸ್ಥಾನದಲ್ಲಿ ಜನ್ಮಸಿರುವರು || te: ఏ స్థానములో ఐతే పుట్టి ఉంటారో.,form_similar,,,,
B001716,ಜಲಜ,జలజం,jalaja,jalajaṁ,,kn: ನೀರಿನಲ್ಲಿ ಬೆಳೆಯುವಂತಹ ಒಂದು ಗಿಡದ ಪುಷ್ಪ ಅದು ತುಂಬಾ ಸುಂದರವಾಗಿರುತ್ತದೆ || te: శ్రీకృష్ణుడు,form_similar,,,,
B001717,ಜಲದ,జలదం,jalada,jaladaṁ,,kn: ನೀರನಲ್ಲಿ ಉತ್ಪನ್ನವಾಗುವ || te: భూమిలో ఉన్న నీటిని ఆవిరి రూపంలో గ్రహించి ఘన రూపంలో ఏర్పడిన ఒక రూపం,form_similar,,,,
B001718,ಜಾಗೃತ,జాగృతి,jāgr̥ta,jāgr̥ti,,kn: ಸದಾ ಜಾಗರೂಕತೆಯಿಂದಿರುವುದು || te: మేలుకొను స్థితి.,form_similar,,,,
B001719,ಜೀಮೂತ,జీమూతం,jīmūta,jīmūtaṁ,,kn: ಯಾರು ದಾನಿಯಲ್ಲವೋ ಅಥವಾ ದಾನ ನೀಡುವುದಿಲ್ಲವೋ || te: భూమి మీద రాళ్ళతో నిండిన ఎతైన ప్రదేశం,form_similar,,,,
B001720,ಜೀವನ_ಚರಿತೆ,జీవన_చరిత్ర,jīvana_carite,jīvana_caritra,,kn: ಜೀವನದಲ್ಲಿ ಮಾಡುವಂತಹ ಆಚರಣೆ ಅಥವಾ ಕಾರ್ಯ || te: బ్రతుకు చిత్రం,form_similar,,,,
B001721,ಜೀವಾತ್ಮಾ,జీవాత్మ,jīvātmā,jīvātma,,kn: ಆತ್ಮ ಕೂಡ ಸಂಸಾರದಲ್ಲಿ ಲಿಪ್ತವಾಗಿರುತ್ತದೆ || te: మనస్సులో ఙ్ఞాపకాల ఙ్ఞానాన్ని కలిగించే శక్తి,form_similar,,,,
B001722,ಜೇಷ್ಠನಕ್ಷತ್ರ,జేష్టనక్షత్రం,jēṣṭhanakṣatra,jēṣṭanakṣatraṁ,,kn: ಎಪ್ಪತ್ತೇಳು ನಕ್ಷತ್ರಗಳಲ್ಲಿ ಹದಿನೆಂಟನೇ ನಕ್ಷತ್ರ || te: చంద్రోదయం జేష్ట నక్షత్రకాలంలో జరిగిన సమయం,form_similar,,,,
B001723,ಟಕ್_ಟಕ್,టక్‍టక్,ṭak_ṭak,ṭakṭak,,kn: ಕುದುರೆಯು ಬೆಳೆ ಇರುವ ಜಮೀನಿನಲ್ಲಿ ಓಡುವಾಗ ಉಂಟಾಗಬಹುದಾದ ಶಬ್ಧ || te: వాకిలిని కొట్టుట వల్ల లేదా రాళ్లను కొట్టుట వల్ల ఉత్పన్నమయ్యే శబ్దం,form_similar,,,,
B001724,ಟಿಕ್_ಟಿಕ್,టిక్‍టిక్,ṭik_ṭik,ṭikṭik,,kn: ಗಡಿಯಾರ ಚಲಿಸುವ ಸಂದರ್ಭದಲ್ಲಿ ಉತ್ಪನ್ನವಾಗುವ ಶಬ್ದ || te: గుర్రాల గిట్టల నుంచి వచ్చు శబ్ధము,form_similar,,,,
B001725,ಡಾಕ್ಟರ್,డాక్టర్.,ḍākṭar,ḍākṭar.,,kn: ಆ ವ್ಯಕ್ತಿ ರೋಗಿಗಳ ಚಿಕಿತ್ಸೆಯನ್ನು ಮಾಡುತ್ತಾನೆ || te: ఆసుపత్రిలో రోగులకు రోగాలను నయం చేసే స్త్రీ,form_similar,,,,
B001726,ತತ್ತ್ವ,తత్త్వం,tattva,tattvaṁ,,kn: ಋಷಿ ಮೊದಲಾದವುಗಳ ಆದರಣೀಯ ಉಪದೇಶ || te: సృష్టికి మూలం,form_similar,,,,
B001727,ತನಿಖೆ,తనిఖీ,tanikhe,tanikhī,,kn: ಯಾವುದಾದರು ಘಟನೆಯ ಮೂಲ ಕಾರಣ ಅಥವಾ ರಹಸ್ಯಗಳ ಬಗ್ಗೆ ಪತ್ತೇ ಮಾಡುವುದು || te: నిర్ణీత భాగంలోని అన్ని విషయాలు సరిగ్గా ఉన్నాయా లేవా అని  పట్టిపట్టి చూచుట.,form_similar,,,,
B001728,ತನ್ಮಯ,తనయ,tanmaya,tanaya,,kn: ಯಾರೋ ಒಬ್ಬರ ಮನಸ್ಸು ಅಥವಾ ದ್ಯಾನ ಯಾವುದೋ ಒಂದನ್ನು ಕೇಂದ್ರಿಕರಿಸಿರುವ ಅಥವಾ ಬಹಳಷ್ಟು ಪ್ರಯತ್ನದಿಂದ ಯಾವುದೋ ಒಂದು ಕೆಲಸ ಅಥವಾ ಮಾತಿನಲ್ಲಿ ತಲ್ಲೀನನಾಗಿರುವ || te: స్త్రీ సంతానం,form_similar,,,,
B001729,ತಪಸಿ,తపస్వి,tapasi,tapasvi,,kn: ತಪಸ್ಸನ್ನು ಮಾಡುವ ವ್ಯಕ್ತಿ || te: సంసార మోహాన్ని వదలి ధార్మిక జీవితాన్ని ఆశించేవాడు.,form_similar,,,,
B001730,ತಮಸ್ಸು,తపస్సు,tamassu,tapassu,,kn: ಬೆಳಕಿನ ಅಭಾವ || te: అభ్యాసన చేసుకోవటం,form_similar,,,,
B001731,ತಾಕತ್ತು,తాయత్తు,tākattu,tāyattu,,kn: ಶರೀರದ ಶಕ್ತಿ || te: మణి మంత్రాని ప్రభావం కలిగి రక్షణగా ధరించే వస్తువు,form_similar,,,,
B001732,ತಾಯಮ್ಮ,తాతమ్మ,tāyamma,tātamma,,kn: ಜನ್ಮ ಪಡೆದ ಸ್ತ್ರೀ || te: ముత్తాత భార్య,form_similar,,,,
B001733,ತಾರಕ,తారకం,tāraka,tārakaṁ,,kn: ಶಿವನ ಮಗನಾದ ಕಾರ್ತಿಕೇಯನ ಕೈಯಿಂದ ಸಾಯಿಸಲ್ಪಟ್ಟಂತಹ ಒಬ್ಬ ಅಸುರ || te: ఆకాశంలో రాత్రిపూట ప్రకాశించేవి,form_similar,,,,
B001734,ತಿಮಿರ,తిమిరం,timira,timiraṁ,,kn: ನವೆ ಅಥವಾ ಕೆರೆತ ಉಂಟಾಗುವ ಸ್ಥಿತಿ ಅಥವಾ ಭಾವ || te: వెలుగు లేకపోవటం,form_similar,,,,
B001735,ತೀರ್ಥ,తీర్థం,tīrtha,tīrthaṁ,,"kn: ನಾಲ್ಕು ಮುಖ್ಯವಾದ ತೀರ್ಥಗಳು ಭಾರತದ ನಾಲ್ಕು ದಿಕ್ಕಿನಲ್ಲಿ ನೆಲೆಸಿವೆ || te: నదులల్లో, చెరువులల్లో, వర్షాలలనుండి వచ్చేవి",form_similar,,,,
B001736,ತೀವ್ರತೆ,తీవ్రత,tīvrate,tīvrata,,kn: ಭೂಕಂಪವಾದ ಪ್ರಮಾಣ || te: తీవ్రం అయేటటువంటి అవస్ధ.,form_similar,,,,
B001737,ತುರುಕು,తురుష్కు,turuku,turuṣku,,kn: ಒತ್ತಿ ತುಂಬುವ ಪ್ರಕ್ರಿಯೆ || te: టర్కీ దేశంలో మాట్లాడే భాష,form_similar,,,,
B001738,ತುಷಾರ,తుషారం,tuṣāra,tuṣāraṁ,,kn: ವಾತಾವರಣದಲ್ಲಿ ಸಿಗುವ ಆವಿಯ ಅತ್ಯಂತ ಸೂಕ್ಷ್ಮವಾದ ಅಣು ಚಳಿಯ ಕಾರಣದಿಂದ ಭೂಮಿಯ ಮೇಲೆ ಬಿಳಿಯ ಮೇಲ್ಮೈ ರೂಪದಲ್ಲಿ ಆವರಿಸಿಕೊಳ್ಳುತ್ತದೆ || te: శీతకాలంలో దట్టంగా వ్యాపించే గాలిలోని సూక్ష్మమైన జల కణం,form_similar,,,,
B001739,ತೆಲುಗು,-తెలుగు,telugu,-telugu,,"kn: ಆಂಧ್ರಪ್ರದೇಶದ ಅಥವಾ ಅಲ್ಲಿನ ನಿವಾಸಿ, ಭಾಷೆ, ಸಂಸ್ಕೃತಿ ಇತ್ಯಾದಿಗಳಿಗೆ ಸಂಬಂಧಿಸಿದ || te: -ఆంధ్రాలో మాట్లాడే భాష.",form_similar,,,,
B001740,ತೊಂದರೆ,తొందర,toṁdare,toṁdara,,kn: ಯಾವುದೇ ಕೆಲಸದಲ್ಲಿ ಬರುವ ಅಡ್ಡಿ ಆತಂಕಗಳು || te: శీఘ్రంగా ఉండే అవస్థ లేక భావన.,form_similar,,,,
B001741,ತ್ರಿಪುರ,త్రిపురా,tripura,tripurā,,kn: ಭಾರತ ದೇಶದ ಒಂದು ಚಿಕ್ಕ ರಾಜ್ಯ || te: ఒక దేవత,form_similar,,,,
B001742,ತ್ರಿಪುರಾ,త్రిపుర,tripurā,tripura,,kn: ಒಂದು ದೇವಿ || te: భారతదేశపు ఒక చిన్నని రాష్ట్రం,form_similar,,,,
B001743,ತ್ರಿಲೋಕ,త్రిలోకి,trilōka,trilōki,,"kn: ಸ್ವರ್ಗ, ಪೃಥ್ವಿ, ಮತ್ತು ಪಾತಾಳ - ಈ ಮೂರು ಲೋಕ || te: ధర్మగ్రంధం ప్రకారం సృష్టిని సృష్టించి తన అదుపాజ్ఞలలో పెట్టుకునేవాడు",form_similar,,,,
B001744,ತ್ರಿವೇದಿ,త్రివేణి,trivēdi,trivēṇi,,kn: ಬ್ರಾಹ್ಮಣರ ಒಂದು ಜಾತಿ || te: శివుని జఠాలం నుంచి భూమిపైకి వచ్చిన నది దీనిని చాలా పుణ్యనదిగా భావిస్తారు.,form_similar,,,,
B001745,ಥಳುಕು,తళుకు,thaḷuku,taḷuku,,kn: ಅಭಿಮಾನಪೂರ್ವಕವಾಗಿ ನೀವು ಒಯ್ಯಾರವನ್ನು ತೋರಿಸುವ ಕ್ರಿಯೆ ಅಥವಾ ಭಾವ || te: చాలా కాంతివంతంగా కనబడే మెరుపు,form_similar,,,,
B001746,ದಂಶನ,దండన,daṁśana,daṁḍana,,"kn: ಹಾವು, ಕೊಂಡಿ ಚೇಳು ಮುಂತಾದ ವಿಷ ಜಂತುಗಳು ಕಚ್ಚಿದರೆ ಅಥವಾ ಕಡಿದಾಗ ಆಗುವ ಗಾಯ || te: తప్పు చేసిన వారికి విధించేది",form_similar,,,,
B001747,ದಕ್ಷಿಣಾವರ್ತ,దక్షిణావర్తము,dakṣiṇāvarta,dakṣiṇāvartamu,,kn: ಆ ಶಂಖದ ಮುಖ ದಕ್ಷಿಣದ ಕಡೆಗೆ ತಿರುಗಿಕೊಂಡಿದೆ || te: కుడి వైపుగా  పరిభ్రమించుట.,form_similar,,,,
B001748,ದಕ್ಷಿಣೆ,దక్షిణ,dakṣiṇe,dakṣiṇa,,kn: ಆ ಧನ್ಯಗಳು ಬ್ರಹ್ಮಣ ಮುಂತಾದವರಿಗೆ ಶುಭಕಾರ್ಯ ಸಂದರ್ಭದಲ್ಲಿ ನೀಡಲಾಗುವುದು || te: మంగళకరమైన కార్యాలు చేయించడానికి పూజారికి ఇచ్చే ధనం,form_similar,,,,
B001749,ದರ್ಬಾರಿ,దర్బారు,darbāri,darbāru,,"kn: ದರ್ಬಾರಿನೊಂದಿಗೆ ಸಂಬಂಧವನ್ನು ಇಟ್ಟುಕೊಂಡಿರುವಂತಹ ವ್ಯಕ್ತಿ || te: రాజు, మంత్రి,  సైనికులు, భటులు మరియు ప్రజలు అందరు ఒకచోట చేరు స్థలం.",form_similar,,,,
B001750,ದೀಧೀತಿ,దిధీతి,dīdhīti,didhīti,,kn: ಮಗಳ ಗಂಡ || te: చేతికి కాళ్ళకు ఉండేవి. పట్టుకోవడానికి ఉపయోగపడేవి,form_similar,,,,
B001751,ದುಪ್ಪಟ,దుప్పటి,duppaṭa,duppaṭi,,kn: ಸ್ತ್ರೀಯರ ಮೇಲು ಹೊದಿಕೆಯ ವಸ್ತ್ರ ಅಥವಾ ಚಾದರ || te: పరుచుటకు లేదా కప్పుకొవడానికి ఉపయోగపడేవి.,form_similar,,,,
B001752,ದುರ್ಗದ,దురద,durgada,durada,,kn: ದುರ್ಗದ ಅಥವಾ ದುರ್ಗಕ್ಕೆ ಸಂಬಂಧಿಸಿದಂತಹ || te: ఒక బ్యాక్టిరీయా ద్వారా వచ్చే తీట,form_similar,,,,
B001753,ದುರ್ದಶೆ,దుర్దశ,durdaśe,durdaśa,,kn: ಕೆಳಗೆ ಎಳೆಯುವುದು ಅಥವಾ ಬೀಳಿಸುವ ಕ್ರಿಯೆ || te: పాపపు పనులు చెయ్యడం ద్వారా వచ్చే ఫలితం,form_similar,,,,
B001754,ದುಷ್ಟ_ಸ್ವಭಾವ,దుష్టస్వభావం,duṣṭa_svabhāva,duṣṭasvabhāvaṁ,,kn: ಕೆಟ್ಟ ಸ್ವಭಾವ ಹೊಂದುವ ಸ್ಥಿತಿ ಅಥವಾ ಭಾವನೆ || te: మంచి స్వభావం కానిది,form_similar,,,,
B001755,ದೃಢ,దృఢం,dr̥ḍha,dr̥ḍhaṁ,,kn: ದೃಢವಾಗಿರುವ ಅವಸ್ಥೆ ಅಥವಾ ಭಾವ || te: పటుత్వంగా ఉండటం,form_similar,,,,
B001756,ದೃಷ್ಟಿ,దృష్టి.,dr̥ṣṭi,dr̥ṣṭi.,,kn: ಮಾನವ ಅಥವಾ ಜೀವಜಂತುವಿನಲ್ಲಿರುವ ಹೊರಜಗತ್ತನ್ನು ನೋಡುವ ಶಕ್ತಿ || te: కనిపించేటటువంటి,form_similar,,,,
B001757,ದೃಷ್ಠಿ,దృష్టి,dr̥ṣṭhi,dr̥ṣṭi,,"kn: ಆ ಪದಾರ್ಥದ, ಉಪಯೋಗ ಅಥವಾ ಸ್ಥಳ ಮೊದಲಾದವುಗಳು ಕಣ್ಣುಗಳ ಮುಂದೆ ನಡೆಯುವುದು || te: చూడటానికి ఉపయోగపడే అవయవం",form_similar,,,,
B001758,ದೇಶೀಯ,దేశీయ.,dēśīya,dēśīya.,,kn: ತಮ್ಮದೇ ದೇಶದಲ್ಲಿ ಅಲ್ಲಿಯದೇ ವಸ್ತುಗಳನ್ನು ಬಳಸಿ ಮಾಡಿದ ಅಥವಾ ಅಲ್ಲಿಯದೇ ನೆಲಕ್ಕೆ ಸೇರಿದಂತಹುದು || te: దేశానికి సంబంధించినది,form_similar,,,,
B001759,ದೈವತ,దైనత,daivata,dainata,,"kn: ಸಹೃದಯಿ, ಧರ್ಮಿ ಮತ್ತು ಯಾವಾಗಲೂ ಬೇರೆಯರಿಗೆ ಸಹಾಯಮಾಡುವಂತಹ ವ್ಯಕ್ತಿ || te: తిండి, బట్ట, గృహము వంటి కనీస అవసరాలు లేని దీనస్థితి.",form_similar,,,,
B001760,ದ್ರವ-ಪದಾರ್ಥ,ద్రవపదార్థం,drava-padārtha,dravapadārthaṁ,,kn: ಪದಾರ್ಥಗಳಲ್ಲಿ ಕರಗುವ ಗುಣವಿರುತ್ತದೆ || te: నీళ్ళలాగా పలుచగా ఉండే పదార్థం,form_similar,,,,
B001761,ದ್ರವ_ಪದಾರ್ಥ,ద్రవపదార్థం,drava_padārtha,dravapadārthaṁ,,kn: ಹರಿಯುವ ಗುಣವುಳ್ಳ ತೆಳುವಾದ ಪದಾರ್ಥ || te: నీళ్ళలాగా పలుచగా ఉండే పదార్థం,form_similar,,,,
B001762,ದ್ರವ್ಯ,ద్రవ్యం,dravya,dravyaṁ,,kn: ಏಕರೂಪವಾದ ಗುಣವನ್ನು ಹೊಂದಿದರುವ ಯಾವುದೇ ಪದಾರ್ಥ ಅಥವಾ ವಸ್ತು || te: రూపాయలు పైసలు వినిమయం చేయు సాధనం.,form_similar,,,,
B001763,ದ್ವಾದಶ,ద్వాదశి,dvādaśa,dvādaśi,,kn: ಹತ್ತು ಮತ್ತು ಎರಡನ್ನು ಕೂಡುವುದರಿಂದ ಸಿಗುವ ಸಂಖ್ಯೆ || te: చంద్రమాసం యొక్క ప్రత్యేక తిథి,form_similar,,,,
B001764,ಧರಣಿ,ధారణి,dharaṇi,dhāraṇi,,kn: ಭೂಮಿಯ ಮೇಲ್ಮೈ ಪದರ || te: ధ్యానంతో నిండిన.,form_similar,,,,
B001765,ಧರಣಿ,ధీరణి,dharaṇi,dhīraṇi,,kn: ಭೂಮಿಯ ಮೇಲ್ಮೈ ಪದರ || te: తనదైన ఒక ప్రత్యేకత,form_similar,,,,
B001766,ಧಾರಣೆ,ధారణి,dhāraṇe,dhāraṇi,,kn: ಯಾವುದಾದರು ವಸ್ತು ಮುಂತಾದವುಗಳನ್ನು ಕೊಳ್ಳುವ ಅಥವಾ ಮಾರುವುದರಲ್ಲಿ ಅದರ ಬದಲಾಗಿ ಕೊಡುವಂತಹ ಹಣ || te: ధ్యానంతో నిండిన.,form_similar,,,,
B001767,ಧುಮುಕು,దుముకు,dhumuku,dumuku,,kn: ಓಡಿ ಹೋಗಿ ಎಲ್ಲೋ ಒಂದು ಕಡೆ ತಲುಪುವ ಪ್ರಕ್ರಿಯೆ || te: వేరొక చోటకు ఎగిరే క్రియ.,form_similar,,,,
B001768,ಧ್ಯಾನ,ధ్యానం,dhyāna,dhyānaṁ,,"kn: ಯಾವುದಾದರು ವಿಷಯ, ವಿಶೇಷತೆ, ಧಾರ್ಮಿಕ ವಿಷಯ ಅಥವಾ ಅಲೌಕಿಕವಾಗಿ ಸತತವಾಗಿ ಎಡೆಬಿಡದೆ ಕೆಲವು ಸಮಯದವರೆಗೆ ಆಗುವಂತಹ ಗಂಭೀರವಾದ ಮನನ ಅಥವಾ ಆಲೋಚನೆ, ಚಿಂತನೆ ಯೋಗದ ಸಾತ್ವಿಕ ಹಾಗೂ ಸಮಾಧಿಯ ಪೂರ್ವದ ಭಾಗ ಎಂದು ನಂಬಲಾಗುತ್ತದೆ || te: కార్యారంభంలో చేసే పూర్తి భావం",form_similar,,,,
B001769,ಧ್ವನಿ,ధ్వని.,dhvani,dhvani.,,kn: ಆ ಧ್ವನಿ ಕೇಳಿಸುತ್ತಿದೆ || te: మేఘాల చప్పుడు.,form_similar,,,,
B001770,ನಂತರ,నంజర,naṁtara,naṁjara,,kn: ಒಂದಾದ ನಂತರ ಮತ್ತೊಂದು || te: శాఖహారం కాని ఆహారం,form_similar,,,,
B001771,ನಂದಿನಿ,నందినీ,naṁdini,naṁdinī,,kn: ಶಿವನ ಹೆಂಡತಿ || te: ఒక రకమైన సుగంధిత వస్తువు,form_similar,,,,
B001772,ನರ್ತಕ,నర్తకి,nartaka,nartaki,,kn: ನಾಟ್ಯ ಕಲೆಯಲ್ಲಿ ಒಳ್ಳೆಯ ಜ್ಞಾನವುಳ್ಳವನು || te: నటన చేయునటువంటి స్త్రీ,form_similar,,,,
B001773,ನವೀನ,నవీనం,navīna,navīnaṁ,,kn: ಆಧುನಿಕತೆಯನ್ನು ಹೊಂದುವ ಅವಸ್ಥೆ ಅಥವಾ ಭಾವ || te: వర్తమానానికి సంబంధించినది,form_similar,,,,
B001774,ನಾಶನ,నాశనం,nāśana,nāśanaṁ,,kn: ಮತ್ತೆ ಮರುಕಳಿಸದೆ ಅಥವಾ ಮತ್ತೆ ಕಾಣಿಸದ ಹಾಗೆ ಅದನ್ನು ನಾಶ ಮಾಡುವುದು || te: ఏదైన వస్తువు శిథిలము అగుట.,form_similar,,,,
B001775,ನಾಸ್ತಿಕ,నాసిక,nāstika,nāsika,,kn: ಮುಸಲ್ಮಾನರ ಪ್ರಕಾರ ಇಸ್ಲಾಮಿಕ್ ಧರ್ಮವನ್ನು ಒಪ್ಪದೆ ಇರುವ || te: పెదవులకు పైన వుండి శ్వాస తీసుకోవడానికి ఉపయోగపడేది,form_similar,,,,
B001776,ನಿಕ್ಕರು,నిక్కర్,nikkaru,nikkar,,kn: ಪ್ಯಾಂಟು ಮತ್ತಿತರ ಉಡುಪುಗಳ ಒಳಗಡೆ ತೊಡುವ ಒಂದು ಬಟ್ಟೆ || te: మగవాళ్ళు మోకాళ్ళ వరకు ధరించేది,form_similar,,,,
B001777,ನಿಕ್ಕರು,నిక్కర్.,nikkaru,nikkar.,,kn: ಪ್ಯಾಂಟು ಮತ್ತಿತರ ಉಡುಪುಗಳ ಒಳಗಡೆ ತೊಡುವ ಒಂದು ಬಟ್ಟೆ || te: ఒక రకమైన లంగోట,form_similar,,,,
B001778,ನಿಯುಕ್ತ,నియుక్తి,niyukta,niyukti,,kn: ಯಾವುದೇ ಕೆಲಸ ಅಥವಾ ಜವಾಬ್ದಾರಿಗೆ ಒಬ್ಬರನ್ನು ನಿಯಮಿಸುವಿಕೆ || te: ఏర్పాటు చేసే పని.,form_similar,,,,
B001779,ನಿರ್ಣಯ,నిర్దయ,nirṇaya,nirdaya,,kn: ಯಾವುದೇ ವಸ್ತು ಸಂಗತಿಯ ಕುರಿತು ತೆಗೆದುಕೊಳ್ಳುವ ಅಂತಿಮ ನಿಲುವು || te: దయ లేకపోవడం,form_similar,,,,
B001780,ನಿರ್ದಯಿ,నిర్దయ,nirdayi,nirdaya,,kn: ಯಾರಲ್ಲಿ ದಯೆ ಇಲ್ಲದೆ ಇರುವುದೋ || te: దయ లేకపోవడం,form_similar,,,,
B001781,ನಿರ್ಧಾಕ್ಷಿಣ್ಯದ,నిర్ధాక్షిణ్య,nirdhākṣiṇyada,nirdhākṣiṇya,,kn: ಇದ್ದದನ್ನು ಇದ್ದಂತೆಯೇ ಹೇಳುವ ಅಥವಾ ಯಾವುದನ್ನೂ ಬಚ್ಚಿಡದೆ ನೇರವಾಗಿ ಯಾವುದೇ ವಿಷಯವನ್ನು ಹೇಳುವಂತಹ ಗುಣ ಅಥವಾ ಅಂತಹ ವ್ಯಕ್ತಿತ್ವ || te: కఠిన వైఖరిని అవలంభించడం,form_similar,,,,
B001782,ನಿರ್ಮಾಣ,నిర్మాత,nirmāṇa,nirmāta,,kn: ಯಾವುದೇ ವಸ್ತು ಸಂಗತಿಯನ್ನು ರಚಿಸಿರುವುದನ್ನು ಸೂಚಿಸುವುದು || te: నిర్మించే లేక తయారు చేసే వ్యక్తి.,form_similar,,,,
B001783,ನಿರ್ಮಿತ,నిర్మాత,nirmita,nirmāta,,kn: ಯಾವುದೇ ವಸ್ತು ಸಂಗತಿಗಳು ಪೂರ್ಣವಾಗಿ ರಚನೆಗೊಂಡಿರುವ || te: నిర్మించే లేక తయారు చేసే వ్యక్తి.,form_similar,,,,
B001784,ನಿರ್ಮಿತ,నిర్మితి,nirmita,nirmiti,,kn: ಯಾವುದೇ ವಸ್ತು ಸಂಗತಿಗಳು ಪೂರ್ಣವಾಗಿ ರಚನೆಗೊಂಡಿರುವ || te: తయారు చేసే క్రియ లేక భావం,form_similar,,,,
B001785,ನಿರ್ಯಾತ,నిర్మాత,niryāta,nirmāta,,kn: ದೇಶದ ಹೊಗೆ ಸಕರಗಳು ಮಾರಟವಾಗಲು ಕಳುಹಿಸುವ ವ್ಯಕ್ತಿ || te: నిర్మించే లేక తయారు చేసే వ్యక్తి.,form_similar,,,,
B001786,ನಿರ್ವಾತ,నిర్మాత,nirvāta,nirmāta,,kn: ಗಾಳಿಯಿಲ್ಲದ ಅಥವಾ ಯಾವುದರಲ್ಲಿ ವಾತವಿಲ್ಲವೋ || te: నిర్మించే లేక తయారు చేసే వ్యక్తి.,form_similar,,,,
B001787,ನಿರ್ವಾತ,నిర్వాతి,nirvāta,nirvāti,,kn: ಗಾಳಿಯಿಲ್ಲದ ಅಥವಾ ಯಾವುದರಲ್ಲಿ ವಾತವಿಲ್ಲವೋ || te: శరీరం నుంచి ప్రాణం బయటికి పోయే క్రియ,form_similar,,,,
B001788,ನಿವಾಸ,నివాసం,nivāsa,nivāsaṁ,,kn: ವಾಸಮಾಡುವ ಕ್ರಿಯೆ || te: కాపురం ఉండిన,form_similar,,,,
B001789,ನಿವಾಸ_ಸ್ಥಳ,నివాస_స్థలం,nivāsa_sthaḷa,nivāsa_sthalaṁ,,kn: ಪ್ರಾಣಿ ಅಥವಾ ಮನುಷ್ಯರು ವಾಸಕ್ಕೆ ಯೋಗ್ಯವಾದ ಪ್ರದೇಶ || te: నివశించడానికి ఉపయోగపడే స్థలము,form_similar,,,,
B001790,ನಿಶ್ಚಯ,నిశ్చల,niścaya,niścala,,kn: ಯಾವುದೇ ಕೆಲಸವನ್ನು ಮಾಡಿಯೇತಿರುತ್ತೇನೆ ಎನ್ನುವುದಾಗಲಿ ಯಾವುದನ್ನಾದರೂ ಮಾಡುವುದಿಲ್ಲ ಎಂತಾಗಲಿ ಗಟ್ಟಿ ನಿರ್ಧಾರ ಮಾಡುವುದು || te: నీరు లేకుండా ఉండే ప్రదేశం,form_similar,,,,
B001791,ನಿಶ್ವಾಸ,నివాస,niśvāsa,nivāsa,,kn: ಬಾಯಿಯಿಂದ ಹೊರಬರುವಂತಹ ನೋವಿನ/ವ್ಯಥೆಯ ಪೂರಕವಾದ ಶಬ್ದ || te: నివాసయోగ్యమైన,form_similar,,,,
B001792,ನಿಶ್ವಾಸ,నిశ్చాస,niśvāsa,niścāsa,,"kn: ಬಾಯಿಯಿಂದ ಹೊರಬರುವಂತಹ ನೋವಿನ/ವ್ಯಥೆಯ ಪೂರಕವಾದ ಶಬ್ದ || te: ప్రాణుల్లో ముక్కు, నోరు నుండి బైయటకి వదిలే గాలి.",form_similar,,,,
B001793,ನಿಷ್ಕಪಟತನ,నిష్కపటమైన,niṣkapaṭatana,niṣkapaṭamaina,,kn: ಮನಸ್ಸಿನಲ್ಲಿ ಒಳ್ಳೆಯ ಕೆಲಸ ಅಥವಾ  ಒಳ್ಳೆಯ ನಿಯತ್ತು ಹೊಂದಿದ್ದು ಕಳ್ಳತನ ಅಥವಾ ಮೋಸಮಾಡದೆ ಇರುವ ವೃತ್ತಿ ಅಥವಾ ಭಾವನೆ || te: మనసులో ఎటువంటి చెడుభావన లేకుండా ఏ విషయాలు దాచుకోకుండా స్పష్టంగా చెప్పడం.,form_similar,,,,
B001794,ನಿಷ್ಪ್ರಯೋಜನ,నిష్ప్రయోజనము,niṣprayōjana,niṣprayōjanamu,,kn: ಯಾರು ಯಾವುದಾದರು ಕೆಲಸ ಮಾಡುವುದಕ್ಕೆ ಯೋಗ್ಯವಲ್ಲವೋ || te: ఏ పని చేయ్యకపోవడం.,form_similar,,,,
B001795,ನೀರಸ,నీరసం,nīrasa,nīrasaṁ,,kn: ಯಾವುದೇ ವಸ್ತು ಅಥವಾ ಸಂಗತಿಯಲ್ಲಿ ರಸ ಇಲ್ಲದಿರುವುದು || te: శక్తి లేక పోవడం,form_similar,,,,
B001796,ನೂತನ,నూతనం,nūtana,nūtanaṁ,,kn: ಅದ್ಭುತ ಆಗುವ ಅವಸ್ಥೆ ಅಥವಾ ಭಾವನೆ || te: వర్తమానానికి సంబంధించినది,form_similar,,,,
B001797,ನೆಂಟರು,నెంబరు,neṁṭaru,neṁbaru,,kn: ತನ್ನ ಕುಲ ಅಥವಾ ಜಾತಿಗೆ ಸಂಬಂದಪಟ್ಟವರು || te: ఏదైనా పని చేసినపుడు లేదా ఆటల్లో ఆడటానికి వ్యక్తికి వచ్చే అవకాశం,form_similar,,,,
B001798,ನೆಚ್ಚಿನ,నచ్చిన,neccina,naccina,,kn: ತನ್ನ ಇಚ್ಫೆಗೆ ತಕ್ಕನಾದುದು ಅಥವಾ ತನ್ನ ಪ್ರೀತಿಗೆ ಪಾತ್ರವಾದುದು || te: నచ్చిన విధంగా,form_similar,,,,
B001799,ನೇಪಾಳ,నేపాళం,nēpāḷa,nēpāḷaṁ,,kn: ಭಾರತದ ಉತ್ತರ ಭಾಗದ ಹಿಮಾಲಯದ ತಪ್ಪಲಿನಲ್ಲಿರುವ ಒಂದು ದೇಶ || te: ఒక మొక్క విత్తనం దానిని సేవిస్తే విరోచనాలు అవుతాయి,form_similar,,,,
B001800,ನೌಕರ,నౌకరీ,naukara,naukarī,,kn: ಸಂಭಳ ತೆಗೆದುಕೊಂಡು ಸೇವೆ ಮಾಡುವವರು || te: ఇంట్లోనే పనులు చేసిపెట్టే బయటి వ్యక్తి.,form_similar,,,,
B001801,ನ್ಯಾಯಿಕ,నాయిక,nyāyika,nāyika,,kn: ನ್ಯಾಯಕ್ಕೆ ಸಂಬಂಧಿಸಿದ ವಿಷಯ || te: నాయకుడి జోడి,form_similar,,,,
B001802,ಪಂಚಮ,పంచమి,paṁcama,paṁcami,,kn: ಏಳು ಸ್ವರಗಳಲ್ಲಿ ಐದನೆಯ ಸ್ವರ ಅದು ಕೋಗಿಲೆ ಸ್ವರದ ಅನುರೂಪ ಎಂದು ನಂಬಲಾಗುತ್ತದೆ || te: చంద్రమాసంలో ఏపక్షం లోనైన వచ్చేఐదవ తిది,form_similar,,,,
B001803,ಪಂಜಾಬಿ,పంజాబ్.,paṁjābi,paṁjāb.,,kn: ಪಂಜಾಬ್ ನಲ್ಲಿ ವಾಸಮಾಡುವ ವ್ಯಕ್ತಿ || te: భారతదేశములోని ఒక రాష్ట్రము కొంత పాకిస్తాన్ లో కలసి ఉంది.,form_similar,,,,
B001804,ಪಂಜಾಬ್,పంజాబీ,paṁjāb,paṁjābī,,kn: ಭಾರತದ ಒಂದು ರಾಜ್ಯ ಅದು ಪಾಕಿಸ್ತಾನದೊಂದಿಗೆ ಹೊಂದಿಕೊಂಡಿದೆ || te: పంజాబీ భాషకు సంబంధించిన,form_similar,,,,
B001805,ಪಂಡಿತ,పండిన,paṁḍita,paṁḍina,,kn: ಯಾರು ವಿದ್ಯಾರ್ಥಿಗಳಿಗೆ ಪಾಠವನ್ನು ಹೇಳಿಕೊಡುತ್ತಾರೋ || te: ఏదైన ఉత్పత్తి చేసిన.,form_similar,,,,
B001806,ಪಂದ್ಯ,పంద్యం,paṁdya,paṁdyaṁ,,kn: ಇಬ್ಬರ ಅಥವಾ ಎರಡು ತಂಡಗಳ ನಡುವೆ ನಡೆಯುವ ಆಟಗಳ ಪ್ರತಿಸ್ಪರ್ಧೆ || te: ఏదైన ఒక విషయం పైన జరుగు వివాదం.,form_similar,,,,
B001807,ಪಂಸಾರಿ,పంబారి,paṁsāri,paṁbāri,,kn: ಮೆಣಸಿನಕಾಯಿ-ಮಾಸಾಲೆ ಪದಾರ್ಥ ಮುಂತಾದವುಗಳನ್ನು ಮಾರವವ || te: లోహాలను పగులగొట్టడానికి ఉపయోగించే ఒక కమ్మరి పనిముట్టు,form_similar,,,,
B001808,ಪಠಾನಿ,పఠాను,paṭhāni,paṭhānu,,kn: ಪಠಾನ್ ನ ಅಥವಾ ಪಠಾನ್ ಗೆ ಸಂಬಂಧಿಸಿದ || te: యుద్ధవీరులైన ఒక మహమ్మదీయ జాతీయుడు,form_similar,,,,
B001809,ಪತನ,పతనం,patana,patanaṁ,,"kn: ಯುದ್ಧ, ಕದನ ಮುಂತಾದ ಎದುರಾಳಿಗಳ ಅತಿಕ್ರಮಣದ ಸಂದರ್ಭದಲ್ಲಿ ಒಂದು ದೇಶ ಅಥವಾ ಪ್ರಾಂತ್ಯವು ಸೋತು ತನ್ನ ದನ ಧಾನ್ಯ ಸಂಪತ್ತು ಎಲ್ಲವನ್ನೂ ಕಳೆದುಕೊಳ್ಳುವಿಕೆ || te: సమాప్తము అయ్యే భావన.",form_similar,,,,
B001810,ಪರಾಗ,పరాగం,parāga,parāgaṁ,,"kn: ಹೂವಿನಲ್ಲಿ ಪರಾಗಕೋಶ ಹೊರಚೆಲ್ಲುವ ಪಕಳು || te: మట్టి, ఇసుక మొదలైన వాటిలో వుండే సూక్ష్మమైన పొడి అది భూమి ఉపరితల భాగంలో వుంటుంది",form_similar,,,,
B001811,ಪರಾಹ್ನ,పరాన్న,parāhna,parānna,,kn: ಆ ಸಮಯ ದಿನದ ಅಂತ್ಯ ಮತ್ತು ರಾತ್ರಿಯ ಆರಂಭವಾಗಿರುತ್ತದೆ || te: చెట్లు కొమ్మలపైన పెరిగే ఒక రకమైన వృక్షం,form_similar,,,,
B001812,ಪರೋಕ್ಷ,పరిక్ష,parōkṣa,parikṣa,,"kn: ನೇರವಲ್ಲದ, ಸುತ್ತು-ಬಳಸಿನ ಮಾರ್ಗದ || te: రోగాలను తెలుసుకోవడానికి చేసే పని.",form_similar,,,,
B001813,ಪರೋಕ್ಷ,పరీక్ష,parōkṣa,parīkṣa,,"kn: ನೇರವಲ್ಲದ, ಸುತ್ತು-ಬಳಸಿನ ಮಾರ್ಗದ || te: ఉత్తీర్ణత సాధించటానికి పెట్టెది",form_similar,,,,
B001814,ಪಲ್ಲವ,పల్లవి,pallava,pallavi,,kn: ದಕ್ಷಿಣ ಭಾರತದ ಒಂದು ರಾಜವಂಶ || te: పాటలో మొదటగా పాడేది,form_similar,,,,
B001815,ಪಸಲು,పైసలు,pasalu,paisalu,,kn: ಭೂಮಿಯಲ್ಲಿ ಬೆಳೆಯುವ ಬೆಳೆಯ ಒಟ್ಟು ರೂಪ || te: రూపాయలు పైసలు వినిమయం చేయు సాధనం.,form_similar,,,,
B001816,ಪಾರದರ್ಶಕತೆ,పారదర్శకత.,pāradarśakate,pāradarśakata.,,kn: ಪಾರದರ್ಶಕತೆಯ ಅವಸ್ಥೆ/ತನ್ನ ಮೂಲಕ ಆಚೆಯ ಪಕ್ಕವನ್ನು ಕಾಣಿಸುವಂತೆ ಬೆಳಕನ್ನು ಸಾಗಿಸುವ || te: అపారదర్శకత కానిది.,form_similar,,,,
B001817,ಪಾರ್ವತಿ,పార్వతీ,pārvati,pārvatī,,kn: ಶಿವನ ಹೆಂಡತಿ || te: శివుని భార్య,form_similar,,,,
B001818,ಪಾಷಾಣ,పాషాణం,pāṣāṇa,pāṣāṇaṁ,,"kn: ಭೂಮಿಯ ಮೇಲೆ ಕಠೋರ ಗುಂಡು ಅಥವಾ ಕಲ್ಲಿನ ಪುಡಿ, ಮರಳು ಇತ್ಯಾದಿಗಳು ಒಂದುಗೂಡವುದರಿಂದ ಆಗುವುದು || te: ఒక రకమైన ఉపధాతువు చాలా తీవ్రమైన విషంకలిగినది",form_similar,,,,
B001819,ಪಿಶಾಚ,పిశాచం,piśāca,piśācaṁ,,"kn: ಧರ್ಮ-ಗ್ರಂಥದಲ್ಲಿ ಆದರೀಣಿಯವಾದ ಆ ದುಷ್ಟ ಸ್ವರೂಪ ಧರ್ಮ ವಿರೋಧಿಯಾದ ಕಾರ್ಯವನ್ನು ಮಾಡುತ್ತದೆ ಹಾಗೂ ದೇವತೆಗಳು, ಋಷಿಗಳು ಮೊದಲಾದವರುಗಳ ಶತ್ರು || te: చనిపోయినవారు ఆత్మగా తిరగటం",form_similar,,,,
B001820,ಪುರಾತನಕಾಲದ,పురాతనకాలం,purātanakālada,purātanakālaṁ,,kn: ನಿಶ್ಚಿತ ರೂಪದಿಂದ ಯಾವ ಕಾಲದ ಪೂರ್ಣ ಇತಿಹಾಸ ಉಪಲ್ಭವಾಗುತ್ತದೆಯೋ ಅದಕ್ಕಿಂತ ಪೂರ್ವದ ಅಥವಾ ಅದಕ್ಕೆ ಸಂಬಂಧಿಸಿದ || te: పూర్వకాలం,form_similar,,,,
B001821,ಪುಷ್ಯ-ನಕ್ಷತ್ರ,పుష్యనక్షత్రం,puṣya-nakṣatra,puṣyanakṣatraṁ,,kn: ಎಪ್ಪತ್ತೇಳು ನಕ್ಷತ್ರಗಳಲ್ಲಿ ಎಂಟನೇ ನಕ್ಷತ್ರ || te: అశ్విని మొదలైన వాటిలో ఎనిమిదవ నక్షత్రం,form_similar,,,,
B001822,ಪೂರ್ಣಿಮೆ,పూర్ణిమ,pūrṇime,pūrṇima,,kn: ಪೂರ್ಣಭಾಗ ಪ್ರಕಾಶಮಾನವಾಗಿ ಕಾಣುವ ಚಂದ್ರ ಮಂಡಲ ಬಹುಶ || te: నిండు చంద్రుడు కనిపించినరోజు,form_similar,,,,
B001823,ಪೂರ್ವಿಕ,పూర్ణిక,pūrvika,pūrṇika,,"kn: ಯಾವುದಾದರು ವ್ಯಕ್ತಿಯ ಮೃರ್ತರಾದ ತಂದೆ, ತಾಯಿ, ತಾತ, ಅಜ್ಜಿ, ಮುತ್ತಜ್ಜ ಮುಂತಾದ ಪೂರ್ವಜರು || te: నిండు చంద్రుడు కనిపించినరోజు",form_similar,,,,
B001824,ಪೃತ್ವಿ,పృథ్వి,pr̥tvi,pr̥thvi,,kn: ಹಿಂದೂ ಧರ್ಮಗ್ರಂಥದಲ್ಲಿ ವರ್ಣಿಸಲಾಗಿರುವ ದೇವತೆ ಅವಳು ಪ್ರಪಂಚವನ್ನು ರಕ್ಷಣೆ ಮಾಡುತ್ತಿದ್ದಾಳೆ || te: నీరు లేకుండా ఉండే ప్రదేశం,form_similar,,,,
B001825,ಪ್ರಣಯ,ప్రణయి,praṇaya,praṇayi,,kn: ಅವನ ಮನೋವೃತ್ತಿಯನ್ನು ಯಾರೋ ಒಬ್ಬರು ತುಂಬಾ ಚೆನ್ನಾಗಿ ಅರ್ಥ ಮಾಡಿಕೊಂಡು ಸದಾ ಅವನ ಜತೆ ಅಥವಾ ಸನಿಹವಿರಬೇಕೆಂದು ಪ್ರೇರಣೆ ನೀಡುವುದು || te: దేవతలను దేవుళ్ళను భక్తితో పూజించువాడు.,form_similar,,,,
B001826,ಪ್ರತಿಜ್ಞಾ-ಪತ್ರ,ప్రతిజ్ఞాపత్రం,pratijñā-patra,pratijñāpatraṁ,,kn: ಒಂದು ಪತ್ರದ ಮೇಲೆ ಯಾವುದೇ ಪ್ರಕಾರದ ಕಾರಾರು ಮತ್ತು ಅದರ ನಿಯಮಗಳು ಬರೆದಿರುವುದು || te: ప్రమాణ పూర్వకముగా వ్ర్రాసి ఇచ్చుట.,form_similar,,,,
B001827,ಪ್ರತಿಜ್ಞಾ_ಪತ್ರ,ప్రతిజ్ఞాపత్రం,pratijñā_patra,pratijñāpatraṁ,,kn: ಒಂದು ಪತ್ರದ ಮೇಲೆ ಯಾವುದೇ ಪ್ರಕಾರದ ಕಾರಾರು ಮತ್ತು ಅದರ ನಿಯಮಗಳು ಬರೆದಿರುವುದು || te: ప్రమాణ పూర్వకముగా వ్ర్రాసి ఇచ్చుట.,form_similar,,,,
B001828,ಪ್ರಭಾವಿತರಾಗು,ప్రభావితమగు,prabhāvitarāgu,prabhāvitamagu,,kn: ಯಾವುದೋ ಒಂದು ವಸ್ತು ಮತ್ತೊಂದು ವಸ್ತುವಿನ ಮೇಲೆ ಪ್ರಭಾವ ಬೀರುವ ಪ್ರಕ್ರಿಯೆ || te: ఎవరిపై ప్రభావము చూపునో.,form_similar,,,,
B001829,ಪ್ರಲಾಪ,ప్రలాపి,pralāpa,pralāpi,,kn: ಹುಚ್ಚನ ತರಹ ಎಲ್ಲೋ ಹೋಗಿ ವ್ಯರ್ಥವಾಗಿ ಮಾತನಾಡುವುದು || te: అనవసర మాటలు అతిగా మాట్లాడే వ్యక్తి.,form_similar,,,,
B001830,ಪ್ರವಾದಿ,ప్రవాసి,pravādi,pravāsi,,"kn: ಜ್ಯೋತಿಷ್ಯಾಸ್ತ್ರ, ವಿಶೇಷವಾಗಿ ಪ್ರಾಪ್ತಿಯಾಗಿರುವ ಜ್ಞಾನಿ || te: ఎవ్వరైతే యాత్రలు చేస్తారో.",form_similar,,,,
B001831,ಪ್ರವಾಸ,ప్రవాసి,pravāsa,pravāsi,,kn: ಒಂದು ಪ್ರದೇಶದಿಂದ ಇನ್ನೊಂದು ಪ್ರದೇಶಕ್ಕೆ ಹೋಗುವುದು || te: ఎవ్వరైతే యాత్రలు చేస్తారో.,form_similar,,,,
B001832,ಪ್ರಾಂತೀಯವಾದ,ప్రాంతీయవాదము,prāṁtīyavāda,prāṁtīyavādamu,,"kn: ಯಾವುದೇ ಒಂದು ಪ್ರದೇಶಕ್ಕೆ ಪ್ರಾಂತ್ಯಕ್ಕೆ ಸೀಮಿತವಾದ ಅಥವಾ ಸಂಬಂಧಿಸಿದುದು || te: తమ తమ ప్రదేశాలు మరియు ప్రదేశవాసుల మేలు, రక్షణ గురించి పని చేసేటటువంటి సిద్దాంతము.",form_similar,,,,
B001833,ಪ್ರಾಮಾಣಿಕತನ,ప్రామాణికమైన,prāmāṇikatana,prāmāṇikamaina,,kn: ಸ್ವರ್ಗ ಪ್ರಾಪ್ತಿ ಮತ್ತು ಶುಭ ಫಲವನ್ನು ನೀಡುವಂತಹ ಕಾರ್ಯ || te: ఖచ్చితమైనది,form_similar,,,,
B001834,ಪ್ರೇರಕ,ప్రేరణ,prēraka,prēraṇa,,kn: ಯಾವುದೇ ಸಂಗತಿಯಿಂದ ಮನಸ್ಸನ್ನು ತೀವ್ರವಾಗಿ ಪ್ರೇರೇಪಿಸುವ ಗುಣ || te: ఉత్తేజ పరచుట.,form_similar,,,,
B001835,ಫಕೀರ,ఫకీరు,phakīra,phakīru,,kn: ಒಂದು ಪ್ರಕಾರದ ಮುಸಲ್ಮಾನ ಸಂತ || te: డబ్బులేని వాడు,form_similar,,,,
B001836,ಬಂಗಲೆ,బంగలా,baṁgale,baṁgalā,,kn: ಬಹಳ ದೊಡ್ಡದಾದ ಮನೆ || te: బెంగాలు యొక్క భాష,form_similar,,,,
B001837,ಬಂದರು,బంజరు,baṁdaru,baṁjaru,,kn: ಸಮುದ್ರ ದಡದಲ್ಲಿ ನೌಕೆಗಳು ನಿಲ್ಲುವ ಸ್ಥಳ || te: క్షారంతో కూడిన భూమి పంటలు పండించడానికి పనికిరాని భూమి,form_similar,,,,
B001838,ಬಂದಾಗು,బందుగు,baṁdāgu,baṁdugu,,kn: ಯಾವುದಾದರು ಚಲನೆಯಲ್ಲಿರುವ ಕಾರ್ಯ ಮಧ್ಯದಲ್ಲಿಯೇ ನಿಂತು ಹೋಗು ಅಥವಾ ಮುಂದೆ ಸಾಗದೆ ಇರು || te: సంబంధ బాంధవ్యాలు కలిగినవారు,form_similar,,,,
B001839,ಬಂದೂಕ,బందూకు,baṁdūka,baṁdūku,,kn: ಹಿಂದಿನ ಕಾಲದಲ್ಲಿ ಬಳಸುತ್ತಿದ್ದ ಒಂದು ತರಹದ ದೊಡ್ಡ ಬಂದೂಕು || te: తూటాలను ప్రయోగించే ఒక చిన్న ఆయుధం,form_similar,,,,
B001840,ಬಜಾರು,బజారు.,bajāru,bajāru.,,kn: ಆ ಜಾಗ ವಿವಿಧ ತರಹದ ಸಕರುಗಳನ್ನು ಮಾರುವ ಸ್ಥಳ || te: తినడానికి చేసే పని,form_similar,,,,
B001841,ಬಿತ್ತದ,బిత్తల,bittada,bittala,,kn: ಯಾವುದನ್ನು ಇನ್ನೂ ಬಿತ್ತಿಲ್ಲವೋ || te: బట్టలు లేకుండా ఉండుట.,form_similar,,,,
B001842,ಬುರ್ಖಾ,బురఖా,burkhā,burakhā,,"kn: ಮುಸಲ್ಮಾನ ಸ್ತ್ರೀಯರು ದರಿಸುವಂತ,ಪೂರ ಶರೀರವನ್ನು ಮುಚ್ಚುವಂಥ ಒಂದು ವಿಶೇಷವಾದ ಉಡುಪು || te: ముఖమును కప్పి ఉంచుటకు ఉపయోగించే వస్త్రము",form_similar,,,,
B001843,ಬೆಂಗಾಲಿ,బెంగాలు,beṁgāli,beṁgālu,,"kn: ಬಾಂಗ್ಲಾದ ಅಥವಾ ಅಲ್ಲಿನ ನಿವಾಸಿ, ಭಾಷೆ, ಸಂಸ್ಕೃತಿ ಇತ್ಯಾದಿಗಳಿಗೆ ಸಂಬಂಧಿಸಿದ || te: భారత దేశపు ఒక తూర్పునుండే రాష్ట్రము.",form_similar,,,,
B001844,ಬೆಂಗಾಲ್,బెంగాలీ,beṁgāl,beṁgālī,,kn: ಭಾರತದ ಒಂದು ರಾಜ್ಯ || te: బెంగాల్‍కు సంబంధించిన వాడు,form_similar,,,,
B001845,ಬ್ರೋಕರು,బ్రోకర్,brōkaru,brōkar,,kn: ಕೊಳ್ಳುವವರು ಮತ್ತು ಮಾರುವವರ ಮಧ್ಯೆ ವ್ಯಾಪಾರ ಕುದುರಿಸುವ ಆ ಮೂಲಕ ಕಮೀಷನ್ ಪಡೆಯುವ ವ್ಯಕ್ತಿ ಅಥವಾ ಆ ತರಹದ ಕೆಲಸ ಮಾಡುವವರು || te: స్త్రీలను పరపురుషులకు తార్చు స్త్రీ,form_similar,,,,
B001846,ಭರತ,భర్త,bharata,bharta,,kn: ಕೈಕೇಯ ಗರ್ಭದಿಂದ ಜನಿಸಿದ ರಾಜ ದಶರಥನ ಪುತ್ರ || te: అగ్ని సాక్షిగా తాళి కట్టినవాడు.,form_similar,,,,
B001847,ಭವನ,భావన,bhavana,bhāvana,,"kn: ಇಟ್ಟಿಗೆ ಕಲ್ಲು, ಮರ ಮುಂತಾದವುಗಳಿಂದ ಕಟ್ಟಿದ ಕಟ್ಟಡದಲ್ಲಿ ಮೇಲ್ ಚಾವಣೆ ಮತ್ತು ಗೋಡೆ ಇರುವುದು || te: అనుభవం మరియు స్మృతి నుండి మనసుకు కలిగేవి",form_similar,,,,
B001848,ಭಾವಕ,భావన,bhāvaka,bhāvana,,kn: ಭಾವನೆಗಳ ಮೂಲಕ ವ್ಯಕ್ತವಾಗುವಿಕೆ || te: అనుభవం మరియు స్మృతి నుండి మనసుకు కలిగేవి,form_similar,,,,
B001849,ಭಾವನಿ,భావన,bhāvani,bhāvana,,kn: ಶಿವನ ಹೆಂಡತಿ || te: అనుభవం మరియు స్మృతి నుండి మనసుకు కలిగేవి,form_similar,,,,
B001850,ಭಿಕಾರಿ,బికారి,bhikāri,bikāri,,kn: ಅತಿಯಾದ ಬಡತನ || te: డబ్బులేని వాడు,form_similar,,,,
B001851,ಭುವನ,భావన,bhuvana,bhāvana,,"kn: ಪೃಥ್ವಿಯ ಮೇಲೆ-ಕೆಳಗೆ ಕೆಲವು ಕಾಲ್ಪನಿಕ ಸ್ಥಾನ, ಪುರಾಣದ ಅನುಸಾರವಾಗಿ ಅದರ ಸಂಖ್ಯೆ ಹದಿನಾಲ್ಕು || te: అనుభవం మరియు స్మృతి నుండి మనసుకు కలిగేవి",form_similar,,,,
B001852,ಭೂಪಾತ,భూమాత,bhūpāta,bhūmāta,,"kn: ಇಳಿಜಾರು ಪ್ರದೇಶದಲ್ಲಿ ಪರ್ವತ, ಕಡಿಬಂಡೆ ಮುಂತಾದವುಗಳಿಂದ ಅನಾಮತ್ತಾಗಿ ಭೂಮಿ ಕುಸಿಯುವುದು || te: మనం నివసించు ప్రదేశం అది మనకు తల్లి వంటిది",form_similar,,,,
B001853,ಭೂಮಾತೆ,భూమాత,bhūmāte,bhūmāta,,kn: ಜನಕ ರಾಜನ ಮಗಳು ಹಾಗೆ ರಾಜನ ಹೆಂಡತಿ || te: మనం నివసించు ప్రదేశం అది మనకు తల్లి వంటిది,form_similar,,,,
B001854,ಭೂಮಿಕ,భూమిజ,bhūmika,bhūmija,,"kn: ನಾಟಕ, ಸಿನಿಮಾ ಇತ್ಯಾದಿಯಲ್ಲಿ ಬರುವ ಪಾತ್ರ || te: రాముడి భార్య",form_similar,,,,
B001855,ಭೂಮಿಯ,భూమిక,bhūmiya,bhūmika,,kn: ಪೃಥ್ವಿಗೆ ಸಂಬಂದಿಸಿದ || te: ఏదైన పుస్తకంలో మొదట వ్రాయబడిన ముందు మాట.,form_similar,,,,
B001856,ಭೂಮಿಯ,భూమిజ,bhūmiya,bhūmija,,kn: ಪೃಥ್ವಿಗೆ ಸಂಬಂದಿಸಿದ || te: రాముడి భార్య,form_similar,,,,
B001857,ಭೋಜನಗೃಹ,భోజన_గృహం,bhōjanagr̥ha,bhōjana_gr̥haṁ,,"kn: ಒಂದು ದೊಡ್ಡ ಭೂಜನ ಕೋಣೆಯಲ್ಲಿ ಕೆಲಸಗಾರರು, ವಿದ್ಯಾರ್ಥಿಗಳು, ಗುರುಗಳು ಮುಂತಾದವರು ಕುಳಿತು ಊಟ ಮಾಡುತ್ತಾರೆ || te: భోజనం తయారుచేసే గది",form_similar,,,,
B001858,ಭ್ರಾಂತಿ,బ్రాంతి,bhrāṁti,brāṁti,,kn: ಯಾರನ್ನೋ ಏನೋ ಅಥವಾ ಬೇರೆ ಏನನ್ನೋ ತಿಳಿಯುವ ಕ್ರಿಯೆ ಅಥವಾ ಭಾವ || te: మాయలో పడటం,form_similar,,,,
B001859,ಮಂಡಲ,మండలి,maṁḍala,maṁḍali,,kn: ಪ್ರಾಂತ್ಯ ಮೊದಲಾದವುಗಳ ವಿಭಾಗ ಅದು ಒಂದು ವಿಶೇಷ ಅಧಿಕಾರಿಯ ಅಧೀನದಲ್ಲಿರುತ್ತದೆ ಮತ್ತು ಅದು ಜಿಲ್ಲೆಗಳಾಗಿ ವಿಭಜನೆಯಾಗುತ್ತದೆ || te: ఏదైన కార్యం లేద ఉద్దేశం కోసం గుమి కూడిన సమూహం.,form_similar,,,,
B001860,ಮಂಡಲಿ,మంగలి,maṁḍali,maṁgali,,kn: ಯಾವುದಾದರು ಕಾರ್ಯ ಅಥವಾ ಉದ್ದೇಶದ ಸಿದ್ಧಿಗಾಗಿ ಕೂಡಿರುವ ಜನರ ಸಮೂಹ || te: క్షవరం చేసే వారు,form_similar,,,,
B001861,ಮಂಡಳಿ,మండలి,maṁḍaḷi,maṁḍali,,kn: ಯಾವುದೇ ವಿಷಯ ಅಥವಾ ಸಂಗತಿಗಳನ್ನು ಮಾಡುವ ಅಥವಾ ಕೈಗೊಳ್ಳುವ ಒಂದೇ ಸಮಾನಾಸಕ್ತರ ಸಮೂಹ || te: ఏదైన కార్యం లేద ఉద్దేశం కోసం గుమి కూడిన సమూహం.,form_similar,,,,
B001862,ಮಂತ್ರೋಪದೇಶಕ,మంత్రోపదేశం,maṁtrōpadēśaka,maṁtrōpadēśaṁ,,kn: ಮಂತ್ರ ಮುಂತಾದವುಗಳನ್ನು ಕಿವಿಯಲ್ಲಿ ಹೇಳುವವ || te: మంత్రోపదేశం చేయడం,form_similar,,,,
B001863,ಮಜ್ಜಿಗೆ,మజ్జిగ,majjige,majjiga,,kn: ಮೊಸರನ್ನು ಕಡೆದಾಗ ಬರುವ ಬೆಣ್ಣೆ ತೆಗೆದ ನಂತರ ಉಳಿಯುವ ದ್ರವ ಪದಾರ್ಥ || te: పెరుగులో నీళ్ళు కలపగా ఏర్పడే పదార్థం,form_similar,,,,
B001864,ಮದುರ,మధుర,madura,madhura,,kn: ಭೂಮಿಯ ಸುತ್ತಾ ಸುತ್ತುವ ಒಂದು ಗ್ರಹ || te: యమునా నదీ తీరంలో వున్న ప్రాచీన భారతీయ నగరం,form_similar,,,,
B001865,ಮದ್ರಾಸಿ,మద్రాస్,madrāsi,madrās,,kn: ಮದ್ರಾಸಿಗೆ ಸಂಬಂಧಿಸಿದ ಅಥವಾ ಮದ್ರಾಸಿನ || te: తమిళనాడు రాజధాని,form_similar,,,,
B001866,ಮದ್ರಾಸ್,మద్రాసీ,madrās,madrāsī,,kn: ಒಂದು ಮಹಾನಗರವು ತಮಿಳುನಾಡಿನ ರಾಜಧಾನಿ || te: మద్రాసుకు సంబంధించిన,form_similar,,,,
B001867,ಮನವಿ,మనవి.,manavi,manavi.,,kn: ವಿನಯಪೂರ್ವಕವಾಗಿ ಏನನ್ನಾದರೂ ಬೇಡಿಕೊಳ್ಳುವುದು || te: హత్యాచారం మొదలైన వాటిని పోలిసుల దగ్గర చెప్పి నమ్మినట్లు చేసే భావన,form_similar,,,,
B001868,ಮನೋ_ವಿಜ್ಞಾನ,మనో_విజ్ఞానము,manō_vijñāna,manō_vijñānamu,,kn: ಮನುಷ್ಯನ ಮನೋವಿಕಾರಗಳ ಬಗೆಗೆ ಅಧ್ಯಯನ ಮತ್ತು ಶೋಧನೆ ಮಾಡುವ ಮನೋವಿಜ್ಞಾನದ  ಒಂದು ಶಾಖೆ || te: ఒక విజ్ఞానము ఇందులో మనస్సు ఏవిధముగా మన అన్ని పనులు చేస్తుందో తెలుపబడును.,form_similar,,,,
B001869,ಮರಾಠ,మరాఠి,marāṭha,marāṭhi,,kn: ಭಾರತದ ಮಹಾರಾಷ್ಟ್ರ ರಾಜ್ಯದಲ್ಲಿ ವಾಸಮಾಡುವ ವ್ಯಕ್ತಿ || te: మహరాష్ట్ర యొక్క రాజ్య బాషా,form_similar,,,,
B001870,ಮರಾಠ,మరాఠీ,marāṭha,marāṭhī,,kn: ಭಾರತದ ಮಹಾರಾಷ್ಟ್ರ ರಾಜ್ಯದಲ್ಲಿ ವಾಸಮಾಡುವ ವ್ಯಕ್ತಿ || te: మహారాష్ట్రకు సంబంధించిన,form_similar,,,,
B001871,ಮರ್ಯಾದಿ,మర్యాద,maryādi,maryāda,,kn: ಗೌರವವನ್ನು ಹೆಚ್ಚಿಸುವಂತ ಭಾವ || te: మంచి నడవడిక కలిగి మంచి ప్రవర్తన కలిగిన వాళ్ళు,form_similar,,,,
B001872,ಮಲಿನ,మలినం,malina,malinaṁ,,"kn: ಯಾವುದು ಸ್ವಚ್ಚವಲ್ಲವೋ ಅಥವಾ ಅದರಲ್ಲಿ ದೋಷವಿರುವುದೋ || te: శరీరంపైన చేరే దుమ్ము, మట్టి కణాలు.",form_similar,,,,
B001873,ಮಾತೃಕಾ,మాతృక,mātr̥kā,mātr̥ka,,kn: ಬ್ರಾಹ್ಮಿ ಮುಂತಾದ ಏಳು ದೇವತೆಗಳನ್ನು ತಾಂತ್ರಿಕರು ಪೂಜಿಸುತ್ತಾರೆ || te: శివుడి యొక్క భార్య,form_similar,,,,
B001874,ಮಾರ್ದನಿ,మారని,mārdani,mārani,,kn: ಪ್ರತಿಧ್ವನಿಯ ಅಥವಾ ಪ್ರತಿಧ್ವನಿಗೆ ಸಂಬಂಧಿಸಿದ (ಧ್ವನಿ) || te: మార్చడానికి వీలుకానిది,form_similar,,,,
B001875,ಮಾರ್ವಾಡಿ,మార్వాడీ,mārvāḍi,mārvāḍī,,"kn: ಮಾರ್ವಾಡಿ ಜನ ಅಥವಾ ಅಲ್ಲಿನ ನಿವಾಸಿ, ಭಾಷೆ, ಸಂಸ್ಕೃತಿ ಇತ್ಯಾದಿಗಳಿಗೆ ಸಂಬಂಧಿಸಿದ || te: మహారాష్ట్రలో నివసించేవారు",form_similar,,,,
B001876,ಮಿಶ್ರಣ,మిశ్రమ,miśraṇa,miśrama,,kn: ಒಂದು ರಾಸಾಯನಿಕ ಕ್ರಿಯೆಯಲ್ಲಿ ಕಾರ್ಬನ ಪದಾರ್ಥಗಳು ಸಂಯೋಜನೆ ಸೂಕ್ಷ್ಮ ಜೀವಿ ಅಥವಾ ಎಜಾಯಿಮೋಗಳ ಮೂಲಕ ಆಗುವುದು || te: అన్ని వర్గాలు కలిసిన,form_similar,,,,
B001877,ಮೀಮಾಂಸೆ,మీమాంస,mīmāṁse,mīmāṁsa,,kn: ಯಾವುದೇ ವಿಷಯದ ವಿಚಾರಪೂರ್ಣವಾದ ಚಿಂತನೆ || te: ధర్మం వివేచన తెలిసిన,form_similar,,,,
B001878,ಮುಂಗಡ,ముంగర,muṁgaḍa,muṁgara,,kn: ಧನ ಅಥವಾ ಅನ್ನವನ್ನು ಯಾವುದೋ ದೇವತೆಗೆ ಪೂಜೆ ಸಲ್ಲಿಸಲು ಅದನ್ನು ಬೇರೆ ಇಡುತ್ತಾರೆ || te: ముక్కుకు పెట్టుకొనే అభరణం,form_similar,,,,
B001879,ಮುಂಗುಲಿ,ముంగిలి,muṁguli,muṁgili,,"kn: ಅಳಿಲು ಜಾತಿಯ ಒಂದು ಮಾಂಸಾಹಾರಿ ಪ್ರಾಣಿ, ಹಾವನ್ನು ತಿಂದು ಹಾಕುವುದು || te: ఇంటి మధ్యలో వుండే ఖాళీ ప్రదేశం",form_similar,,,,
B001880,ಮುಕ್ಕಾಲು,ముక్కలు,mukkālu,mukkalu,,kn: ಯಾವುದೋ ಒಂದರಲ್ಲಿ ನಾಲಕ್ಕನೆ ಒಂದು ಭಾಗ ಅಥವಾ ನಾಲ್ಕನೇ ಮೂರು ಭಾಗ ಕಮ್ಮಿಯಿರುವುದು || te: ఒక దానిని కొన్ని శాఖలుగా చేయడం,form_similar,,,,
B001881,ಮುಟ್ಟುವ,ముట్టుత,muṭṭuva,muṭṭuta,,kn: ಆ ಇಂದ್ರಿಯದಿಂದ ಸ್ಪರ್ಶ ಜ್ಞಾನ ವಾಗುವುದು || te: ఆడపిల్లలు పన్నెండు లేదా పదమూడు సంవత్సరాలకు అయ్యేది,form_similar,,,,
B001882,ಮುದ್ದಾಡು,ముగ్దాడు,muddāḍu,mugdāḍu,,"kn: ಶಬ್ದಮಾಡಿ ಚುಂಬಿಸುತ್ತಾ ಪ್ರೀತಿಯನ್ನು ತೋರಿಸುವ ಕ್ರಿಯೆ || te: ఎద్దు,ఒంటెను తన ఆధినంలో ఉంచడానికి ముక్కుకు వేసె తాడు",form_similar,,,,
B001883,ಮುದ್ದಿಡು,ముద్దాడు,muddiḍu,muddāḍu,,kn: ಯಾರದ್ದಾದರು ಅಂಗವನ್ನು ತುಟಿಗಳಿಂದ ಸ್ಪರ್ಶಿಸುವುದು || te: ప్రేమతో లాలించడం.,form_similar,,,,
B001884,ಮುದ್ರಕ,ముద్రణ,mudraka,mudraṇa,,kn: ಸಮಾಚಾರ ಪತ್ರ ಮೊಲದಾದವುಗಳ ಅಧಿಕಾರಿ ಅದರ ಮೇಲೆ ಮುದ್ರಿಸುವ ಜವಾಬ್ದಾರಿ ಇರುತ್ತದೆ ಮತ್ತು ವೈಜ್ಞಾನಿಕ ದೃಷ್ಟಿಯಿಂದ ಅದರಲ್ಲಿ ಅಡಗಿರುವ ವಸ್ತುಗಳ ಎಲ್ಲಾ ವಿಷಯಗಳ ಹೊಣೆಗಾರನಾಗಿರುತ್ತಾನೆ || te: ముద్రించుపని.,form_similar,,,,
B001885,ಮುಲ್ತಾನಿ,ముల్తాన్.,multāni,multān.,,kn: ಒಂದು ತರಹದ ಅಂಟು ಮೊಣ್ಣು || te: వర్తమాన పాకిస్తాన్ లోని ఒక క్షేత్రం,form_similar,,,,
B001886,ಮುಷ್ಕರ,ముక్కర,muṣkara,mukkara,,kn: ಆಗ್ರಹಪೂರ್ವಕವಾಗಿ ಹೇಳುವಂತಹ ಕ್ರಿಯೆ ಅಂದರೆ ಹೀಗೆಯೇ ಆಗುತ್ತದೆ ಅಥವಾ ಹೀಗೆಯೇ ಮಾಡಬೇಕು ಎಂದು ಹೇಳುವ ಭಾವ || te: ముక్కుకు పెట్టుకొనే అభరణం,form_similar,,,,
B001887,ಮೆಟ್ಟಿಲು,మెట్టెలు,meṭṭilu,meṭṭelu,,kn: ಹತ್ತಲು ಬಳಸುವ ಅಡ್ಡಪಟ್ಟಿಗಳನ್ನುಳ್ಳ ಎರಡು ಗಣೆಗಳ ಚೌಕಟ್ಟು || te: కాలి బొటన వేలికి ధరించే హంగులికం,form_similar,,,,
B001888,ಮೋಹಿನಿ,మోహిని.,mōhini,mōhini.,,kn: ಮೂರ್ಛೆ ಬರಿಸುವ ಒಂದು ಬಗೆಯ ವಿದ್ಯೆ || te: భస్మాసుర వధలో విష్ణువు అవతారం,form_similar,,,,
B001889,ಯಂತ್ರ,యంత్రం,yaṁtra,yaṁtraṁ,,kn: ಚಕ್ರ ಮತ್ತು ಕೀಲುಗಳ ಮೂಲಕ ಕೆಲಸ ಮಾಡುವ ಉಪಕರಣ ಅಥವಾ ಯಾವುದೇ  ವಿಶೇಷ ಕಾರ್ಯವನ್ನು ತುಂಬಾ ವೇಗವಾಗಿ ಮಾಡಲು ಶಕ್ಯ ಇರುವಂತೆ ತಯಾರಿಸಿರುವ ಉಪಕರಣ || te: వాహనం నడవడానికి ముఖ్యంగా ఉపయోగపడేది,form_similar,,,,
B001890,ಯಥಾರ್ಥವಾದಿ,యథార్థవాదం,yathārthavādi,yathārthavādaṁ,,kn: ಯಥಾರ್ಥವಾದವನ್ನು ನಂಬುವಂತಹ || te: భౌతిక జగత్తు యొక్క ఉనికి మరియు ఇతర జ్ఞానము భౌతికతత్వాలతో కూడుకొని ఉంటుంది,form_similar,,,,
B001891,ಯು.ಎಸ್.ಎ,యు.ఎస్.,yu.es.e,yu.es.,,kn: ಉತ್ತರ ಅಮೇರಿಕಾ ಮಹಾದ್ವೀಪದ ಒಂದು ದೇಶ || te: ప్రపంచములో అగ్ర రాజ్యం.,form_similar,,,,
B001892,ರಕ್ಷಕ,రక్షణ,rakṣaka,rakṣaṇa,,kn: ರಕ್ಷಣೆಯನ್ನು ಮಾಡುವ ವ್ಯಕ್ತಿ || te: కంటికి రెప్పలా బాద్యత నిర్వహించటం,form_similar,,,,
B001893,ರಕ್ಷಣೆ,రక్షణ,rakṣaṇe,rakṣaṇa,,kn: ಒಂದು ವಸ್ತುವನ್ನು ಇನ್ನೊಂದು ವಸ್ತು ಮೇಲೊದಿಕೆಯಾಗಿ ರಕ್ಷಣೆ ಕೊಡುವುದು || te: కంటికి రెప్పలా బాద్యత నిర్వహించటం,form_similar,,,,
B001894,ರಾಕ್ಷಸ,రాక్షసి,rākṣasa,rākṣasi,,kn: ದೇವತೆಗಳ ಕೋರ ಶತ್ರುವಾದ ಮತ್ತು ಕಶ್ಯಪನ ದನು ಎನ್ನುವ ಹೆಸರಿನ ಹೆಂಡತಿಗೆ ಹುಟ್ಟಿದ ಮಗ || te: రాక్షసకులంలో పుట్టిన కన్య,form_similar,,,,
B001895,ರಾಕ್ಷಸ-ವಿವಾಹ,రాక్షసవివాహం,rākṣasa-vivāha,rākṣasavivāhaṁ,,"kn: ಎಂಟು ಪ್ರಕಾರದ ವಿವಾಹಗಳಲ್ಲಿ ಒಂದು, ಅದರಲ್ಲಿ ವರ ಕನ್ಯೆಯ ತಂದೆ-ತಾಯಿಗೆ ಕನ್ಯೆಗೆ ಬದಲಾಗಿ ದ್ರವ್ಯವನ್ನು ಅಥವಾ ಹಣವನ್ನು ನೀಡುತ್ತಾರೆ || te: యుద్ధం చేసే కన్యను తన భార్యగా చేసుకునే వివాహం",form_similar,,,,
B001896,ರಾಷ್ಟ್ರ,రాష్ట్రం,rāṣṭra,rāṣṭraṁ,,"kn: ಹಲವಾರು ಪ್ರಾಂತ್ಯ, ವಿಭಾಗ, ನಗರ, ಸಂವಿಧಾನಗಳನ್ನೊಳಗೊಂಡ ವಿಶಿಷ್ಟ ಭೂಮಿ || te: ఏ దేశంలో అయితే భిన్నసంసృతుల వివిధ భాషలు వ్యవహరాలు  కలిగివుంటారో",form_similar,,,,
B001897,ರೆಕಾರ್ಡು,రికార్డు,rekārḍu,rikārḍu,,kn: ಯಾವುದಾದರು ವಿಷಯದ ಸಂಬಂಧವಾಗಿ ಬರೆದಿರುವಂತಹ ಮಾತುಗಳು || te: ఏదైన పోటీలలో లేదా ఆటలలో ఎవరూ అందుకోలేని మరియు శాస్వత గుర్తుగా మిగిలే క్రియ,form_similar,,,,
B001898,ರೋಧನ,రోదన,rōdhana,rōdana,,kn: ಅತೀವವಾಗಿ ದುಃಖಿಸುವುದು ಅಥವಾ ಅತಿಯಾದ ದುಃಖವನ್ನು ವ್ಯಕ್ತಪಡಿಸುವುದು || te: మనస్సులోని బాధాను కళ్ళవెంట ధారగా వచ్చేది,form_similar,,,,
B001899,ಲಂಗೋಟಿ,లంగోటీ,laṁgōṭi,laṁgōṭī,,"kn: ಪಂಚೆ, ಸೀರೆ ಮುಂತಾದವುಗಳ ಸೆರಗನ್ನು ತೊಡೆಯ ಸಂದಿಯಿಂದ ಹಾಯಿಸಿ ಹಿಂದೆ ಸೊಂಟದಲ್ಲಿ ಸಿಕ್ಕಿಸಿ ಉಡುವ ಒಂದು ಕ್ರಮ || te: నడుము మీద ధరించేటటువంటి",form_similar,,,,
B001900,ಲಕ್ಷಣ,లక్షవ,lakṣaṇa,lakṣava,,"kn: ಯಾವುದೇ ವ್ಯಕ್ತಿ, ವಸ್ತು ಸಂಗತಿಗಳ ಹೊರ ಚಹರೆ, ಒಳ ಚಹರೆ, ಗುಣ ಮುಂತಾದವುಗಳನ್ನು ಸ್ಥೂಲವಾಗಿ ಹೇಳುವುದು || te: లెక్కింపులో నూరు వేల సంఖ్య",form_similar,,,,
B001901,ಲಕ್ಷದ,లక్షవ,lakṣada,lakṣava,,kn: ಲಕ್ಷ ರೂಪಾಯಿಗಳ || te: లెక్కింపులో నూరు వేల సంఖ్య,form_similar,,,,
B001902,ಲಾಯರು,లాయరు.,lāyaru,lāyaru.,,kn: ಯಾರು ವಕೀಲವೃತ್ತಿಯ ಪರೀಕ್ಷೆಯನ್ನು ಪಾಸುಮಾಡಿರುವರೋ ಮತ್ತು ನ್ಯಾಯಾಲದಯಲ್ಲಿ ಯಾರದೋ ಪರವಾಗಿ ವಾದಮಾಡುವವ || te: న్యాయస్థానంలో వాధించువాడు,form_similar,,,,
B001903,ಲೆಸೋಥೋ,లెసోథీ,lesōthō,lesōthī,,kn: ದಕ್ಷಿಣ ಆಫ್ರಿಕಾದ ಒಂದು ದೇಶ || te: లెసోథీకి సంబంధించిన,form_similar,,,,
B001904,ಲೇಖಕಿ,లేఖని,lēkhaki,lēkhani,,"kn: ಕಥೆ, ಲೇಖನಿ, ಮುಂತಾದದವುಗಳನ್ನು ಬರೆಯುವ ಹೆಂಗಸು || te: సిరాతో కాగితంపై రాయడానికి ఉపయోగపడేది",form_similar,,,,
B001905,ಲೇಪನ,లేపనం,lēpana,lēpanaṁ,,"kn: ಲೇಪಿಸುವ, ಸಾರಿಸುವ ಅಥವಾ  ಮುಚ್ಚುವ ವಸ್ತು || te: ఏదేని వస్తువుపై అలకడం.",form_similar,,,,
B001906,ವಂಚಕ,వంచన,vaṁcaka,vaṁcana,,kn: ದೃಷ್ಟಿಯಿಂದ ತಪ್ಪಿಸಿಕೊಂಡು ಯಾವುದೋ ಒಂದು ವಸ್ತುವನ್ನು ಕದ್ದುಕೊಂಡು ಹೋಗುವುದು || te: కుయుక్తితో వంచించే భావన,form_similar,,,,
B001907,ವಂಚನೆ,వంచన,vaṁcane,vaṁcana,,kn: ಅಲ್ಲಿರುವ ಯಾವುದಾದರೂ ಸ್ಥಾನದಲ್ಲಿ ಯಾವುದಾದರೂ ಸಮಯದಲ್ಲಿ ವಿಚಿತ್ರವಾದ ಘಟನೆಗಳು ಸಂಭವಿಸುತ್ತದೆ || te: కుయుక్తితో వంచించే భావన,form_similar,,,,
B001908,ವಕ್ರತೆ,వక్రత,vakrate,vakrata,,kn: ಸಹಜ ಆಕಾರ ಕೆಡಿಸಿಕೊಂಡ ಯಾವುದೇ ಅಂಗ ಅಥವಾ ಆವಯವದ ಸ್ಥಿತಿ || te: ఒక పక్కకు ఒరిగి ఉండే స్థితి.,form_similar,,,,
B001909,ವಚನ,వంచన,vacana,vaṁcana,,kn: ಮಾತಿನ ಮೂಲಕ ವ್ಯಕ್ತಪಡಿಸುವುದು || te: కుయుక్తితో వంచించే భావన,form_similar,,,,
B001910,ವರುಣ,వరుణం,varuṇa,varuṇaṁ,,"kn: ಸೌರಮಂಡಲದಿಂದ ತುಂಬಾ ದೂರವಿರುವ ಗ್ರಹ || te: నదులల్లో, చెరువులల్లో, వర్షాలలనుండి వచ్చేవి",form_similar,,,,
B001911,ವರ್ಗದ,వరద,vargada,varada,,kn: ಯಾವುದೇ ಜಾತಿ ಅಥವಾ ವರ್ಗಕ್ಕೆ  ಸೇರಿದವರು || te: అతివృష్టి వర్షాల కారణంగా కలిగే నీటి ఆపద,form_similar,,,,
B001912,ವರ್ಣದ,వరద,varṇada,varada,,kn: ಅಕ್ಷರಗಳಲ್ಲಿ ಬರೆದಿರುವಂತಹ || te: అతివృష్టి వర్షాల కారణంగా కలిగే నీటి ఆపద,form_similar,,,,
B001913,ವರ್ಣದ,వర్ణణ,varṇada,varṇaṇa,,kn: ಅಕ್ಷರಗಳಲ್ಲಿ ಬರೆದಿರುವಂತಹ || te: తన విచారణను లేద అబిప్రాయాలను ముందర ఉంచుట.,form_similar,,,,
B001914,ವರ್ಣದ,వర్ణన,varṇada,varṇana,,kn: ಅಕ್ಷರಗಳಲ್ಲಿ ಬರೆದಿರುವಂತಹ || te: ఇద్దరు వ్యక్తులు మాట్లాడుకోవటం,form_similar,,,,
B001915,ವರ್ಣಿತ,వర్ణిక,varṇita,varṇika,,"kn: ಯಾವುದಾದರೂ ಸಂದರ್ಭದ, ವಿಷಯದ ಇತ್ಯಾದಿಗಳ ವರ್ಣನೆ ಮಾಡಿರುವುದು || te: సిరాతో కాగితంపై రాయడానికి ఉపయోగపడేది",form_similar,,,,
B001916,ವರ್ಣಿಯ,వర్ణిక,varṇiya,varṇika,,kn: ಬಣ್ಣ ಅಥವಾ ವರ್ಣಕ್ಕೆ ಸಂಬಂದಿಸಿದುದು || te: సిరాతో కాగితంపై రాయడానికి ఉపయోగపడేది,form_similar,,,,
B001917,ವರ್ದನ,వర్ణన,vardana,varṇana,,kn: ತುಳಿಯುವಿಕೆಯ ಕ್ರಿಯೆ ಅಥವಾ ಭಾವ || te: ఇద్దరు వ్యక్తులు మాట్లాడుకోవటం,form_similar,,,,
B001918,ವರ್ಷಣ,వర్ణణ,varṣaṇa,varṇaṇa,,kn: ನೀರು ಹನಿ-ಹನಿಯಾಗಿ ಬೀಳುವ ಕ್ರಿಯೆ || te: తన విచారణను లేద అబిప్రాయాలను ముందర ఉంచుట.,form_similar,,,,
B001919,ವರ್ಷದ,వరద,varṣada,varada,,kn: ಒಂದು ವರ್ಷದ ಅವಧಿಯಲ್ಲಿ ನಡೆದುದನ್ನು ತಿಳಿಸುವುದು || te: అతివృష్టి వర్షాల కారణంగా కలిగే నీటి ఆపద,form_similar,,,,
B001920,ವಲಯ,వలయం,valaya,valayaṁ,,kn: ಭೂಗೋಳದ ಮೈಮೇಲೆ ವಿಷುವದ್ ವೃತ್ತಕ್ಕೆ ಸಮಾನಾಂತರವಾಗಿ ಎಳೆದ ವೃತ್ತಗಳ ನೆರವಿನಿಂದ ವಿಂಗಡಿಸಲಾಗಿರುವ ಐದು ಶೀತವಲಯಗಳಲ್ಲಿ ಒಂದು || te: స్త్రీలు ధరించే ఒక అభరణం,form_similar,,,,
B001921,ವಸಂತ-ಪಕ್ಷಿ,వసంత_పక్షి.,vasaṁta-pakṣi,vasaṁta_pakṣi.,,kn: ಕಪ್ಪ ಬಣ್ಣದ ಹಕ್ಕಿಯ ಧ್ವನಿ ಮಧುರವಾಗಿರುವುದು || te: ఒక రకమైన పక్షి శరీరం పచ్చరంగులో గొంతుభాగం ఎరుపు రంగులో వుంటుంది,form_similar,,,,
B001922,ವಸ್ತ್ರ,వస్త్రం,vastra,vastraṁ,,kn: ಧರಿಸುವ ವಸ್ತ್ರ || te: బౌద్ధ సన్యాసి ధరించే వస్త్రాలు,form_similar,,,,
B001923,ವಾರ್ಣಿಕ,వర్ణిక,vārṇika,varṇika,,kn: ಯಾವುದು ಆ ಸ್ವರಗ್ರಾಮದ ಅಥವಾ ಅದಕ್ಕೆ ಸಂಬಂಧಿಸಿದೆಯೋ ಯಾವುದರಲ್ಲಿ ಅರ್ಧಸ್ವರದಲ್ಲಿ ಸ್ವರ ಒಂದು ಇನ್ನೊಂದಕ್ಕೆ ಅನುಸರಣವಾಗಿರುತ್ತದೆಯೋ || te: సిరాతో కాగితంపై రాయడానికి ఉపయోగపడేది,form_similar,,,,
B001924,ವಾರ್ಣಿಕ,వార్షిక,vārṇika,vārṣika,,kn: ಯಾವುದು ಆ ಸ್ವರಗ್ರಾಮದ ಅಥವಾ ಅದಕ್ಕೆ ಸಂಬಂಧಿಸಿದೆಯೋ ಯಾವುದರಲ್ಲಿ ಅರ್ಧಸ್ವರದಲ್ಲಿ ಸ್ವರ ಒಂದು ಇನ್ನೊಂದಕ್ಕೆ ಅನುಸರಣವಾಗಿರುತ್ತದೆಯೋ || te: ఆశ్వీయుజ కార్తీక మాసములతో ఏర్పడు ఋతువు,form_similar,,,,
B001925,ವಾರ್ನೀಸು,వార్నీషు,vārnīsu,vārnīṣu,,"kn: ಮರ, ಲೋಹ ಮುಂತಾವುಗಳಿಗೆ ನುಣುಪು ಹೊಳಪು ಕೊಡಲು ತಿಕ್ಕುವ ಅಂಟುದ್ರವ್ಯ || te: లక్క మొదలైన వాటితో చేసిన సామగ్రి",form_similar,,,,
B001926,ವಾಸ್ತುಶಿಲ್ಪಕಾರ,వాస్తుశిల్పకళ,vāstuśilpakāra,vāstuśilpakaḷa,,"kn: ಮನೆ ಮೊದಲಾದವುಗಳನ್ನು ನಿರ್ಮಾಣ ಮಾಡುವ ಶಿಲ್ಪಕಾರ || te: వాస్తు లేక గది, భవనము మొదలైనవి నిర్మించే కళ",form_similar,,,,
B001927,ವಿಘ್ನ,విఘ్నం,vighna,vighnaṁ,,"kn: ಅಡ್ಡಿಯಾಗುವ ಕ್ರಿಯೆ, ಅವಸ್ಥೆ ಅಥವಾ ಭಾವನೆ || te: ఏదైన పని చేయు సమయంలో కలిగే బాధ.",form_similar,,,,
B001928,ವಿಚಾರ,విచారం,vicāra,vicāraṁ,,kn: ಅದರಲ್ಲಿ ಆಗುವಂತಹ ಕ್ರಿಯೆಯು ಇಡಲ್ಪಟ್ಟದ್ದು ಅಥವಾ ಸ್ಥಾಪಿತವಾದದ್ದು || te: యోచించేటటువంటి భావన.,form_similar,,,,
B001929,ವಿಜ್ಞಾನಿ,విఙ్ఞాని,vijñāni,viṅñāni,,kn: ವೈಜ್ಞಾನಿಕ ಸಂಶೋಧನೆಗಳನ್ನು ಮಾಡಿದವರು || te: ఏ పనినైన సఫలం చేసే తెలివి కలిగి వుండటం,form_similar,,,,
B001930,ವಿಜ್ಞಾನಿ,విజ్ఞాన్,vijñāni,vijñān,,kn: ವೈಜ್ಞಾನಿಕ ಸಂಶೋಧನೆಗಳನ್ನು ಮಾಡಿದವರು || te: ఈ పుస్తకంలో అన్ని అంశాలకు సంబంధించి సారాంశం వుంటుంది.,form_similar,,,,
B001931,ವಿಧಾನ,విధాత,vidhāna,vidhāta,,kn: ಕಾರ್ಯಗಳನ್ನು ಮಾಡುವ ರೀತಿ ಅಥವಾ ಪ್ರಣಾಳಿಕೆ || te: ధర్మగ్రంధం ప్రకారం సృష్టిని సృష్టించి తన అదుపాజ్ఞలలో పెట్టుకునేవాడు,form_similar,,,,
B001932,ವಿಧಾಯ,విధాత,vidhāya,vidhāta,,kn: ಒಂದು ಸ್ಥಳದಿಂದ ಮತ್ತೊಂದು ಸ್ಥಳಕ್ಕೆ ಹೋಗುವ ಕ್ರಿಯೆ || te: ధర్మగ్రంధం ప్రకారం సృష్టిని సృష్టించి తన అదుపాజ్ఞలలో పెట్టుకునేవాడు,form_similar,,,,
B001933,ವಿಧಾರ,విధాత,vidhāra,vidhāta,,kn: ಒಂದು ಜಾತಿಯ ಬಳ್ಳಿಯನ್ನು ಔಷಧಿಯ ರೂಪದಲ್ಲಿ ಬಳಸುತ್ತಾರೆ || te: ధర్మగ్రంధం ప్రకారం సృష్టిని సృష్టించి తన అదుపాజ్ఞలలో పెట్టుకునేవాడు,form_similar,,,,
B001934,ವಿಧುರ,విదుర,vidhura,vidura,,kn: ಒಬ್ಬ ಪುರುಷನ ಹೆಂಡತಿ ಸತ್ತುಹೋಗಿದ್ದಾಳೆ || te: మహాభారతంలో వర్ణించిన కౌరవుల రాజ్యం యొక్క మంత్రి,form_similar,,,,
B001935,ವಿರಕ್ತ,విరక్తి,virakta,virakti,,kn: ಸಂನ್ಯಾಸ ಆಶ್ರಮದಲ್ಲಿ ವಾಸಿಸುವವರು ಮತ್ತು ಅಲ್ಲಿನ ನಿಯಮವನ್ನು ಪಾಲಿಸುತ್ತಿರುವ  ವ್ಯಕ್ತಿ || te: అనుకొన్నది జరగకపోతే మనస్సునందు కలిగే భావన.,form_similar,,,,
B001936,ವಿರಾಗಿ,వైరాగి,virāgi,vairāgi,,kn: ಪ್ರಪಂಚದ ವಿಷಯಗಳಲ್ಲಿ ಅನಾಸಕ್ತಿ ತೋರುವಿಕೆ ಅಥವಾ ಪ್ರಾಂಪಂಚಿಕ ಮೋಹದಿಂದ ಬಿಡುಗಡೆ ಹೊಂದುವಿಕೆ || te: సంసార సాగారాన్ని విడిచి సత్యన్వేషణకై దైవాన్ని అన్వేషించే వ్యక్తి,form_similar,,,,
B001937,ವಿರಾಮ,విరామం,virāma,virāmaṁ,,kn: ಕೆಲಸದ ಅವಧಿಯ ನಡುವೆ ಸ್ವಲ್ಪ ಪ್ರಮಾಣದ ಬಿಡುವಿನ ಸಮಯ || te: ఖాలీ సమయం.,form_similar,,,,
B001938,ವಿಲಾಸ,విలాసం,vilāsa,vilāsaṁ,,kn: ಮನದ ಆ ಭಾವ ಅಥವಾ ಅವಸ್ಥೆ ಅದು ಪ್ರಿಯವಾದ ಅಥವಾ ಬಯಕೆಯ ವಸ್ತುಗಳ ಪಡೆದುಕೊಳ್ಳುವ ಅಥವಾ ಯಾವುದಾದರು ಒಳ್ಳೆಯ ಅಥವಾ ಶುಭ ಕಾರ್ಯ ಮಾಡುವುದರಲ್ಲಿ ಆಗುತ್ತದೆ || te: మనస్సుకు సంతోషాన్ని కలిగించే పని.,form_similar,,,,
B001939,ವಿವಾದ,వివాదం,vivāda,vivādaṁ,,kn: ಯಾರೋ ಒಬ್ಬರು ಜಗಳ ಅಥವಾ ತಕರಾರು ಮಾಡುವ ವ್ಯಕ್ತಿ || te: ఎవరి మాటనైన లేక సిద్దాంతాన్నైన వాదించే మాట.,form_similar,,,,
B001940,ವಿಶಾಖಾ,విశాఖ,viśākhā,viśākha,,kn: ಚಂದ್ರನು ವಿಶಾಖಾ ನಕ್ಷತ್ರಕ್ಕೆ ಬಂದಂತಹ ಸಮಯ || te: ఇరవై ఏడు నక్షత్రాలలో పదహారవది,form_similar,,,,
B001941,ವಿಶೇಷ,విశేషం,viśēṣa,viśēṣaṁ,,kn: ಸಾಧಾರಣವಾದ ಸ್ಥಿತಿಗಿಂತ ಹೆಚ್ಚಿನ ಮಟ್ಟದ ಅಥವಾ ಎಷ್ಟು ಆಗ ಬೇಕೋ ಅದಕ್ಕಿಂತಲೂ ಅಧಿಕವಾದಂತಹ ಸ್ಥಿತಿ || te: ఏదైనా విషయాన్ని గురించి పూర్తిగా తెలిసిన వ్యక్తి,form_similar,,,,
B001942,ವಿಷದ,విషదం,viṣada,viṣadaṁ,,kn: ವಿಷ ಅಥವಾ ನಂಜು ಇರುವ ಯಾವುದೇ ಪದಾರ್ಥ ಅಥವಾ ಸಂಗತಿ || te: భూమిలో ఉన్న నీటిని ఆవిరి రూపంలో గ్రహించి ఘన రూపంలో ఏర్పడిన ఒక రూపం,form_similar,,,,
B001943,ವಿಷಯ,విషయం,viṣaya,viṣayaṁ,,"kn: ಆ ಸೂಚನೆ ರೇಡಿಯೋ, ಸಮಾಚಾರಪತ್ರ, ವೃತ್ತಪತ್ರಿಕೆ ಮೊದಲಾದವುಗಳಿಂದ ಪ್ರಾಪ್ತವಾದದ್ದು || te: లోపల దాగివున్న అర్థము",form_similar,,,,
B001944,ವಿಷಾದ,విషాదం,viṣāda,viṣādaṁ,,kn: ಅಭಿಲಾಶೆಯು ಪೂರ್ತಿಯಾಗದೆ ಇರುವಾಗ ಮನಸ್ಸಿನಲ್ಲಿ ಉಂಟಾಗುವಂತಹ ದುಃಖ || te: ఏదైన పనిలో మనస్సు నిమగ్నం చేయలేక పోవుట.,form_similar,,,,
B001945,ವಿಹಾರ,విహారం,vihāra,vihāraṁ,,kn: ಅಲೆದಾಟುವ ಕ್ರಿಯೆ || te: ఒక స్థలం నుంచి మరోక సందర్శన స్థలం వరకు చేసే ప్రయాణం,form_similar,,,,
B001946,ವೃತ್ತ,వృత్తం,vr̥tta,vr̥ttaṁ,,"kn: ಒಂದು ಸಮತಲದಲ್ಲಿ ಯಾವುದೇ ಒಂದು ಬಿಂದುವಿನಿಂದ ಸಮದೂರವಿರುವ ಬಿಂದುಗಳನ್ನೆಲ್ಲಾ ಸೇರಿಸಿದರೆ ರೂಪುಗೊಳ್ಳುವ, ತುದಿಯಲ್ಲದ ರೇಖೆ || te: బంతి ఆకారంలో వుండటం",form_similar,,,,
B001947,ವೃದ್ಧ,వృద్ధి,vr̥ddha,vr̥ddhi,,kn: ಎಪ್ಪತ್ತು ವರ್ಷಕ್ಕಿಂತ ಹೆಚ್ಚು ವಯಸ್ಸಾಗಿರುವ ವ್ಯಕ್ತಿ || te: ఉన్నత స్థితికి చేరుకునే కార్యం లేదా భావన,form_similar,,,,
B001948,ವೃದ್ಧಿ,వృద్ది,vr̥ddhi,vr̥ddi,,kn: ಅಧಿಕವಾಗಿ ನೀರು ಸುರಿಯುತ್ತಿರುವ ಕಾರಣ ನದಿ ಅಥವಾ ಕೆರೆ/ಜಲಾಶಯ ಮುಂತಾದವುಗಳಲ್ಲಿ ನೀರು ತನ್ನ ಇಚ್ಛೆ ಅಥವಾ ಸಾಧಾರಣವಾದ ಗಡಿಯನ್ನು ಮೀರಿ ಈಕಡೆ-ಆಕಡೆ ಹರಿಯುವ ಕ್ರಿಯೆ || te: పెరిగే క్రియ.,form_similar,,,,
B001949,ವೃಷ್ಠಿ,వృష్టి,vr̥ṣṭhi,vr̥ṣṭi,,kn: ಯಾವುದೇ ವಸ್ತು ಮುಂತಾದವುಗಳನ್ನು ಹೆಚ್ಚು ಪ್ರಮಾಣದಲ್ಲಿ ಮೇಲಿನಿಂದ ಬೀಳುವ ಅಥವಾ ಬೀಳಿಸುವ ಕ್ರಿಯೆ || te: మగ జాతికి చెందిన గొర్రె,form_similar,,,,
B001950,ವೈಜಯಂತಿಮಾಲೆ,వైజయంతీమాల,vaijayaṁtimāle,vaijayaṁtīmāla,,kn: ಒಂದು ಪ್ರಕಾರದ ಮಾಲೆ ಅದರಲ್ಲಿ ಐದು ವರ್ಣದ ಹೂಗಳು ಇರುತ್ತದೆ || te: ఒక రకమైన సువాసన వెదజల్లే పుష్పం,form_similar,,,,
B001951,ವೈದ್ಯ,వైద్యం,vaidya,vaidyaṁ,,kn: ವೈದಿಕಶಾಸ್ತ್ರದ ಅನುಸಾರವಾಗಿ ರೋಗಿಗಳ ಚಿಕಿತ್ಸೆಯನ್ನು ಮಾಡುವ ಚಿಕಿತ್ಸಕ || te: రోగాన్ని దూరం చేయునది.,form_similar,,,,
B001952,ವೈದ್ಯಶಾಸ್ತ್ರ,వైద్య_శాస్త్రం,vaidyaśāstra,vaidya_śāstraṁ,,kn: ಶಾಸ್ತ್ರದಲ್ಲಿ ರೋಗಗಳನ್ನು ಪತ್ತ ಮಾಡಿ ಮತ್ತು ಅದನ್ನು ಗಿಡ-ಮೂಲಿಕೆಯಿಂದ ಹೇಗೆ ವಾಸಿ ಮಾಡಬಹುದೆಂಬುದರ ಬಗ್ಗೆ ವಿವೇಚನೆ ನೀಡಿರುತ್ತಾರೆ || te: చికిత్సకు సంబంధించిన విజ్ఞానము.,form_similar,,,,
B001953,ವ್ಯಾಜ್ಯ,వ్యాజ్యం,vyājya,vyājyaṁ,,kn: ಶತ್ರುವಿನ ಎರಡು ದಳಗಳ ನಡುವೆ ಶಸ್ತ್ರದಿಂದ ನಡೆಯುವ  ಯುದ್ಧ || te: ఆస్తి లేదా అధికార రక్షణ కొరకు వేసిన న్యాయస్థానంలో చేసిన వ్యాజ్యం,form_similar,,,,
B001954,ವ್ಯಾಪಾರ,వ్యాపారి,vyāpāra,vyāpāri,,kn: ಖರೀದಿಸುವಿಕೆ ಮತ್ತು ಮಾರುವಿಕೆಗೆ ಸಂಬಂಧಿಸಿದ ಮಾತು ಕತೆ ಅಥವಾ ವ್ಯವಹಾರ || te: సరుకులను అమ్మేవాడు,form_similar,,,,
B001955,ಶಂಕರಿ,శర్కరి,śaṁkari,śarkari,,kn: ಶಿವನ ಹೆಂಡತಿ || te: లోహంతో తయారుచేయబడిన కలం,form_similar,,,,
B001956,ಶಂಭು,శంభుక్,śaṁbhu,śaṁbhuk,,kn: ಹಿಂದೂಗಳು ಒಬ್ಬ ದೇವನು  ಸೃಷ್ಟಿಯನ್ನು ನಿರ್ಮಿಸಿದ್ದಾರೆಂದು ನಂಬಿರುವರು || te: సన్యాసుల చేతిలో వుండే పవిత్రమైన వస్తువు,form_similar,,,,
B001957,ಶತಕ,శతకం,śataka,śatakaṁ,,kn: ನೂರು ವರ್ಷದ ಸಮಯ || te: పదిపదుల వస్తువులు.,form_similar,,,,
B001958,ಶರಣೀ,శక్రణీ,śaraṇī,śakraṇī,,kn: ದೇವಾಧಿಪತಿಯಾದ ಇಂದ್ರನ ಮಗಳು || te: ఇంద్రుని యొక్క భార్య,form_similar,,,,
B001959,ಶರ್ಕರೆ,శర్కరి,śarkare,śarkari,,kn: ಕಬ್ಬಿನ ರಸದಿಂದ ತಯಾರಿಸಿದ ಸಿಹಿಯಾದ ಪದಾರ್ಥ || te: లోహంతో తయారుచేయబడిన కలం,form_similar,,,,
B001960,ಶಾಂತನು,శాంతము,śāṁtanu,śāṁtamu,,kn: ಒಬ್ಬ ಚಂದ್ರವಂಶದ ರಾಜನು ಭೀಷ್ಮಪಿತಾಮಹನ ತಂದೆಯಾಗಿದ್ದರು || te: ఇందులో ఉగ్రత లేని.,form_similar,,,,
B001961,ಶಾಸನ,శాసనం,śāsana,śāsanaṁ,,"kn: ದೇಶ, ರಾಜ್ಯ ಮುಂತಾದವುಗಳ ಶಾಸನವನ್ನು ರಚನೆ ಮಾಡುವ ಸಂಸ್ಥೆ ಅಥವಾ ಸಂಘ || te: రాజ్యంగం ప్రకారం దీనిని అతిక్రమిస్తే శిక్షను అమలు పరుస్తారు",form_similar,,,,
B001962,ಶಿಕ್ಷಕ,శిక్షణ,śikṣaka,śikṣaṇa,,kn: ಯಾರು ವಿದ್ಯಾರ್ಥಿಗಳಿಗೆ ಪಾಠವನ್ನು ಹೇಳಿಕೊಡುತ್ತಾರೋ || te: చదువు నేర్పించే పని.,form_similar,,,,
B001963,ಶಿಖರ,శిఖరి,śikhara,śikhari,,"kn: ಯಾವುದೇ ವಸ್ತು ಸಂಗತಿಯ ಮೇಲಿನ ಭಾಗ || te: కొమ్మలు, ఆకులను కలిగి ఉండేది",form_similar,,,,
B001964,ಶೀತಲ,శీతలం,śītala,śītalaṁ,,kn: ಮುಖ್ಯವಾಗಿ ಮನುಷ್ಯ ದೇಹದ ಶಾಖ ಅಥವಾ ಪ್ರಾಕೃತ ವಸ್ತುವಿನ ಶಾಖದೊಂದಿಗೆ ಹೋಲಿಸಿದಾಗ ಕಡಿಮೆ ಕಾವಿನ ವಾತಾವರಣ || te: ఏదేని వస్తువు సురక్షితంగా ఉండడానికి చల్లగా ఉంచే క్రియ,form_similar,,,,
B001965,ಶುಭಮುಹೂರ್ತ,శుభముహూర్తం.,śubhamuhūrta,śubhamuhūrtaṁ.,,kn: ನಿರ್ದಿಷ್ಟವಾದ ಕ್ಷಣ ಅಥವಾ ಸಮಯ || te: పగలు-రాత్రిలో మూడవ భాగం,form_similar,,,,
B001966,ಶುಶ್ರೂಷೆ,శుశ్రూష,śuśrūṣe,śuśrūṣa,,"kn: ಸಹಾನುಭೂತಿಯನ್ನು ಹೊಂದಿರುವಂತಹ || te: పెద్దలు, పూజ్యనీయులకు సుఖమునందించుటకు చేయు మర్యాదపూర్వకమైన పని.",form_similar,,,,
B001967,ಶೃಂಗ,శృంగం,śr̥ṁga,śr̥ṁgaṁ,,kn: ಭೂಮಿಯ ಮೇಲ್ಭಾಗವು ತಗ್ಗು-ದಿನ್ನೆಗಳಿಂದ ಕೂಡಿದ್ದು ಮತ್ತು ಪ್ರಯಶಃ ಕಲ್ಲಿನಿಂದ ತುಂಬಿರುವ ಪ್ರಕೃತಿಯ ಭಾಗ || te: దేవాలయం పైన వుండే భాగం .,form_similar,,,,
B001968,ಶೋಧಕ,శోధన,śōdhaka,śōdhana,,"kn: ಯಾವುದೇ ಹೊಸ ವಸ್ತು, ಸಂಗತಿಯನ್ನು ಸಂಶೋಧನೆಯ ಮೂಲಕ ಬೆಳಕಿಗೆ ತಂದವ || te: క్రొత్త విషయాలను కనుగొనుట.",form_similar,,,,
B001969,ಶೋಭನ,శోధన,śōbhana,śōdhana,,kn: ಮದುವೆಯ ನಂತರ ವಧು-ವರರು ಮೊದಲ ಬಾರಿಗೆ ಸಮಾಗಮ ಹೊಂದುವ ರಾತ್ರಿ || te: క్రొత్త విషయాలను కనుగొనుట.,form_similar,,,,
B001970,ಶ್ರದ್ಧೆ,శ్రద్ధ,śraddhe,śraddha,,kn: ಅದರಲ್ಲಿ ಆಗುವಂತಹ ಕ್ರಿಯೆಯು ಇಡಲ್ಪಟ್ಟದ್ದು ಅಥವಾ ಸ್ಥಾಪಿತವಾದದ್ದು || te: నిరంతర,form_similar,,,,
B001971,ಶ್ರಾದ್ಧ,శ్రద్ధ,śrāddha,śraddha,,kn: ಯಾವುದಾದರು ಮಹಾಪುರುಷ ಮೊದಲಾದವರುಗಳ ನಿಧನದ ತಿಥಿಯಲ್ಲಿ ಅವರ ಗುಣ ಮತ್ತು ಕೀರ್ತಿಯ ವರ್ಣನೆ ಮತ್ತು ಸ್ಮರಣೆಯನ್ನು ಮಾಡಲಾಗುತ್ತದೆ || te: నిరంతర,form_similar,,,,
B001972,ಶ್ರೇಷ್ಟ,శ్రేష్టం,śrēṣṭa,śrēṣṭaṁ,,kn: ಯಾವುದೇ ಕ್ಷೇತ್ರ ಅಥವಾ ವಿಭಾಗದಲ್ಲಿ ಮುಖ್ಯವಾದ ಜವಾಬ್ದಾರಿಗಳನ್ನು ನಿರ್ವಹಿಸುವವ || te: మంచి,form_similar,,,,
B001973,ಸಂಖ್ಯಾ-ಶಾಸ್ತ್ರ,సంఖ్యాశాస్త్రం,saṁkhyā-śāstra,saṁkhyāśāstraṁ,,kn: ಮಾನವನ ಜೀವನದ ಮೇಲೆ ಆಗುವಂತಹ ಸಂಖ್ಯೆಗಳ ನಿಗೂಢ ಪ್ರಭಾವಕ್ಕೆ ಸಂಬಂಧಿಸಿದ  ಶಾಸ್ತ್ರ || te: సంఖ్యలు గురించి తెలిపే శాస్త్రం,form_similar,,,,
B001974,ಸಂಖ್ಯಾ_ಶಾಸ್ತ್ರ,సంఖ్యాశాస్త్రం,saṁkhyā_śāstra,saṁkhyāśāstraṁ,,kn: ಮಾನವನ ಜೀವನದ ಮೇಲೆ ಆಗುವಂತಹ ಸಂಖ್ಯೆಗಳ ನಿಗೂಢ ಪ್ರಭಾವಕ್ಕೆ ಸಂಬಂಧಿಸಿದ  ಶಾಸ್ತ್ರ || te: సంఖ్యలు గురించి తెలిపే శాస్త్రం,form_similar,,,,
B001975,ಸಂಗಡ,సంగడి,saṁgaḍa,saṁgaḍi,,kn: ಜತೆಯಾಗಿ ಇರುವ ಭಾವನೆ || te: బలమైన అభిమానం,form_similar,,,,
B001976,ಸಂಗತಿ,సంగడి,saṁgati,saṁgaḍi,,"kn: ಮನದ ತಗ್ಗು ಅಥವಾ ಯಾವುದಾದರು ವಾಸ್ತವಿಕವಾದ ಘಟನೆಗಳ ಆಧಾರದ ಮೇಲೆ ಪ್ರಸ್ತುತವಾಗುವ ಮೌಖಿಕವಾದ ಅಥವಾ ಲಿಖಿತ ರೂಪದ ವಿವರಣೆ ಅದರ ಮುಖ್ಯವಾದ ಉದ್ದೇಶ ಅಧ್ಯಯನಕಾರರಿಗೆ ಮನೋರಂಜನೆಯನ್ನು ನೀಡುವುದು, ಅವರಿಗೆ ಯಾವುದಾದರು ಶಿಕ್ಷೆಯನ್ನು ನೀಡುವುದು ಅಥವಾ ಯಾವುದಾದರು ವಸ್ತುಸ್ಥಿತಿಗಳ ಪರಿಚಯವನ್ನು ಮಾಡಿಕೊಡುವುದಾಗಿರುತ್ತದೆ || te: బలమైన అభిమానం",form_similar,,,,
B001977,ಸಂಗತಿ,సంగతీ,saṁgati,saṁgatī,,"kn: ಮನದ ತಗ್ಗು ಅಥವಾ ಯಾವುದಾದರು ವಾಸ್ತವಿಕವಾದ ಘಟನೆಗಳ ಆಧಾರದ ಮೇಲೆ ಪ್ರಸ್ತುತವಾಗುವ ಮೌಖಿಕವಾದ ಅಥವಾ ಲಿಖಿತ ರೂಪದ ವಿವರಣೆ ಅದರ ಮುಖ್ಯವಾದ ಉದ್ದೇಶ ಅಧ್ಯಯನಕಾರರಿಗೆ ಮನೋರಂಜನೆಯನ್ನು ನೀಡುವುದು, ಅವರಿಗೆ ಯಾವುದಾದರು ಶಿಕ್ಷೆಯನ್ನು ನೀಡುವುದು ಅಥವಾ ಯಾವುದಾದರು ವಸ್ತುಸ್ಥಿತಿಗಳ ಪರಿಚಯವನ್ನು ಮಾಡಿಕೊಡುವುದಾಗಿರುತ್ತದೆ || te: గాయకుడు వాయిద్యంలో పలికించేటటువంటిది",form_similar,,,,
B001978,ಸಂಗತಿ,సంగాతి,saṁgati,saṁgāti,,"kn: ಮನದ ತಗ್ಗು ಅಥವಾ ಯಾವುದಾದರು ವಾಸ್ತವಿಕವಾದ ಘಟನೆಗಳ ಆಧಾರದ ಮೇಲೆ ಪ್ರಸ್ತುತವಾಗುವ ಮೌಖಿಕವಾದ ಅಥವಾ ಲಿಖಿತ ರೂಪದ ವಿವರಣೆ ಅದರ ಮುಖ್ಯವಾದ ಉದ್ದೇಶ ಅಧ್ಯಯನಕಾರರಿಗೆ ಮನೋರಂಜನೆಯನ್ನು ನೀಡುವುದು, ಅವರಿಗೆ ಯಾವುದಾದರು ಶಿಕ್ಷೆಯನ್ನು ನೀಡುವುದು ಅಥವಾ ಯಾವುದಾದರು ವಸ್ತುಸ್ಥಿತಿಗಳ ಪರಿಚಯವನ್ನು ಮಾಡಿಕೊಡುವುದಾಗಿರುತ್ತದೆ || te: స్నేహితులలో అమ్మాయిలు లేక ఆడవారు",form_similar,,,,
B001979,ಸಂಗತಿ,సంతతి,saṁgati,saṁtati,,"kn: ಮನದ ತಗ್ಗು ಅಥವಾ ಯಾವುದಾದರು ವಾಸ್ತವಿಕವಾದ ಘಟನೆಗಳ ಆಧಾರದ ಮೇಲೆ ಪ್ರಸ್ತುತವಾಗುವ ಮೌಖಿಕವಾದ ಅಥವಾ ಲಿಖಿತ ರೂಪದ ವಿವರಣೆ ಅದರ ಮುಖ್ಯವಾದ ಉದ್ದೇಶ ಅಧ್ಯಯನಕಾರರಿಗೆ ಮನೋರಂಜನೆಯನ್ನು ನೀಡುವುದು, ಅವರಿಗೆ ಯಾವುದಾದರು ಶಿಕ್ಷೆಯನ್ನು ನೀಡುವುದು ಅಥವಾ ಯಾವುದಾದರು ವಸ್ತುಸ್ಥಿತಿಗಳ ಪರಿಚಯವನ್ನು ಮಾಡಿಕೊಡುವುದಾಗಿರುತ್ತದೆ || te: పూర్వికుల నుండి వచ్చు వర్గం లేక సమూహం.",form_similar,,,,
B001980,ಸಂಗತಿ,సంహతి,saṁgati,saṁhati,,"kn: ಮನದ ತಗ್ಗು ಅಥವಾ ಯಾವುದಾದರು ವಾಸ್ತವಿಕವಾದ ಘಟನೆಗಳ ಆಧಾರದ ಮೇಲೆ ಪ್ರಸ್ತುತವಾಗುವ ಮೌಖಿಕವಾದ ಅಥವಾ ಲಿಖಿತ ರೂಪದ ವಿವರಣೆ ಅದರ ಮುಖ್ಯವಾದ ಉದ್ದೇಶ ಅಧ್ಯಯನಕಾರರಿಗೆ ಮನೋರಂಜನೆಯನ್ನು ನೀಡುವುದು, ಅವರಿಗೆ ಯಾವುದಾದರು ಶಿಕ್ಷೆಯನ್ನು ನೀಡುವುದು ಅಥವಾ ಯಾವುದಾದರು ವಸ್ತುಸ್ಥಿತಿಗಳ ಪರಿಚಯವನ್ನು ಮಾಡಿಕೊಡುವುದಾಗಿರುತ್ತದೆ || te: ఏ ప్రాణికైన అన్ని అవయవాలు కలిపి ఉండేది",form_similar,,,,
B001981,ಸಂಗಾತಿ,సంగతి,saṁgāti,saṁgati,,kn: ಯಾರಾದರೂ ವಿವಾಹವಾದಂತಹ ಮಹಿಳೆ || te: ప్రజల మధ్యకు వెళ్ళి పరస్పర సంబంధమును లేదా విషయాన్నితెలియజేయునదివిషయాన్నితెలియజేయునదివిషయాన్నితెలియజేయునది,form_similar,,,,
B001982,ಸಂಗಾತಿ,సంపాతి,saṁgāti,saṁpāti,,kn: ಯಾರಾದರೂ ವಿವಾಹವಾದಂತಹ ಮಹಿಳೆ || te: రామాయణంలో వర్ణించిన ఒక పెద్ద గ్రద్ధ అది జటాయువు యొక్క పెద్ద అన్నయ్య,form_similar,,,,
B001983,ಸಂಘ,సంఘం,saṁgha,saṁghaṁ,,kn: ಒಟ್ಟಿಗೆ ಕೆಲಸ ಮಾಡುವ ಜನಗಳ ಸಮೂಹ || te: ఏదేని ప్రత్యేకమైన పనికోసము తయారైన సభ.,form_similar,,,,
B001984,ಸಂಚಾರ,సంచారి,saṁcāra,saṁcāri,,kn: ಮನಸ್ಸನ್ನು ಮುದಗೊಳಿಸುವುದಕ್ಕಾಗಿ ಅಥವಾ ಬೇರೆ ಕಾರಣಕ್ಕಾಗಿ ತಿರುಗಾಡುವ ಕ್ರಿಯೆ || te: పని-పాట లేకుండా తిరిగే వ్యక్తి,form_similar,,,,
B001985,ಸಂಚಾರ,సంచారీ,saṁcāra,saṁcārī,,kn: ಮನಸ್ಸನ್ನು ಮುದಗೊಳಿಸುವುದಕ್ಕಾಗಿ ಅಥವಾ ಬೇರೆ ಕಾರಣಕ್ಕಾಗಿ ತಿರುಗಾಡುವ ಕ್ರಿಯೆ || te: ఒకచోట వుండకుండా అటు ఇటు తిరగటం,form_similar,,,,
B001986,ಸಂಚಾರಿ,సంచారీ,saṁcāri,saṁcārī,,kn: ಒಂದೇ ಸ್ಥಳದಲ್ಲಿ ನೆಲಸದೆ ಇರುವ || te: ఒకచోట వుండకుండా అటు ఇటు తిరగటం,form_similar,,,,
B001987,ಸಂಚಾರಿ,సంసారి,saṁcāri,saṁsāri,,"kn: ಒಂದೇ ಸ್ಥಳದಲ್ಲಿ ನೆಲಸದೆ ಇರುವ || te: ఇల్లు, ఇల్లాలు, పిల్లలు గల వక్తి",form_similar,,,,
B001988,ಸಂತತ,సంతతి,saṁtata,saṁtati,,kn: ಒಂದಾದ ಮೇಲೊಂದರಂತೆ ಕ್ರಮವಾಗಿ ಬರುವುದು || te: పూర్వికుల నుండి వచ్చు వర్గం లేక సమూహం.,form_similar,,,,
B001989,ಸಂತತಿ,సంగతి,saṁtati,saṁgati,,kn: ಯಾವುದೋ ಒಂದು ವಂಶದಲ್ಲಿ ಹುಟ್ಟಿದವ || te: ప్రజల మధ్యకు వెళ్ళి పరస్పర సంబంధమును లేదా విషయాన్నితెలియజేయునదివిషయాన్నితెలియజేయునదివిషయాన్నితెలియజేయునది,form_similar,,,,
B001990,ಸಂತತಿ,సంహతి,saṁtati,saṁhati,,kn: ಯಾವುದೋ ಒಂದು ವಂಶದಲ್ಲಿ ಹುಟ್ಟಿದವ || te: ఏ ప్రాణికైన అన్ని అవయవాలు కలిపి ఉండేది,form_similar,,,,
B001991,ಸಂದಣಿ,సందడి,saṁdaṇi,saṁdaḍi,,kn: ಒಂದು ಜಾಗದಲ್ಲಿ ಅದೇ ಸಮಯದಲ್ಲಿ ಆಗುವಂತಹ ತುಂಬಾ ಜನರ ಗುಂಪು/ ಜನಸಮೂಹ || te: ఎక్కువ శబ్దం లేక గట్టిగా అరవడం.,form_similar,,,,
B001992,ಸಂದೇಹ,సందేశ,saṁdēha,saṁdēśa,,kn: ಅನಿಷ್ಟ ಆಗುವುದರಿಂದ ಮನಸ್ಸಿನಲ್ಲಿ ಮೂಡುವ ಕಲ್ಪನೆ || te: ఒక రకమైన బెంగాల్ మిఠాయి,form_similar,,,,
B001993,ಸಂಧಿ,స్కంధి,saṁdhi,skaṁdhi,,"kn: ರಾಜ್ಯ, ದಳ ಮೊದಲಾದವುಗಳಲ್ಲಿ ಆಗುವ ನಿಶ್ಚಯದ ಪ್ರಕಾರ ನಾವು ಪರಸ್ಪರ ಯುದ್ಧಮಾಡುವುದಿಲ್ಲ ಮತ್ತು ಮಿತ್ರತ್ವದ ಪೂರಕವಾಗಿ ಇರುತ್ತೇವೆ ಅಥವಾ ಇಂಥ ಕ್ಷೇತ್ರದಲ್ಲಿ ಇಂಥ ಪ್ರಕಾರದಲ್ಲಿ ವ್ಯವಹಾರವನ್ನು ಮಾಡುತ್ತೇವೆ || te: కొమ్మలు, ఆకులను కలిగి ఉండేది",form_similar,,,,
B001994,ಸಂಧ್ಯ,సంఖ్య,saṁdhya,saṁkhya,,kn: ದೇವರ ಉಪಾಸನೆಯನ್ನು ಸಂಧ್ಯ ಕಾಲದಲ್ಲಿ ಮಾಡುತ್ತಾರೆ || te: లెక్క చూచిక,form_similar,,,,
B001995,ಸಂಪತೀ,సంగతీ,saṁpatī,saṁgatī,,kn: ರಾಮಾಯಣದಲ್ಲಿ ವರ್ಣಿತವಾಗಿರುವ ಒಂದು ರಣಹದ್ದು ಅದು ಚಟಾಯುವಿನ ದೊಡ್ಡ ಅಣ್ಣ || te: గాయకుడు వాయిద్యంలో పలికించేటటువంటిది,form_similar,,,,
B001996,ಸಂಪಾತಿ,సంగాతి,saṁpāti,saṁgāti,,kn: ರಾಮಾಯಣದಲ್ಲಿ ವರ್ಣಿತವಾಗಿರುವ ಒಂದು ರಣಹದ್ದು ಅದು ಚಟಾಯುವಿನ ದೊಡ್ಡ ಅಣ್ಣ || te: స్నేహితులలో అమ్మాయిలు లేక ఆడవారు,form_similar,,,,
B001997,ಸಂಸದ,సంపద,saṁsada,saṁpada,,kn: ಸಂಸತ್ ಸದಸ್ಯನಾಗಿ ಚುನಾಯಿತನಾದ ವ್ಯಕ್ತಿ || te: ఆదాయ వ్యయాలకు సంబందించినది,form_similar,,,,
B001998,ಸಂಸಾರ,సంసారి,saṁsāra,saṁsāri,,"kn: ಒಂದು ಮನೆಯ ಜನರು ಅಥವಾ ಒಂದು ದೇವರ ಅಧೀನದಲ್ಲಿ ಸಂರಕ್ಷಿತವಾಗಿರುವ ಜನರು || te: ఇల్లు, ఇల్లాలు, పిల్లలు గల వక్తి",form_similar,,,,
B001999,ಸಂಸಾರಿ,సంచారి,saṁsāri,saṁcāri,,kn: ಗೃಹಸ್ಥಾಶ್ರಮದಲ್ಲಿ ಇರುವಂತಹ ವ್ಯಕ್ತಿ || te: పని-పాట లేకుండా తిరిగే వ్యక్తి,form_similar,,,,
B002000,ಸಕ್ರಿಯ,సకియ,sakriya,sakiya,,kn: ಸದಾ ಕ್ರಿಯೆಯಲ್ಲಿ ತೊಡಗಿಕೊಂಡಿರುವ ಅಥವಾ ಸದಾ ಲವಲವಿಕೆಯಿಂದ ಯಾವುದಾದರೂ ಕೆಲಸದಲ್ಲಿ ತೊಡಗಿಕೊಂಡಿರುವಿಕೆ ಅಥವಾ ಅಂತಹ ಗುಣ || te: స్నేహితులలో అమ్మాయిలు లేక ఆడవారు,form_similar,,,,
B002001,ಸತಿತ್ವ,సహిత్వ,satitva,sahitva,,kn: ಪತ್ನಿಗೆ ತನ್ನ ಪತಿಯ ಮೇಲೆ ಇರುವ ಅನನ್ಯ ಪ್ರೀತಿ ಮತ್ತು ಭಕ್ತಿ ಅಥವಾ ಪತಿಯ ಮೇಲೆ ಇರುವಂತಹ ಪೂರ್ಣ ನಿಷ್ಠೆಯ ಭಾವನೆ || te: రక్తసంబంధం కానిది,form_similar,,,,
B002002,ಸತ್ತುಗ,సత్తువ,sattuga,sattuva,,"kn: ಹುರಿದ ಜವೆಗೋದಿ, ಕಡಲೆಯ ಚೂರ್ಣ || te: పని చెయ్యడానికి కావల్సినది.",form_similar,,,,
B002003,ಸದನ,సదనం,sadana,sadanaṁ,,"kn: ಮನುಷ್ಯರು ವಾಸಮಾಡಲು ಕಟ್ಟಿಕೊಂಡ ಸೂರು ಅಥವಾ ಮನುಷ್ಯರು ವಾಸಮಾಡುವ ಸ್ಥಳ || te: ఎండ, వాన, చలి నుంచి కాపాడుకోవాడానికి నిర్మించుకునేది",form_similar,,,,
B002004,ಸದಸ್ಯ,సమస్య,sadasya,samasya,,kn: ಸಭೆ ಅಥವಾ ಸಮಾಜದಲ್ಲಿ ಒಂದಾಗುವ ವ್ಯಕ್ತಿ || te: చిక్కుతో కూడిన విషయం.,form_similar,,,,
B002005,ಸದ್ಗತಿ,సంగతి,sadgati,saṁgati,,kn: ಸತ್ತನಂತರದಲ್ಲಿ ಒಳ್ಳೆಯ ಲೋಕಕ್ಕೆ ಹೋಗುವ ಕ್ರಿಯೆ || te: ప్రజల మధ్యకు వెళ్ళి పరస్పర సంబంధమును లేదా విషయాన్నితెలియజేయునదివిషయాన్నితెలియజేయునదివిషయాన్నితెలియజేయునది,form_similar,,,,
B002006,ಸಮತಲ_ಭೂಮಿ,సమతులభూమి,samatala_bhūmi,samatulabhūmi,,kn: ಉದ್ದವಾದ-ಅಗಲವಾದ ಸಮತಲವಾದ ಭೂಮಿ || te: పర్వతం పై భాగంలో మైదానపు భూమి,form_similar,,,,
B002007,ಸಮಯ,సమస్య,samaya,samasya,,kn: ಪೂರ್ತಿ ಹಗಲು-ರಾತ್ರಿಯ ಎಂಟನೇ ಭಾಗ || te: చిక్కుతో కూడిన విషయం.,form_similar,,,,
B002008,ಸಮಸ್ತ,సమస్య,samasta,samasya,,kn: ಎಷ್ಟಿದೆಯೋ ಅಷ್ಟೂ || te: చిక్కుతో కూడిన విషయం.,form_similar,,,,
B002009,ಸಮಾಜ_ಶಾಸ್ತ್ರಿ,సమాజ_శాస్త్రం,samāja_śāstri,samāja_śāstraṁ,,kn: ಸಮಾಜಶಾಸ್ತ್ರದ ಜ್ಞಾತ || te: వ్యక్తుల సంబంధాలను అధ్యయనం చేసే శాస్త్రం,form_similar,,,,
B002010,ಸಮಾಜ_ಶಾಸ್ತ್ರೀ,సమాజ_శాస్త్రం,samāja_śāstrī,samāja_śāstraṁ,,kn: ಸಮಾಜಶಾಸ್ತ್ರದ ಜ್ಞಾತ || te: వ్యక్తుల సంబంధాలను అధ్యయనం చేసే శాస్త్రం,form_similar,,,,
B002011,ಸರಸ್ಸು,సదస్సు,sarassu,sadassu,,"kn: ಉದ್ದವಾದ-ವಿಸ್ತಾರ/ಅಗಲವಾದ ಜಲಾಶಯ ಅದು ವಿಶೇಷವಾಗಿ ಪ್ರಕೃತಿಯ ಕೊಡುಗೆ || te: సాహిత్యము, విజ్ఞానము, కళా మొదలగునవి",form_similar,,,,
B002012,ಸರ್ವದ,సర్వదా,sarvada,sarvadā,,kn: ಶಿವನ ಹೆಂಡತಿ || te: ఎప్పుడూ జరిగేటువంటిది అని చెప్పుటకుపయోగించే ప్రత్యయం.,form_similar,,,,
B002013,ಸರ್ವಾಂತರಯಾಮೀ,సర్వాంతర్యామి,sarvāṁtarayāmī,sarvāṁtaryāmi,,kn: ಎಲ್ಲಾ ಜಾಗದಲ್ಲಿಯು ವ್ಯಾಪಿಸಿರುವಂತಹ || te: ధర్మగ్రంధం ప్రకారం సృష్టిని సృష్టించి తన అదుపాజ్ఞలలో పెట్టుకునేవాడు,form_similar,,,,
B002014,ಸವರು,సవర్లు,savaru,savarlu,,kn: ಯಾವುದಾದರು ವಸ್ತು ಅಥವಾ ಶರೀರದ ಅಂಗವವನ್ನು ಮೆಲ್ಲ-ಮೆಲ್ಲನೆ ಕೈಯಿಂದ ನೇವರಿಸುವುದು || te: పదిగ్రాముల బరువు కొలమానం,form_similar,,,,
B002015,ಸಾರಂಗ,సారంగి,sāraṁga,sāraṁgi,,kn: ಒಂದು ಪ್ರಕಾರದ ದೊಡ್ಡ ಜಿಂಕೆಯ ತಲೆಯ ಎರಡು ಕಡೆಯಲ್ಲು ಬೆಳೆದ ಕೊಂಬಿನಿಂದ ಮತ್ತಷ್ಟು ಕೊಂಬು ಏಳುತ್ತಿತ್ತು || te: ఒక వాయిద్యం,form_similar,,,,
B002016,ಸಾರಸ,సారసం,sārasa,sārasaṁ,,kn: ಒಂದು ಬಗೆಯ ಜಲವಾಸಿ ದೊಡ್ಡದಾದ ಪಕ್ಷಿ || te: రెక్కల సహాయంతో ఆకాశంలో విహరించే జీవి,form_similar,,,,
B002017,ಸಾವಿತ್ರಿ,సవిత్రి,sāvitri,savitri,,kn: ಸತ್ಯವಾನನ ಪತ್ನಿ ಅವಳು ಸತಿತ್ವಕ್ಕೆ ಪ್ರಸಿದ್ದಳಾಗಿದ್ದಾಳೆ || te: మనకు జన్మనించే స్త్రీ,form_similar,,,,
B002018,ಸಿಂಗಾರ,సింగారి,siṁgāra,siṁgāri,,kn: ತಮ್ಮನ್ನು ತಾವೇ ಹೆಂಗಸರಿಗಿಂತ ತುಂಬಾ ಅಧಿಕ ಯೋಗ್ಯ ಅಥವಾ ದೊಡ್ಡವರು ಅಂದು ಕೊಳ್ಳುವ ಭಾವ || te: చూడటానికి చక్కని రూపం కలిగిన స్త్రీ.,form_similar,,,,
B002019,ಸಿಂಹನೀ,సింహళీ,siṁhanī,siṁhaḷī,,kn: ಸಿಂಹದ ಹೆಣ್ಣು ಜೀವಿ/ಹೆಣ್ಣು ಸಿಂಹ || te: శ్రీలంక భాషకు సంబంధించినది లేదా శ్రీలంక భాష యొక్క,form_similar,,,,
B002020,ಸಿಂಹಳ,సింహళీ,siṁhaḷa,siṁhaḷī,,kn: ಭಾರತದ ದಕ್ಷಣ ಭಾಗಕ್ಕೆ ಬರುವ ದೇಶ || te: శ్రీలంక భాషకు సంబంధించినది లేదా శ్రీలంక భాష యొక్క,form_similar,,,,
B002021,ಸಿದ್ಧ,సిద్ధ.,siddha,siddha.,,kn: ಯಾರಿಗೆ ಆಧ್ಯಾತ್ಮದ ಜ್ಞಾನವಿದೆಯೋ || te: నియమాలకు మొదలైన వాటికి సంబంధించనది.,form_similar,,,,
B002022,ಸುಂದರ,సుందరి,suṁdara,suṁdari,,kn: ಯಾರೋ ಒಬ್ಬರು ನೋಡಲು ಆಕರ್ಷಿಕವಾಗಿ ಇರುವ ಅಥವಾ ಮುಖ ಸುಂದರವಾಗಿರುವ || te: చూడటానికి చక్కని రూపం కలిగిన స్త్రీ.,form_similar,,,,
B002023,ಸುಗುಣ,సుగుణం,suguṇa,suguṇaṁ,,kn: ಒಳ್ಳೆಯ ಸಂಸ್ಕಾರ ಹೊಂದಿರುವ || te: అందరికీ మంచి చేయాలనే హృదయం కలిగి ఉండడం,form_similar,,,,
B002024,ಸುತ್ತುವ,సత్తువ,suttuva,sattuva,,kn: ದಿನದ ಆ ಸಮಯದ ಛಾಯೆಯು ಪಶ್ಚಿಮದಿಂದ ಪೂರ್ವದ ಕಡೆಗೆ ಹಿಂತಿರುಗುತ್ತದೆ || te: పని చెయ్యడానికి కావల్సినది.,form_similar,,,,
B002025,ಸುಮಾರು,సుమారు.,sumāru,sumāru.,,kn: ಊಹೆಯ ಆಧಾರದ ಮೇಲೆ || te: సగటు ఆధారంగా,form_similar,,,,
B002026,ಸೂಕ್ಷ್ಮ,సూక్ష్మం,sūkṣma,sūkṣmaṁ,,kn: ತುಂಬಾ ಸಣ್ಣದಾದ ದೇಹ ಸ್ವರೂಪವನ್ನು ಹೊಂದಿದ || te: తక్కువ భాగం.,form_similar,,,,
B002027,ಸೂಟ್-ಕೇಸ್,సూట్కేస్,sūṭ-kēs,sūṭkēs,,kn: ಚರ್ಮ ಇತ್ಯಾದಿಗಳಿಂದ ಮಾಡಿರುವ ನಾಲು ಮೂಲೆಗಳಿರುವ ಪೆಟ್ಟಿಗೆಗೆ ಹಿಡಿ ಸಹ ಇರುವುದು || te: బట్టలు వస్తువులు మొదలైనవి ఉంచుకునే ఒక రకమైన బాక్సులాంటిది,form_similar,,,,
B002028,ಸೃಜನೆ,సృజన,sr̥jane,sr̥jana,,kn: ಯಾವುದೇ ವಸ್ತು ಸಂಗತಿಯ ಬಗ್ಗೆ ಮನಸ್ಸಿನಲ್ಲಿಯೇ ಆಕೃತಿಯನ್ನು ಸೃಜಿಸುವುದು || te: తయారు చేసే క్రియ లేక భావం,form_similar,,,,
B002029,ಸೌಖ್ಯ,సంఖ్య,saukhya,saṁkhya,,kn: ಯಾವುದೇ ಕೆಲಸ ಕಾರ್ಯದಿಂದ ಒಳ್ಳೆಯದಾಗುವುದು || te: లెక్క చూచిక,form_similar,,,,
B002030,ಸೌಭಾಗ್ಯವಂತ,సౌభాగ్యవతి,saubhāgyavaṁta,saubhāgyavati,,"kn: ಅರ್ಹತೆಗಿಂತ ಹೆಚ್ಚಿನ ಜಯ, ಲಾಭ, ಸಂತೋಷವನ್ನು ಪಡೆದಿರುವವ || te: భర్త బ్రతికి వున్న స్త్రీ",form_similar,,,,
B002031,ಸ್ಟೀಮರು,స్టీమర్,sṭīmaru,sṭīmar,,kn: ಆ ನೌಕೆ ಆವಿಯಿಂದ ಚಲಿಸುವುದು || te: పైకప్పు వుండి పెద్ద ఆకారంలో ఓడ,form_similar,,,,
B002032,ಸ್ತೋತ್ರ,స్తోత్రం,stōtra,stōtraṁ,,"kn: ಭಕ್ತಿಯ ಒಂಭತ್ತು ಬೇದಗಳಲ್ಲಿ ಒಂದು, ಅದರಲ್ಲಿ ಆರಾಧಕನು ತನ್ನ ಆರಾಧ್ಯ ದೇವರನ್ನು ಗುಣಗಾನ ಮಾಡುತ್ತಾನೆ || te: ఏదైనా ఒక పదాన్ని లేదా వాక్యాన్ని మళ్ళీ మళ్ళీ ఉచ్చరించడం",form_similar,,,,
B002033,ಸ್ಥಿತಿ,సుథితి,sthiti,suthiti,,"kn: ಯಾವುದೇ ವಿಷಯ, ಮಾತು ಅಥವಾ ಘಟನೆಯ ವಿಶೇಷ ಸ್ಥಿತಿ || te: చెట్లను నరకడానికి ఉపయోగపడే ఇనుప సాధనం",form_similar,,,,
B002034,ಸ್ಥಿತಿ,స్థితి.,sthiti,sthiti.,,"kn: ಯಾವುದೇ ವಿಷಯ, ಮಾತು ಅಥವಾ ಘಟನೆಯ ವಿಶೇಷ ಸ್ಥಿತಿ || te: -ఒక ప్రత్యేకమైన ప్రదేశం.",form_similar,,,,
B002035,ಸ್ಥಿರ,స్థిరం,sthira,sthiraṁ,,"kn: ಹರಿಯುವಿಕೆ, ಸಾಗುವಿಕೆ ಇಲ್ಲದ ಸ್ಥಗಿತ ಸ್ಥಿತಿ || te: ఎత్తైన బండరాళ్ళు మరియు చెట్లతో కూడినది.",form_similar,,,,
B002036,ಸ್ಪಿನರ್,స్పిన్నర్,spinar,spinnar,,kn: ಯಾರು ಬಾಲನ್ನು ನಿಧಾನ ಗತಿಯಲ್ಲಿ ಹಾಕುತ್ತಾರೋ ಅಥವಾ ಸ್ಪಿನ್ ಬೌಲ್ ಮಾಡುತ್ತಾರೋ || te: స్పిన్ బౌలింగ్ చేసేవాడు,form_similar,,,,
B002037,ಸ್ವಚ್ಛ,స్వేచ్ఛ,svaccha,svēccha,,kn: ಸ್ವಚ್ಚವಾಗುವ ಅವಸ್ಥೆ ಅಥವಾ ಭಾವ || te: బానిసత్వం నుంచి విడుదల పొందటం,form_similar,,,,
B002038,ಸ್ವದೇಶ,స్వదేశీ,svadēśa,svadēśī,,kn: ತನ್ನದೇ ದೇಶ || te: సొంత దేశానికి చెందినవి,form_similar,,,,
B002039,ಸ್ವದೇಶಿ,స్వదేశీ,svadēśi,svadēśī,,kn: ದೇಶದ ಅಥವಾ ದೇಶಕ್ಕೆ ಸಂಬಂಧಿಸಿದ್ದು || te: సొంత దేశానికి చెందినవి,form_similar,,,,
B002040,ಸ್ವೆಟರ್,స్వెట్టర్,sveṭar,sveṭṭar,,kn: ಚಳಿಯಿಂದ ಅಥವಾ ಥಂಡಿಯಿಂದ ರಕ್ಷಿಸಿಕೊಳ್ಳಲು ಧರಿಸುವ ಉಣ್ಣೆಯ ವಸ್ತ್ರ || te: ఉన్ని వస్త్రాలను తయారుచేసే ఒక రకమైన దారం,form_similar,,,,
B002041,ಹರಿಣ,హరిణం,hariṇa,hariṇaṁ,,kn: ನಾಲ್ಕು ಕಾಲಿನ ಒಂದು ಸಸ್ಯಹಾರಿ ಅದು ಬಯಲಿನಲ್ಲಿ/ಮೈದಾನದಲ್ಲಿ ಮತ್ತು ಕಾಡಿನಲ್ಲಿ ಇರುತ್ತದೆ || te: తెలుపురంగు కలిగిన.,form_similar,,,,
B002042,ಹಸ್ತ-ನಕ್ಷತ್ರ,హస్తనక్షత్రం,hasta-nakṣatra,hastanakṣatraṁ,,kn: ಎಪ್ಪತ್ತೇಳು ನಕ್ಷತ್ರಗಳಲ್ಲಿ ಹದಿಮೂರನೇ ನಕ್ಷತ್ರ || te: చిత్త నక్షత్రం ముందు వచ్చే నక్షత్రం,form_similar,,,,
B002043,ಹಸ್ತ_ನಕ್ಷತ್ರ,హస్తనక్షత్రం,hasta_nakṣatra,hastanakṣatraṁ,,kn: ಎಪ್ಪತ್ತೇಳು ನಕ್ಷತ್ರಗಳಲ್ಲಿ ಹದಿಮೂರನೇ ನಕ್ಷತ್ರ || te: చిత్త నక్షత్రం ముందు వచ్చే నక్షత్రం,form_similar,,,,
B002044,ಹಸ್ತಾ_ನಕ್ಷತ್ರ,హస్తానక్షత్రం,hastā_nakṣatra,hastānakṣatraṁ,,kn: ಚಂದ್ರನು ಹಸ್ತಾ ನಕ್ಷತ್ರಕ್ಕೆ ಬರುವ ಸಮಯ || te: ఇరవై ఏడు నక్షత్రాలలో పదమూడవది,form_similar,,,,
B002045,ಹೋಲ್ಡರ್,హోల్డరు,hōlḍar,hōlḍaru,,"kn: ತಾತ್ಕಾಲಕ್ಕೆ ಇಲ್ಲವೇ ನಿಗಧಿತ ಸಮಯದವರೆಗೆ ಒಂದು ವಸ್ತು, ಆಸ್ತಿ ಇಲ್ಲವೇ ವಿಷಯದ ಬಗ್ಗೆ ಸ್ವಾಮಿತ್ವವನ್ನು ಹೊಂದಿದ ವ್ಯಕ್ತಿ || te: నిబ్బు వుండే ఫౌంటేన్ పెన్నులోని భాగం",form_similar,,,,
B002046,ಶತಭಿಷಾ_ನಕ್ಷತ್ರ,శతభిష_నక్షత్రం.,śatabhiṣā_nakṣatra,śatabhiṣa_nakṣatraṁ.,,kn: ಎಪ್ಪತ್ತೇಳು ನಕ್ಷತ್ರಗಳಲ್ಲಿ ಇಪ್ಪತ್ನಾಲ್ಕನೇ ನಕ್ಷತ್ರ || te: రవై ఏడు నక్షత్రాలలో ఇరవై నాలుగవ నక్షత్రం,form_similar,,,,
B002047,1000000000000,౧౦౦౦౦౦౦౦౦౦౦,1000000000000,10000000000,,kn: ಒಂದರ ಮುಂದೆ ಹನ್ನೆರಡು ಸೊನ್ನೆಗಳನ್ನು ಹಾಕುವುದರಿಂದ ಪ್ರಾತ್ತಿಯಾಗುವ ಸಂಖ್ಯೆ || te: నూరు కోట్లు,form_similar,,,,
B002048,ಅಂತಃಕರಣದ,అంతఃకరణం,aṁtaḥkaraṇada,aṁtaḥkaraṇaṁ,,"kn: ಶುದ್ಧ ಚಿತ್ತ ಮತ್ತು ನಿರ್ಮಲವಾದ ಅಂತಃಕರಣವಿರುವಂತಹ || te: అనుభవం, సంకల్పం, కోరిక, ఆలోచన కలిగించే మనిషిలోని శక్తి.",form_similar,,,,
B002049,ಅತಿಥಿಗೃಹ,అతిథిగృహం.,atithigr̥ha,atithigr̥haṁ.,,kn: ಬಂಗಲೆ ಅಥವಾ ಮನೆ ಸರ್ಕಾರದ ಕಡೆಯಿಂದ ಪರದೇಶದವರು ಅಥವಾ ರಾಜ್ಯದ ಅಧಿಕಾರಿಗಳು ತಂಗುವುದಕ್ಕಾಗಿ ಮಾಡಿರುವಂತಹದ್ದು || te: ఇంటికి వచ్చినవాళ్ళకు ఏర్పాటు చేసిన గది.,form_similar,,,,
B002050,ಅಧಿಕಾರ_ಹೀನ,అధికారహీనం,adhikāra_hīna,adhikārahīnaṁ,,kn: ಯಾರಿಗೆ ಅಧಿಕಾರವಿಲ್ಲವೋ || te: హక్కు ఉండకపోవడం.,form_similar,,,,
B002051,ಅನುಮತಿ_ಪತ್ರ,అనుమతిపత్రం,anumati_patra,anumatipatraṁ,,kn: ನಮ್ಮ ದೇಶದ ನಿವಾಸಿಗಳು ವಿದೇಶಕ್ಕೆ ಹೋಗಲು ನೀಡಲಾಗುವ ಅನುಮತಿ ಪತ್ರ/ದಸ್ತಾವೇಜು || te: ఏదైన కార్యము నిర్వహించడానికి లేద ఏదైన ఒక వస్తువు తమ దగ్గర పెట్టుకోవడానికి ప్రభుత్వం దగ్గర తీసుకొను ఆమోదపత్రం.,form_similar,,,,
B002052,ಅನುಸಂಧಾನಕ,అనుసంధానం,anusaṁdhānaka,anusaṁdhānaṁ,,kn: ಯಾವುದೋ ಒಂದು ವಿಷಯದ ಮೇಲೆ ಶೋದನೆ ಮಾಡುವವ || te: ఇరువురు వ్యక్తులు కలిసి ఒక్కటయ్యే స్థితి,form_similar,,,,
B002053,ಅಭಿನಂದನೀಯ,అభినందన,abhinaṁdanīya,abhinaṁdana,,kn: ಯಾವುದರ ಅಭಿನಂದನೆಯನ್ನು ಮಾಡಲಾಗಿದೆಯೋ || te: ప్రశంస పొందినటువంటి,form_similar,,,,
B002054,ಅಭಿಯಂತರಣ,అభిమంత్రణ,abhiyaṁtaraṇa,abhimaṁtraṇa,,kn: ಯಾವುದೇ ಬಗೆಯ ನಿರ್ಮಾಣ ಕಾರ್ಯವನ್ನು ನೋಡಿಕೊಳ್ಳುವ ಕೆಲಸ || te: మంత్రం చదివి శుధ్ధి చేయుట,form_similar,,,,
B002055,ಅಭಿವೃದ್ಧಿಯ,అభివృద్ధి,abhivr̥ddhiya,abhivr̥ddhi,,kn: ಏಳಿಗೆಯನ್ನು ಹೊಂದುತ್ತಿರುವಂತಹ || te: ఉన్నత స్థితికి చేరుకునే కార్యం లేదా భావన,form_similar,,,,
B002056,ಅರ್ಥಶಾಸ್ತ್ರ,అర్థశాస్త్రం.,arthaśāstra,arthaśāstraṁ.,,"kn: ಆ ಶಾಸ್ತ್ರದಲ್ಲಿ ಅರ್ಥ ಅಥವಾ ದನ-ಸಂಪತ್ತಿನ ಉತ್ಪತ್ತಿ, ಉಪಯೋಗ, ವಿನಿಮಯ ಮತ್ತು ವಿತ್ತರಣೆಯ ವಿವೇಚನೆಯಾಗಿರುತ್ತದೆ || te: అర్థశాస్త్రానికి సంబంధించిన.",form_similar,,,,
B002057,ಅಲಂಕಾರಹೀನ,అహంకారహీనం,alaṁkārahīna,ahaṁkārahīnaṁ,,kn: ಯಾವುದೇ ಅಲಂಕಾರ ಇಲ್ಲದೇ ಇರುವಂತಹದ್ದು || te: గర్వము లేకుండా ఉండుట,form_similar,,,,
B002058,ಅವ್ಯವಹಾರಿಕ,అవ్యవహారితం,avyavahārika,avyavahāritaṁ,,kn: ವ್ಯವಹಾರದಲ್ಲಿ ಕುಶಲಮತಿಯಲ್ಲದಿರುವ ವ್ಯಕ್ತಿ ಅಥವಾ ಸ್ಥಿತಿ || te: వ్యవహారం సరిగ్గా లేకపోవడం.,form_similar,,,,
B002059,ಅಸತ್ಯವಾದಂತ,అసత్యవాదం,asatyavādaṁta,asatyavādaṁ,,"kn: ಯಾವುದು ಸುಳ್ಳಿನಿಂದ ಆವೃತವಾಗಿರುವುದೋ || te: బ్రహ్మసత్యం, జగతి మిధ్య, బ్రహ్మకారణంగానే జగతి సత్యం అని నమ్మిన సిద్ధాంతం",form_similar,,,,
B002060,ಅಸ್ಥಿ-ಪಂಜರ,అస్థిపంజరం,asthi-paṁjara,asthipaṁjaraṁ,,kn: ಶರೀರದಲ್ಲಿನ ಮೂಳೆಯ ರಚನೆ || te: పొత్తి కడుపు చుట్టూ ఉన్న అస్ధిపంజరం.,form_similar,,,,
B002061,ಅಸ್ಥಿ_ಪಂಜರ,అస్థిపంజరం,asthi_paṁjara,asthipaṁjaraṁ,,kn: ಸ್ಥಸನಿಗಳ ಶರೀರದಲ್ಲಿ ಆಧಾರ ಸ್ವರೋಪದಲ್ಲಿ ಇರುವ ಮೂಳೆಗಳಿಂದ ರೂಪಿಸಲ್ಪಟ್ಟಂತ ಪೂರ್ಣ ಪ್ರಮಾಣದ ರಚನೆ || te: పొత్తి కడుపు చుట్టూ ఉన్న అస్ధిపంజరం.,form_similar,,,,
B002062,ಉತ್ತರವಾದಿನ್,ఉత్తరవాదైన,uttaravādin,uttaravādaina,,kn: ಯಾರು ವಕೀಲವೃತ್ತಿಯ ಪರೀಕ್ಷೆಯನ್ನು ಪಾಸುಮಾಡಿರುವರೋ ಮತ್ತು ನ್ಯಾಯಾಲದಯಲ್ಲಿ ಯಾರದೋ ಪರವಾಗಿ ವಾದಮಾಡುವವ || te: బాధ్యతను మోయవలసిన,form_similar,,,,
B002063,ಏಕಾಧಿಪತ್ಯ,ఏకాధిపత్యము,ēkādhipatya,ēkādhipatyamu,,"kn: ಯಾವುದಾದರೂ ಕೆಲಸ, ಕಾರ್ಯ, ಸ್ಥಾನ ಮುಂತಾದವುಗಳಲ್ಲಿ ಒಬ್ಬ ವ್ಯಕ್ತಿ ಅಥವಾ ದಳದಿಂದ ನಡೆಯುವ ಅಧಿಪತ್ಯ || te: ఏదేని విషయం, వస్తువులు లేక వ్యాపారము మొదలైన వాటిపై ఒక వ్యక్తికి లేదా ఒక దళమునకు ఉండే పూర్తి అధికారము.",form_similar,,,,
B002064,ಏಕಾಭಿಪ್ರಾಯ,ఏకాభిప్రాయము,ēkābhiprāya,ēkābhiprāyamu,,kn: ಯಾವುದಾದರೂ ಒಂದು ಸಂಗತಿಗೆ ಎಲ್ಲರೂ ಒಂದೇ ಅಭಿಪ್ರಾಯವನ್ನು ಸೂಚಿಸುವುದು || te: ఒకటి లేక సమాన అభిప్ర్రాయాన్ని కలిగి ఉండటం.,form_similar,,,,
B002065,ಕಾಪಿ_ಪುಸ್ತಕ,కాపీ_పుస్తకం,kāpi_pustaka,kāpī_pustakaṁ,,kn: ಬರೆಯಲು ಉಪಯುಕ್ತವಾಗುವಂತೆ ಖಾಲಿ ಹಾಳೆಗಳನ್ನು ಹೊಂದಿದ ಪುಸ್ತಕ || te: అభ్యాసం కొరకు పైన ఉన్నట్లుగా రాయడానికి ఉపయోగపడే పుస్తకం,form_similar,,,,
B002066,ಕಾರ್ಯ-ದಕ್ಷತೆ,కార్య_దక్షత,kārya-dakṣate,kārya_dakṣata,,kn: ಕೆಲಸ ಮಾಡುವ ಕ್ಷಮತೆ || te: కార్యము నిర్వహించగల సామర్ధ్యము.,form_similar,,,,
B002067,ಕೇಂದ್ರಬಿಂದು,కేంద్రబిందువు,kēṁdrabiṁdu,kēṁdrabiṁduvu,,kn: ಯಾವುದೋ ಒಂದು ವಸ್ತುವಿನಲ್ಲಿ ನಿಮಗೆ ಅಭಿರುಚಿ ಇರುವುದು ಅಥವಾ ಅದರ ಮೇಲೆ ನಿಮ್ಮ ಗಮನ ಹೋಗುತ್ತಿರುವುದು || te: మధ్యభాగంలో ఉండు బిందువు,form_similar,,,,
B002068,ಕ್ರಾಂತಿಮಂಡಲ,కాంతిమండలం,krāṁtimaṁḍala,kāṁtimaṁḍalaṁ,,"kn: ಸೂರ್ಯನ ದೈನಿಕ ಭ್ರಮಣ-ಮಾರ್ಗವು ವಾಸ್ತವದಲ್ಲಿ ಪೃಥ್ವಿಯ ಭ್ರಮಣ-ಮಾರ್ಗವೂ ಹೌದು || te: దేవతలకు, మహా దివ్య పురుషుల చిత్రపటాలలో తల వెనక ఉండే వెలుగు చక్రం",form_similar,,,,
B002069,ಗಣಿತಶಾಸ್ತ್ರಿ,గణితశాస్త్రం,gaṇitaśāstri,gaṇitaśāstraṁ,,kn: ಗಣಿತ ಶಾಸ್ತ್ರದ ತಜ್ಞ || te: లెక్కల గూర్చి తెలిపే శాస్త్రం,form_similar,,,,
B002070,ಗುಪ್ತ-ಸಂಕೇತ,గుప్తసంకేతం,gupta-saṁkēta,guptasaṁkētaṁ,,kn: ಇನ್ನೊಬ್ಬರಿಂದ ಮುಚ್ಚಿಟ್ಟು ಪರಸ್ಪರ ಸೂಚನೆ ಅಥವಾ ಸಂಕೇತಗಳ ಮೂಲಕ ಮಾಡುವ ಕ್ರಿಯೆ || te: అర్థం కాని భాషలో సమాచారములను పంపించుట.,form_similar,,,,
B002071,ಗುಪ್ತ_ಸಂಕೇತ,గుప్తసంకేతం,gupta_saṁkēta,guptasaṁkētaṁ,,kn: ಇನ್ನೊಬ್ಬರಿಂದ ಮುಚ್ಚಿಟ್ಟು ಪರಸ್ಪರ ಸೂಚನೆ ಅಥವಾ ಸಂಕೇತಗಳ ಮೂಲಕ ಮಾಡುವ ಕ್ರಿಯೆ || te: అర్థం కాని భాషలో సమాచారములను పంపించుట.,form_similar,,,,
B002072,ಗೋರಖಪಂಥ,గోరఖపంధీ,gōrakhapaṁtha,gōrakhapaṁdhī,,kn: ಒಬ್ಬ ಶೈವ ಮತಾನುಯಾಯಿ ಸಾಧು ಸಂಪ್ರದಾಯದ ಪ್ರಸಾರವನ್ನು ಗೋರಖನಾಥರು ಮಾಡಿದ್ದರು || te: గోరఖపంథాన్ని అనుసరించే సాధువు,form_similar,,,,
B002073,ಗೋರಖಪಂಥಿ,గోరఖపంధీ,gōrakhapaṁthi,gōrakhapaṁdhī,,kn: ಗೋರಖನಾಥ್ ಅವರ ಅನುಯಾಯಿ || te: గోరఖపంథాన్ని అనుసరించే సాధువు,form_similar,,,,
B002074,ಚಂದ್ರವಂಶದ,చంద్రవంశం,caṁdravaṁśada,caṁdravaṁśaṁ,,kn: ಚಂದ್ರವಂಶದ ಅಥವಾ ಚಂದ್ರವಂಶಕ್ಕೆ ಸಂಬಂಧಿಸಿದ || te: క్షత్రియుల మూల వంశాలలో రెండు ప్రసిద్ధమైన లేదా ఆ వంశాలలో ఒకటి చంద్రునికి సంబంధించిన ఒక వంశం,form_similar,,,,
B002075,ಚಲನ_ರಹಿತ,చలనరహితం,calana_rahita,calanarahitaṁ,,kn: ಒಂದು ಜಾಗದಿಂದ ಮತ್ತೊಂದು ಜಾಗಕ್ಕೆ ಚಲಿಸಲಾಗದಂತಹ || te: కదలడానికి వీలుకాని.,form_similar,,,,
B002076,ತತ್ವಜಿಜ್ಞಾಸೆ,తత్వ_జిజ్ఞాస,tatvajijñāse,tatva_jijñāsa,,kn: ಹಲವು ದರ್ಶನಗಳ ವಿವೇಚನೆಯಿರುವ ಶಾಸ್ತ್ರ || te: యదార్థ తత్వం నుండి అన్వేషించేవాడు,form_similar,,,,
B002077,ತೀರ್ಥಯಾತ್ರಿಕ,తీర్థయాత్ర,tīrthayātrika,tīrthayātra,,kn: ತೀರ್ಥಯಾತ್ರೆಗೆ ಹೋಗುವಂತಹ ವ್ಯಕ್ತಿ || te: పవిత్ర స్థలము ఇక్కడ భక్తులు దర్శనార్ధము వస్తారు.,form_similar,,,,
B002078,ದಿನಪತ್ರಿಕೆಯ,దినపత్రిక,dinapatrikeya,dinapatrika,,kn: ದಿನಪತ್ರಿಕೆಗೆ ಸಂಬಂಧಿಸಿದ || te: అది సమాచర పత్రం దానిని నిర్ణియిత రూపంతో నిత్యం ప్రచురిస్తూ ఉంటారు.,form_similar,,,,
B002079,ದೀರ್ಘ_ಕಾಲ,దీర్ఘ_కాలపు,dīrgha_kāla,dīrgha_kālapu,,kn: ತುಂಬಾ ಸಮಯ || te: అనేక / చాలా రోజుల వరకు ఉండేది/ విశ్వం ఉన్నంతవరకు,form_similar,,,,
B002080,ಧನುರರ್ವಿದ್ಯ,ధనుర్విద్య,dhanurarvidya,dhanurvidya,,kn: ಗುರಿಯಿಡುವ ಕ್ರಿಯೆ || te: ధనస్సు విడిచేవిద్య.,form_similar,,,,
B002081,ಧರ್ಮ_ಶಾಸ್ತ್ರ,ధర్మశాస్త్రం,dharma_śāstra,dharmaśāstraṁ,,kn: ಧರ್ಮ ಶಾಸ್ತ್ರ (ಧರ್ಮಗ್ರಂಥ)ದ ಅಥವಾ ಅದಕ್ಕೆ ಸಂಬಂಧಿಸಿದ || te: జనుల సాధారణ ధార్మిక గ్రంధం,form_similar,,,,
B002082,ಧರ್ಮ_ಶಾಸ್ತ್ರ,ధర్మశాస్త్రి,dharma_śāstra,dharmaśāstri,,kn: ಧರ್ಮ ಶಾಸ್ತ್ರ (ಧರ್ಮಗ್ರಂಥ)ದ ಅಥವಾ ಅದಕ್ಕೆ ಸಂಬಂಧಿಸಿದ || te: ధర్మ గ్రంధాలు తెలిసిన వ్యక్తి,form_similar,,,,
B002083,ಧರ್ಮಶಾಸ್ತ್ರಿ,ధర్మశాస్త్రం,dharmaśāstri,dharmaśāstraṁ,,kn: ಯಾರಿಗೆ ಧರ್ಮದ ಬಗೆಗೆ ಚೆನ್ನಾಗಿ ತಿಳಿದಿರುತ್ತದೆಯೋ || te: జనుల సాధారణ ధార్మిక గ్రంధం,form_similar,,,,
B002084,ಧರ್ಮಸ್ಥಳ,ధర్మస్థలం,dharmasthaḷa,dharmasthalaṁ,,kn: ದೇವರು ಧರ್ಮಕ್ಕೆ ಸಂಬಂಧಿಸಿದ ಕಾರ್ಯ ಕ್ರಿಯಾವಿಧಿಗಳು ನಡೆಯುವ ಸ್ಥಳ ಅಥವಾ ನಿರ್ದಿಷ್ಟ ಪ್ರದೇಶ || te: ఆ స్థలం పవిత్రమైనదిగా భావిస్తారు,form_similar,,,,
B002085,ನಂದನವನ,నందనవనం.,naṁdanavana,naṁdanavanaṁ.,,"kn: ಆ ಜಾಗದಲ್ಲಿ ಹಣ್ಣು-ಹೂಗಳು ಅಥವಾ ಸುಂದರವಾದ ಗಿಡ, ವೃಕ್ಷ ಮುಂತಾದವುಗಳನ್ನು ಹಾಕಲಾಗಿದೆ/ಬೆಳಸಲಾಗಿದೆ || te: పిల్లలుఆడుకునే అందమైన పూలు చెట్లతో ఆహ్లాదకరంగా వుండుప్రదేశం",form_similar,,,,
B002086,ನಿಯಮ_ಪಾಲಕ,నియమపాలన,niyama_pālaka,niyamapālana,,kn: ನಿಯಮಕ್ಕೆ ಅನುಸಾರವಾಗಿ ನಡೆಯುವವ || te: మంచి సమయ పాలన.,form_similar,,,,
B002087,ನಿರಭಿಮಾನ,నిరభిమానం.,nirabhimāna,nirabhimānaṁ.,,kn: ಯಾವುದರ ಬಗ್ಗೆಯೂ ಅಹಂಕಾರವಿಲ್ಲದೆ ಇರುವ ಗುಣ || te: పొగరు లేకుండా వుండటం,form_similar,,,,
B002088,ನಿಶ್ಚಿತಾರ್ಥ,నిశ్చితార్థం.,niścitārtha,niścitārthaṁ.,,kn: ಹುಡಿಗಿಯ ಮನೆಯವರು ಹುಡುಗನ ಹಣೆಗೆ ತಿಲಕವನ್ನಿಟ್ಟು ಮದುವೆ ನಿಶ್ಚಯ ಮಾಡುವ ಕ್ರಿಯೆ || te: -పెళ్లి నిర్ణయం చేసుకొన్న తరువాత నిశ్చయ తాంబూలాలు పుచ్చుకోవడం.,form_similar,,,,
B002089,ನಿಸ್ಸಂಕೋಚಂತ,నిస్సంకోచంగా,nissaṁkōcaṁta,nissaṁkōcaṁgā,,kn: ಯಾರಿಗೆ ಸಂಕೋಚ ಅಥವಾ ಭಯವಿಲ್ಲವೋ || te: సంకోచము లేని,form_similar,,,,
B002090,ನ್ಯಾಯಶಾಸ್ತ್ರದ,న్యాయశాస్త్రం,nyāyaśāstrada,nyāyaśāstraṁ,,kn: ಕಾನೂನಿಗೆ ಸಂಬಂಧಿಸಿದಂತಹ || te: ధర్మాన్ని అనుసరించి తప్పులను తెలిపే శాస్త్రం.,form_similar,,,,
B002091,ನ್ಯಾಯಸ್ಥಾನದ,న్యాయస్థానం,nyāyasthānada,nyāyasthānaṁ,,kn: ನ್ಯಾಯಕ್ಕೆ ಸಂಬಂಧಿಸಿದ ವಿಷಯ || te: ఈ ప్రదేశంలో ప్రభుత్వ తరపు నుండి నియమించబడిన న్యాయమూర్తులు వాదనలు విని  న్యాయం చేస్తారు.,form_similar,,,,
B002092,ಪರಿಭ್ರಮಣೆ,పరిభ్రమణం,paribhramaṇe,paribhramaṇaṁ,,kn: ವಿಜ್ಞಾನದಲ್ಲಿ ಯಾವುದಾದರು ಒಂದು ವಸ್ತು ಮತ್ತೊಂದು ವಸ್ತುವನ್ನು ಕೇಂದ್ರೆವೆಂದು ಅದರ ನಾಲ್ಕು ದಿಕ್ಕುಗಳಲ್ಲಿಯೂ ಸುತ್ತುವ ಕ್ರಿಯೆ || te: నాలుగువైపుల తిరగడం.,form_similar,,,,
B002093,ಪರಿವರ್ತನೀಯ,పరివర్తన,parivartanīya,parivartana,,kn: ಸ್ವಾಭಾವಿಕವಾಗಿ ತನಗೆ ತಾನೆ ಬದಾಲಾಗುವಂತಹದು || te: నడవడికలో మార్పు,form_similar,,,,
B002094,ಪರಿವರ್ತಿತ,పరివర్తితం.,parivartita,parivartitaṁ.,,kn: ಮೊದಲಿದ್ದ ಯಾವುದೇ ಗುಣ ಅಥವಾ ವಿಷಯವು ಬದಲಾವಣೆಯಾಗಿರುವುದು || te: ఒక వ్యక్తి యొక్క ఆస్తి ఇతరులకు ప్రాప్తించడం,form_similar,,,,
B002095,ಪರ್ಯಾವರಣದ,పర్యావరణము,paryāvaraṇada,paryāvaraṇamu,,kn: ಪರಿಸರ ವಿಜ್ಞಾನಕ್ಕೆ ಸಂಬಂಧಿಸಿದುದು || te: చుట్టూ ఉన్నవాతావరణము,form_similar,,,,
B002096,ಪಿತೃದೇವತ,పితృదేవతలు,pitr̥dēvata,pitr̥dēvatalu,,kn: ಮಖಾ ನಕ್ಷತ್ರಕ್ಕೆ ಚಂದ್ರನು ಪ್ರವೇಶಿಸಿದ ಸಮಯ || te: చనిపోయిన వారికి పితృపక్షంలో చేసేది,form_similar,,,,
B002097,ಪೂರ್ವ_ಸೂಚನೆ,పూర్వ_సూచన.,pūrva_sūcane,pūrva_sūcana.,,kn: ಆ ಮಾತು ಮುಂತಾದವು ಯಾರನ್ನಾದರೂ ಯಾವುದಾದರು ವಿಷಯದ ಜ್ಞಾನ ಅಥವಾ ಪರಿಚಯವನ್ನು ಮಾಡುವುದಕ್ಕೋಸ್ಕರ ಮಾತನಾಡಲಾಗುತ್ತದೆ || te: ముందుగా ఇచ్చే సూచన.,form_similar,,,,
B002098,ಪ್ರತಿಧ್ವನಿಸು,ప్రతిధ్వని,pratidhvanisu,pratidhvani,,kn: ಧ್ವನಿಯು ಯಾವುದಾದರು ವಸ್ತುವಿಗೆ ಹೊಡೆದು ವಾಪಸ್ಸು ಬರುವ ಕ್ರಿಯೆ || te: ఖాళీ ప్రదేశం శబ్ధం చేస్తే దాన్ని అనుకరించి వచ్చే శబ్ధం,form_similar,,,,
B002099,ಪ್ರತಿಧ್ವನಿಸು,ప్రతిధ్వని.,pratidhvanisu,pratidhvani.,,kn: ಧ್ವನಿಯು ಯಾವುದಾದರು ವಸ್ತುವಿಗೆ ಹೊಡೆದು ವಾಪಸ್ಸು ಬರುವ ಕ್ರಿಯೆ || te: ధ్వని లేక శబ్దము వుత్పత్తి చేసిన అది మరలా తిరిగి వచ్చునది,form_similar,,,,
B002100,ಪ್ರತಿಷ್ಠಾಪಕ,ప్రతిష్టాపన,pratiṣṭhāpaka,pratiṣṭāpana,,"kn: ಯಾವುದೇ ಸಂಘ, ಸಂಸ್ಥೆ, ಸಮಾಜದ ಮೊದಲ ಸ್ಥಾಪಕ || te: దేవతా విగ్రహాలను మంత్రపూర్వకంగా స్థాపించడం లేదా శాశ్వతంగా నిలపడం",form_similar,,,,
B002101,ಪ್ರವಚನಮಾಡು,ప్రవచనము,pravacanamāḍu,pravacanamu,,kn: ಸಭೆ ಮತ್ತಿತರ ಜನಸಮೂಹವನ್ನು ಕೇಳುಗರಾಗಿ ಪರಿಗಣಿಸಿ ಮಾತಾಡುವ ಪ್ರಕ್ರಿಯೆ || te: పెద్దవాళ్ళు చిన్నవాళ్లకు ఇచ్చు సూచనలు.,form_similar,,,,
B002102,ಬಲವಂತಮಾಡು,బలవంతము,balavaṁtamāḍu,balavaṁtamu,,kn: ಯಾರನ್ನಾದರೂ ಬಲವಂತವಾಗಿ ಕೆಲಸ ಮಾಡುವಂತೆ ಮನವೊಲಿಸುವ ಪ್ರಕ್ರಿಯೆ || te: ఒకరికి ఇష్టము లేకున్నా చేసే బలప్రయోగ సంభోగము.,form_similar,,,,
B002103,ಬುಂದೇಲಖಂಡಿ,బుందేల్‍ఖండ్,buṁdēlakhaṁḍi,buṁdēlkhaṁḍ,,kn: ಬುದೇಲಖಂಡಕ್ಕೆ ಸಂಬಂಧಿಸಿದ || te: ఉత్తరప్రదేశ్-మధ్యప్రదేశ్ భాగంలో వుండే ప్రదేశం,form_similar,,,,
B002104,ಭವಬಂಧನ,భవబంధం,bhavabaṁdhana,bhavabaṁdhaṁ,,kn: ಸಂಸಾರದ ದುಃಖ ಮತ್ತು ಕಷ್ಟ || te: సకల సమస్యలు,form_similar,,,,
B002105,ಭವಿಷ್ಯವಾದಿ,భవిష్యవాణి.,bhaviṣyavādi,bhaviṣyavāṇi.,,kn: ಭವಿಷ್ಯದ ಬಗ್ಗೆ ಹೇಳುವವನು || te: జరగబోవు విషయాలను లేక మంటలను ముందుగానే ఎవరైనా చెప్పిన,form_similar,,,,
B002106,ಭೂ_ಮಂಡಲ,భూ_మండలము,bhū_maṁḍala,bhū_maṁḍalamu,,kn: ಸೌರಮಂಡಲದ ಒಂದು ಗ್ರಹದ ಮೇಲೆ ನಾವು ವಾಸಮಾಡುತ್ತೇವೆ || te: భూగోళములో ఉష్ణము_శీతలాన్ని అనుసరించి భూమి యొక్క ఐదు భాగాలలో ఏదేని ఒక భాగము.,form_similar,,,,
B002107,ಭೋಗವಿಲಾಸ,భోగ-విలాసం,bhōgavilāsa,bhōga-vilāsaṁ,,kn: ಸುಖಕರವಾದ ಭೋಗ ಜೀವನ ನಡೆಸುವುದು || te: సుఖ సంతోషాలు,form_similar,,,,
B002108,ಭೋಜನ_ಪಾತ್ರೆ,భోజనపాత్ర,bhōjana_pātre,bhōjanapātra,,kn: ಆ ಪಾತ್ರೆಯನ್ನು ಅಡುಗೆ ಮಾಡುವ ಕೆಲಸದಲ್ಲಿ ಉಪಯೋಗಿಸುತ್ತಾರೆ || te: తినే పదార్థాలను తయారు చేసే పాత్ర,form_similar,,,,
B002109,ಮಂಗಳ-ಸೂತ್ರ,మంగళసూత్రం,maṁgaḷa-sūtra,maṁgaḷasūtraṁ,,kn: ಒಂದು ಆಭರಣ ಅದು ವಿವಾಹಿತೆ ತನ್ನ ಕೊರಳಲ್ಲಿ ಧರಿಸುತ್ತಾಳೆ ಮತ್ತು ಅದು ಸೌಭಾಗ್ಯದ ಸೂಚಕ ಎಂದು ನಂಬಲಾಗುತ್ತದೆ || te: పెళ్ళికి మెడలో కట్టేది,form_similar,,,,
B002110,ಮಂಗಳ_ಸೂತ್ರ,మంగళసూత్రం,maṁgaḷa_sūtra,maṁgaḷasūtraṁ,,kn: ಒಂದು ಆಭರಣ ಅದು ವಿವಾಹಿತೆ ತನ್ನ ಕೊರಳಲ್ಲಿ ಧರಿಸುತ್ತಾಳೆ ಮತ್ತು ಅದು ಸೌಭಾಗ್ಯದ ಸೂಚಕ ಎಂದು ನಂಬಲಾಗುತ್ತದೆ || te: పెళ్ళికి మెడలో కట్టేది,form_similar,,,,
B002111,ಮಂದಬುದ್ಧಿಯ,మందబుద్దైన,maṁdabuddhiya,maṁdabuddaina,,kn: ಯಾರೋ ಒಬ್ಬರಿಗೆ ಬುದ್ಧಿ ಇಲ್ಲದೆ ಇರುವುದು ಅಥವಾ ತುಂಬಾ ಕಡಿಮೆ ಇರುವುದು || te: తెలివి లేని.,form_similar,,,,
B002112,ಮಧ್ಯಭಾಗ,మధ్యభాగం.,madhyabhāga,madhyabhāgaṁ.,,kn: ಶರೀರದ ವಕ್ಷ ಸ್ಥಳದ ಕೆಳಗೆ ಮತ್ತು ಹೊಟ್ಟೆಯ ಮೇಲಿರುವ ಅಂಶ ಅಥವಾ ಭಾಗ || te: ఒక వస్తువు మధ్యలో ఉండే భాగం,form_similar,,,,
B002113,ಮನಪೂರ್ವಕ,మనఃపూర్వకం,manapūrvaka,manaḥpūrvakaṁ,,kn: ಸ್ವಃತಹ ಇಚ್ಚೆಯಿಂದ ಅಥವಾ ಪೂರ್ಣ ಮನಸಂತೋಷದಿಂದ ಏನನ್ನಾದರೂ ಒಪ್ಪುವುದು ಅಥವಾ ಮಾಡುವಿಕೆ || te: నచ్చిన పనిని ఇష్టంగా చేసే భావన,form_similar,,,,
B002114,ಮಾದಕ_ದ್ರವ್ಯ,మాదకద్రవ్యం,mādaka_dravya,mādakadravyaṁ,,kn: ಮತ್ತು ಬರಿಸುವ ಅಥವಾ ನಶೆ ಏರಿಸುವ ಗುಣವುಳ್ಳ ಪದಾರ್ಥ || te: మత్తు పదార్థం కలిగిన ద్రవ్యం,form_similar,,,,
B002115,ಮಾರ್ಗ-ದರ್ಶಕ,మార్గదర్శకం,mārga-darśaka,mārgadarśakaṁ,,kn: ದಾರಿಯನ್ನು ತೋರಿಸುವವ || te: మంచి దారి చూపేది,form_similar,,,,
B002116,ಮಾರ್ಗ_ದರ್ಶಕ,మార్గదర్శకం,mārga_darśaka,mārgadarśakaṁ,,kn: ದಾರಿಯನ್ನು ತೋರಿಸುವವ || te: మంచి దారి చూపేది,form_similar,,,,
B002117,ಮುಖ್ಯದ್ವಾರ,ముఖ్యద్వారము,mukhyadvāra,mukhyadvāramu,,kn: ಯಾವುದಾದರೂ ಒಂದು ದೊಡ್ಡದಾದ ಕಟ್ಟಡದ ಪ್ರವೇಶ ಸ್ಥಾನದಲ್ಲಿರುವ ದೊಡ್ಡದಾದ ಬಾಗಿಲು || te: నగరము లేక కోట యొక్క ప్రముఖ ద్వారము.,form_similar,,,,
B002118,ಮೂಲ_ಸ್ಥಾನ,మూల_స్థానము,mūla_sthāna,mūla_sthānamu,,kn: ಪೂರ್ವಜರು ವಾಸವಾಗಿರುವ ಸ್ಥಾನ || te: ఆవిర్భవించడం,form_similar,,,,
B002119,ರಾಜಸೂಯ-ಯಾಗ,రాజసూయయాగం,rājasūya-yāga,rājasūyayāgaṁ,,"kn: ರಾಜಸೂಯ ಯಜ್ಞಕ್ಕೆ ಸಂಬಂಧಿಸಿದ || te: -ఈ యజ్ఞం కేవలం అధికారం కోసం, పుత్రులు కోసం చేసే యాగం",form_similar,,,,
B002120,ರಾಜಸೂಯ_ಯಾಗ,రాజసూయయాగం,rājasūya_yāga,rājasūyayāgaṁ,,"kn: ರಾಜಸೂಯ ಯಜ್ಞಕ್ಕೆ ಸಂಬಂಧಿಸಿದ || te: -ఈ యజ్ఞం కేవలం అధికారం కోసం, పుత్రులు కోసం చేసే యాగం",form_similar,,,,
B002121,ರೇಖಾಗಣಿತದ,రేఖాగణితం,rēkhāgaṇitada,rēkhāgaṇitaṁ,,"kn: ರೇಖಾಗಣಿತದ ಅಥವಾ ಅದಕ್ಕೆ ಸಂಬಂಧಿಸಿದಂತಹ || te: గణితశాస్త్రంలో ఒక భాగం అందులో రేఖ, కోణం మొదలైన వాటి వివరణ ఉంటుంది.",form_similar,,,,
B002122,ವಿತಂಡವಾದ,వితండవాదము,vitaṁḍavāda,vitaṁḍavādamu,,kn: ವಿತಂಡವಾದವನ್ನು ಮಾಡುವವ || te: పద్దతిగల వాదన కానిది,form_similar,,,,
B002123,ವಿಶ್ವಸನೀಯ,విశ్వసనీయత,viśvasanīya,viśvasanīyata,,kn: ಒಬ್ಬರ ಮೇಲೆ ನಂಬಿಕೆಯನ್ನು ಇಡಬಹುದಾದ ವ್ಯಕ್ತಿತ್ವವನ್ನು ಉಳ್ಳವನು || te: నమ్మకం ఉంచుకునేది,form_similar,,,,
B002124,ವಿಹಾರ_ಯಾತ್ರೆ,-విహార_యాత్ర,vihāra_yātre,-vihāra_yātra,,"kn: ಹಣವನ್ನು ಪಡೆದು ಯಾತ್ರಿಕರಿಗೆ ಸೇವೆಯನ್ನು ನೀಡುವ ಕೆಲಸ ಅಥವಾ ಯಾತ್ರಿಗಳು ಅಥವಾ ಪರ್ಯಟನೆ ಮಾಡುವವರಿಗೆ ಸುತ್ತಾಟದ, ಉಳಿದುಕೊಳ್ಳುವ, ಊಟೋಪಚಾರದ ವ್ಯವಸ್ಥೆಯನ್ನು ಮಾಡುವ ಕೆಲಸ || te: -ప్రత్యేకమైన,ప్రసిద్ధిగాంచిన స్థలాలను దర్శించడానికి చేసే ప్రయాణం.",form_similar,,,,
B002125,ಶಿರೋಭೂಷಣ,శిరోభూషణం.,śirōbhūṣaṇa,śirōbhūṣaṇaṁ.,,kn: ತಲೆಗೆ ಹಾಕಿಕೊಳ್ಳುವ ಆಭರಣ || te: తల మీద పెట్టుకునే ఒక ఆభరణం,form_similar,,,,
B002126,ಶುಭ-ಸಮಯ,శుభ_సమయం,śubha-samaya,śubha_samayaṁ,,kn: ನಿರ್ದಿಷ್ಟವಾದ ಕ್ಷಣ ಅಥವಾ ಸಮಯ || te: పగలు-రాత్రిలో మూడవ భాగం,form_similar,,,,
B002127,ಶೋಭಾಯಮಾನತೆ,శోభాయమానం,śōbhāyamānate,śōbhāyamānaṁ,,kn: ಅಪೂರ್ವವಾಗಿ ಅಥವಾ ತುಂಬಾ ಅಸಮಾನ್ಯವಾದ ಗುಣ ಅಥವಾ ಆ ತರಹದ ಸಂಗತಿ || te: పచ్చగా అభివృద్ధి చెందినపుడు కలిగే భావన,form_similar,,,,
B002128,ಸಂಗ್ರಹಕಾರ,సంగ్రహకర్త,saṁgrahakāra,saṁgrahakarta,,kn: ಉಪಯೋಗಿ ವಸ್ತುಗಳನ್ನು ಭವಿಷ್ಯದ ದೃಷ್ಟಿಯಿಂದ ಕಾನೂನಿಗೆ ವಿರುದ್ಧವಾಗಿ ಸಂಗ್ರಹಿಸುವವ || te: వస్తువుల యొక్క యజమాని,form_similar,,,,
B002129,ಸಭಾ_ಭವನ,సభాభవనం,sabhā_bhavana,sabhābhavanaṁ,,kn: ಬಹುಜನರು ಒಂದೆಡೆ ಕೂತು ಏನನ್ನಾದರೂ ಕೇಳಿಸಿಕೊಳ್ಳಲು ಅಥವಾ ಯಾವುದಾದರೂ ನಿರ್ದಿಷ್ಟ ಕೆಲಸ ಮಾಡಲು ಅವಕಾಶವಿರುವ ವಿಶಾಲವಾದ ಕಟ್ಟಡ || te: గ్రామంలో అందరు సమావేశమయ్యే చోటు,form_similar,,,,
B002130,ಸರ್ವಾಧಿಕಾರಿ,సర్వాధికారం,sarvādhikāri,sarvādhikāraṁ,,kn: ಪೂರ್ಣವಾದ ಅಧಿಕಾರ ಮತ್ತು ಹಕ್ಕು ಬಾಧ್ಯತೆಯನ್ನು ಹೊಂದಿರುವವನು || te: అన్నీ అధికారాలు  ఒక్కరికే కావాలనుకోవడం,form_similar,,,,
B002131,ಸುಗುಣ_ಬ್ರಹ್ಮ,సగుణబ్రహ్మ,suguṇa_brahma,saguṇabrahma,,"kn: ಸತ್ವ, ರಜಸ್ಸು ಮತ್ತು ತಮೋ ಈ ಮೂರುಗಳಿಂದ ಯುಕ್ತನಾಗಿರುವ ಪರಮಾತ್ಮನ ರೂಪ || te: సత్వము, రజస్సు, తమోగుణం ఈ మూడు గుణాలతోకూడిన",form_similar,,,,
B002132,ಸುರಸುಂದರಾಗಿ,సురసుందరి,surasuṁdarāgi,surasuṁdari,,"kn: ಯಾರೋ ಒಬ್ಬರು ತಮ್ಮ ರೂಪ ಲಾವಣ್ಯದ ಬಗೆಗೆ ಹೆಮ್ಮೆ ಇಟ್ಟುಕೊಂಡಿರುವರು || te: సరస్వతి, లక్ష్మి, పార్వతి మొదలైనవారు",form_similar,,,,
B002133,ಸೂಕ್ಷ್ಮದರ್ಶಿ,సూక్ష్మదర్శిత,sūkṣmadarśi,sūkṣmadarśita,,kn: ಅತಿ ಸೂಕ್ಷ್ಮವಾದ ಅಥವಾ ಸಣ್ಣ ಸಣ್ಣ ಮಾತನ್ನು ಯೋಚಿಸುವ ಅಥವಾ ಅರ್ಥಮಾಡಿಕೊಳ್ಳುವ || te: తెలివైనవాడికి ఉండేది,form_similar,,,,
B002134,ಸೌಂರ್ದಯವತಿ,సౌందర్యవతి,sauṁrdayavati,sauṁdaryavati,,kn: ತುಂಬಾ ಸುಂದರಿ (ಸ್ತ್ರೀ) || te: చూడటానికి చక్కని రూపం కలిగిన స్త్రీ.,form_similar,,,,
B002135,ಸ್ವಾರ್ಥಹೀನ,స్వార్థహీనం.,svārthahīna,svārthahīnaṁ.,,kn: ಯಾವುದೇ ಬಗೆಯ ತನ್ನತನದ ಸ್ವಾರ್ಥ ಇಲ್ಲದಿರುವ ಗುಣ || te: స్వార్థము లేకపోవడం.,form_similar,,,,
B002136,ಪುರಾತತ್ತ್ವ_ಶಾಸ್ತ್ರದ,-పురాతత్త్వ_శాస్త్రం,purātattva_śāstrada,-purātattva_śāstraṁ,,kn: ಪ್ರಾಕ್ತನಶಾಸ್ತ್ರದ ಅಥವಾ ಪುರಾತತ್ತ್ವ ಶಾಸ್ತ್ರಕ್ಕೆ ಸಂಬಂಧಿಸಿದ || te: ప్రాచీన కాలానికి చెందిన వస్తువులను గురించి వివరించే శాస్త్రం.,form_similar,,,,
B002137,ಸೌಂದರ್ಯ_ಶಾಸ್ತ್ರದ,సౌందర్య_శాస్త్రము.,sauṁdarya_śāstrada,sauṁdarya_śāstramu.,,"kn: ಸೌಂದರ್ಯಶಾಸ್ತ್ರದ ಅಥವಾ ಸೌಂದರ್ಯಶಾಸ್ತ್ರಕ್ಕೆ ಸಂಬಂಧಿಸಿದಂತಹ || te: దార్శనిక సౌందర్యమును గూర్చి అధ్యయమును  చేయు శాస్త్రము, ఇది తత్వశాస్త్రములో ఒక భాగము.",form_similar,,,,
B002138,1000000000,100000000000,1000000000,100000000000,,kn: ನೂರು ಕೋಟಿಯ ಸಂಖ್ಯೆ || te: నూరు కోట్లు,form_similar,,,,
B002139,ಅಂಕನ,అంచన,aṁkana,aṁcana,,kn: ಯಾವುದಾದರು ಒಂದನ್ನು ಗುರುತಿಸಲು ಒಂದು ಗುರುತನ್ನು ನಿರ್ದೇಶಿಸುವುದು || te: ఇలా అవుతుంది ఇది కాదు అని భావించడం.,form_similar,,,,
B002140,ಅಂಕುಶ,అంకుశి,aṁkuśa,aṁkuśi,,kn: ಆನೆಯನ್ನು ಹತೋಟಿಯಲ್ಲಿ ಇಡಲು ತುದಿ ಚೂಪಾಗಿರುವ ಒಂದು ಲೋಹದ ಸಾಧನಯನ್ನು ಬಳಸುತ್ತಾರೆ || te: ఏనుగును నడిపడేవాడు,form_similar,,,,
B002141,ಅಂಗಕ,అంగజ,aṁgaka,aṁgaja,,kn: ಜೀವಕೋಶದ ಒಂದು ವಿಶೇಷ ಭಾಗ || te: స్త్రీ సంతానం,form_similar,,,,
B002142,ಅಂಗಕ,అంగద,aṁgaka,aṁgada,,kn: ಜೀವಕೋಶದ ಒಂದು ವಿಶೇಷ ಭಾಗ || te: కడుపు ఖాళీగా ఉన్నప్పుడు కలిగే  బాధ,form_similar,,,,
B002143,ಅಂಗಚ್ಛೇದನ,అంగచ్ఛేదము,aṁgacchēdana,aṁgacchēdamu,,kn: ಯಾವುದಾದರು ಅಂಗಗಳನ್ನು ಕತ್ತರಿಸಿ ಬೇರೆ ಮಾಡುವ ಕ್ರಿಯೆ || te: ఏదైన శరీర భాగాన్ని కత్తరించి వేరుచేయుట,form_similar,,,,
B002144,ಅಂಗಡಿ,అంగలి,aṁgaḍi,aṁgali,,kn: ಮಾನವನಿಂದ ನಿರ್ಮಿತವಾದ ಆ ಜಾಗದಲ್ಲಿ ಮಾರಾಟಮಾಡುವಂತಹ ವಸ್ತುಗಳು ಇರುತ್ತದೆ ಮತ್ತು ಮಾರಾಟಮಾಡಲಾಗುತ್ತದೆ ಅಥವಾ ಹಣವನ್ನು ಪಡೆದು ಯಾವುದಾದರು ಕೆಲವನ್ನು ಮಾಡಲಾಗುತ್ತದೆ || te: నోటి లోపల ఉండే భాగం,form_similar,,,,
B002145,ಅಂಗಣ,అంగజ,aṁgaṇa,aṁgaja,,kn: ಮನೆಯ ಮಧ್ಯದ ತೆರೆದ ಭಾಗ || te: స్త్రీ సంతానం,form_similar,,,,
B002146,ಅಂಗಣ,అంగద,aṁgaṇa,aṁgada,,kn: ಮನೆಯ ಮಧ್ಯದ ತೆರೆದ ಭಾಗ || te: కడుపు ఖాళీగా ఉన్నప్పుడు కలిగే  బాధ,form_similar,,,,
B002147,ಅಂಗದ,అంగజ,aṁgada,aṁgaja,,kn: ರಾಮನ ಸೇನೆಯಲ್ಲಿರುವ ಒಬ್ಬ ವಾನರನು ಬಾಲಿಯ ಮಗನಾಗಿದ್ದ || te: స్త్రీ సంతానం,form_similar,,,,
B002148,ಅಂಗಭಂಗ,అంగభంగం.,aṁgabhaṁga,aṁgabhaṁgaṁ.,,"kn: ಶರೀರದ ಯಾವುದೋ ಒಂದು ಅಂಗ ಮುರಿದು ಹೋದರೆ ಅಥವಾ ನಷ್ಟವಾಗುವ ಕ್ರಿಯೆ || te: వ్యక్తి యొక్క శరీరంలో ఏదో ఒక అంగం పనిచేస్తూ, పనిచేస్తూ అకస్మాత్తుగా పనిచేయకుండా పడిపోవడం.",form_similar,,,,
B002149,ಅಂಗಳ,అంగజ,aṁgaḷa,aṁgaja,,kn: ಮನೆಯ ಮಧ್ಯದ ತೆರೆದ ಭಾಗ || te: స్త్రీ సంతానం,form_similar,,,,
B002150,ಅಂಗಳ,అంగద,aṁgaḷa,aṁgada,,kn: ಮನೆಯ ಮಧ್ಯದ ತೆರೆದ ಭಾಗ || te: కడుపు ఖాళీగా ఉన్నప్పుడు కలిగే  బాధ,form_similar,,,,
B002151,ಅಂಗವಸ್ತ್ರ,అంగవస్త్రము,aṁgavastra,aṁgavastramu,,kn: ಹೊದ್ದುಕೊಳ್ಳುವ ರೇಶ್ಮೆ ಬಟ್ಟೆ || te: రవిక యొక్క ఒక భాగము.,form_similar,,,,
B002152,ಅಂಗಾರ,అంగారి,aṁgāra,aṁgāri,,"kn: ರಾಸಾಯನ ವಿಜ್ಞಾನದಲ್ಲಿ ಕಾರ್ಬನನ್ನು, ಇಂಗಾಲ, ಅಂಗಾರ, ವಜ್ರ, ಗ್ರಾಫೈಟು, ಇದ್ದಿಲು, ಈ ಮೂರು ಭಿನ್ನ ರೂಪಗಳಲ್ಲಿ ಕಾಣಸಿಗುವ ಮತ್ತು ಜೀವಪದಾರ್ಥಗಳೆಲ್ಲದರಲ್ಲಿಯೂ ಸಂಯುಕ್ತ ಸ್ಥಿತಿಯಲ್ಲಿರುವ ಅಲೋಹ ರಾಸಾಯನಿಕ ಧಾತು || te: మట్టి, ఇటుక లేదా ఇనుముతో తయారుచేసిన దానిపై పాత్ర పెట్టి బోజనము తయారుచేసేది",form_similar,,,,
B002153,ಅಂಗಾಲು,అంకాలు,aṁgālu,aṁkālu,,kn: ಕಾಲಿನ ಕೆಳಗೆಯ ಭಾಗ ನೆಡೆಯುವಾಗ ಭೂಮಿಯ ಮೇಲೆ ಇರುತ್ತದೆ || te: మూల్యంకణం చేయగా వచ్చేవి,form_similar,,,,
B002154,ಅಂಗೀಕಾರಮಾಡು,అంగీకారము,aṁgīkāramāḍu,aṁgīkāramu,,"kn: ಯಾವುದಾದರೊಂದು ವಸ್ತು ಇಲ್ಲವೇ ವ್ಯಕ್ತಿಯನ್ನು ತನ್ನ ವಶಕ್ಕೆ ಪಡೆದುಕೊಳ್ಳುವ ಪ್ರಕ್ರಿಯೆ || te: ఎదైన కథ, ప్రశ్న మరియు సంబోధన జవాబులో సంక్షిత్త ప్రతిసంబోధన రూపాంలో చేప్పెటటువంటి అంగీకార శబద్ధం.",form_similar,,,,
B002155,ಅಂಗುಟಿ,అంగుళి,aṁguṭi,aṁguḷi,,kn: ಕೈ ಅಥವಾ ಕಾಲಿಗೆ ಸೇರಿದ ದೊಡ್ಡ ಬೆರೆಳು || te: చేతికి కాళ్ళకు ఉండేవి. పట్టుకోవడానికి ఉపయోగపడేవి,form_similar,,,,
B002156,ಅಂಗುಲಿ,అంగలి,aṁguli,aṁgali,,kn: ಕೈ ಅಥವಾ ಕಾಲಿನ ಮುಂದೆ ಬೆಳೆದುರುವ ಐದು ಅವಯವಗಳು ಒಂದೇ ಸಮನಾಗಿ ಇರುವುದು || te: నోటి లోపల ఉండే భాగం,form_similar,,,,
B002157,ಅಂಗೈ,అంగడి,aṁgai,aṁgaḍi,,kn: ಕೈನ ಮಣಿಕಟ್ಟಿನ ಮುಂದಿರುವ ಮೇಲಿನ ಅಗಲವಾದ ಭಾಗ ಅದರ ಮುಂದೆ ಬೆರಳುಗಳು ಇರುತ್ತವೆ || te: తూకం ద్వారా విశేషమైన వస్తువు అమ్మడం,form_similar,,,,
B002158,ಅಂಗೈ,అంగలి,aṁgai,aṁgali,,kn: ಕೈನ ಮಣಿಕಟ್ಟಿನ ಮುಂದಿರುವ ಮೇಲಿನ ಅಗಲವಾದ ಭಾಗ ಅದರ ಮುಂದೆ ಬೆರಳುಗಳು ಇರುತ್ತವೆ || te: నోటి లోపల ఉండే భాగం,form_similar,,,,
B002159,ಅಂಜದ,అంగద,aṁjada,aṁgada,,kn: ನಿರ್ಭಯ ಅಥವಾ ಭಯವಿಲ್ಲದಂತಾಗುವ ಸ್ಥಿತಿ ಅಥವಾ ಭಾವ || te: కడుపు ఖాళీగా ఉన్నప్పుడు కలిగే  బాధ,form_similar,,,,
B002160,ಅಂಜನ,అంచన,aṁjana,aṁcana,,kn: ಕಣ್ಣಿಗೆ ಹಾಕಿಕೊಳ್ಳುವ ಕಾಡಿಗೆ ಅಥವಾ ಕಣ್ಣ್ ಕಪ್ಪು || te: ఇలా అవుతుంది ఇది కాదు అని భావించడం.,form_similar,,,,
B002161,ಅಂಜನ,అంజనా,aṁjana,aṁjanā,,kn: ಕಣ್ಣಿಗೆ ಹಾಕಿಕೊಳ್ಳುವ ಕಾಡಿಗೆ ಅಥವಾ ಕಣ್ಣ್ ಕಪ್ಪು || te: కేసరి భార్య ఆంజనేయుని తల్లి,form_similar,,,,
B002162,ಅಂಜನ,అంజనీ,aṁjana,aṁjanī,,kn: ಕಣ್ಣಿಗೆ ಹಾಕಿಕೊಳ್ಳುವ ಕಾಡಿಗೆ ಅಥವಾ ಕಣ್ಣ್ ಕಪ್ಪು || te: హనుమంతుడి తల్లి,form_similar,,,,
B002163,ಅಂಜನಿ,అంజలి,aṁjani,aṁjali,,kn: ಕೇಸರಿಯ ಹೆಂಡತಿಯಾದ ಅಂಜನಾದೇವಿ ಗರ್ಭದಲ್ಲಿ ಹನುಮಂತನ ಜನ್ಮವಾಯಿತು || te: వినయపూర్వకముగా అభివాదము చేయు క్రియ.,form_similar,,,,
B002164,ಅಂಜಲಿ,అంగలి,aṁjali,aṁgali,,kn: ಎರಡೂ ಕೈಯನ್ನು ಸೇರಿಸಿ ಬಗ್ಗಿಸಿದಾಗ ಆಗುವಂತಹ ಕಂದಕದಿಂದ ಏನನ್ನಾದರು ತುಂಬಲು ಅಥವಾ ಕೊಡಲು ಉಪಯೋಗಿಸುತ್ತಾರೆ || te: నోటి లోపల ఉండే భాగం,form_similar,,,,
B002165,ಅಂತದ,అంగద,aṁtada,aṁgada,,kn: ಕೊನೆಯವರೆಗೆ ಹೋಗುವಂತಹ || te: కడుపు ఖాళీగా ఉన్నప్పుడు కలిగే  బాధ,form_similar,,,,
B002166,ಅಂತರ್ಜಾತಿಯ,అంతర్జాతీయం,aṁtarjātiya,aṁtarjātīyaṁ,,kn: ಒಂದಕ್ಕಿಂತ ಹೆಚ್ಚು ಜಾತಿಗೆ ಸಂಬಂಧಸಿದ || te: అనేక దేశాలకు సంబంధించిన.,form_similar,,,,
B002167,ಅಂತಿಮ,అంతిక,aṁtima,aṁtika,,"kn: ಯಾವುದಾದರೂ ಸಂಗತಿ ಮತ್ತು ವಸ್ತುವಿನ ಮುಕ್ತಾಯದ ಅಥವಾ ಮುಗಿಯುವ ಹಂತವನ್ನು ಗುರುತಿಸುವುದು || te: మట్టి, ఇటుక లేదా ఇనుముతో తయారుచేసిన దానిపై పాత్ర పెట్టి బోజనము తయారుచేసేది",form_similar,,,,
B002168,ಅಂತ್ರ,అంత్రం,aṁtra,aṁtraṁ,,"kn: ಜಠರದ ಕೊನೆಯಿಂದ ಗುದದವರೆಗಿನ ಅನ್ನನಾಳದ ಭಾಗ || te: మంత్ర, తంత్రాలను లోపల రాసి మడిచినది విపత్తులలో రక్షణ కొరకు ధరించేది",form_similar,,,,
B002169,ಅಂದದ,అంగద,aṁdada,aṁgada,,kn: ಸುಂದರಕವಾಗೊ ಆಗುವ ಸ್ಥಿತಿ ಆತವಾ ಭಾವನೆ || te: కడుపు ఖాళీగా ఉన్నప్పుడు కలిగే  బాధ,form_similar,,,,
B002170,ಅಂಬಕ,అంబిక,aṁbaka,aṁbika,,"kn: ಆ ಇಂದ್ರಿಯದಿಂದ ಪ್ರಾಣಿಗಳಿಗೆ ರೂಪ, ಬಣ್ಣ ಅಗಲ ಅಥವಾ ಆಕಾರದ ಬಗೆಗೆ ಅರಿವನ್ನು ನೀಡುವಂತಹ ಇಂದ್ರಿಯ || te: శివుడి యొక్క భార్య",form_similar,,,,
B002171,ಅಂಬಾಡಿ,అంబారి,aṁbāḍi,aṁbāri,,kn: ಒಂದು ಪ್ರಕಾರದ ಗಿಡ || te: ఏనుగుపై కుర్చోవడానికి వేసేది,form_similar,,,,
B002172,ಅಂಬಾರಿ,అంగారి,aṁbāri,aṁgāri,,"kn: ಆನೆಯ ಮೇಲೆ ಕುಳಿತುಕೊಳ್ಳು ಹಾಕುವ ಭದ್ರಾಸನ || te: మట్టి, ఇటుక లేదా ఇనుముతో తయారుచేసిన దానిపై పాత్ర పెట్టి బోజనము తయారుచేసేది",form_similar,,,,
B002173,ಅಂಬಿಕ,అంతిక,aṁbika,aṁtika,,"kn: ಶಿವನ ಹೆಂಡತಿ || te: మట్టి, ఇటుక లేదా ఇనుముతో తయారుచేసిన దానిపై పాత్ర పెట్టి బోజనము తయారుచేసేది",form_similar,,,,
B002174,ಅಂಬಿಕ,అంబికా,aṁbika,aṁbikā,,kn: ಶಿವನ ಹೆಂಡತಿ || te: జైన మతం యొక్క దేవత,form_similar,,,,
B002175,ಅಂಬಿಕಾ,అంబిక,aṁbikā,aṁbika,,kn: ಚೀನಿಯರ ದೇವಿ || te: శివుడి యొక్క భార్య,form_similar,,,,
B002176,ಅಂಬಿಗ,అంబిక,aṁbiga,aṁbika,,kn: ನದೀ ತಟದ ಸುಂಕ ತೆಗೆದುಕೊಳ್ಳುವವ || te: శివుడి యొక్క భార్య,form_similar,,,,
B002177,ಅಂಬುದ,అంబుజ,aṁbuda,aṁbuja,,kn: ಉಪ್ಪು ನೀರಿನ ವಿಶಾಲ ರಾಶಿಯು ನಾಲ್ಕೂ ಕಡೆಯಿಂದ ಭೂಮಿಗೆ ಬಂದು ಬೀಳುವುದು || te: నీటిలో ఉత్పన్నమై వస్తువు,form_similar,,,,
B002178,ಅಂಬುದ,అంబేద,aṁbuda,aṁbēda,,kn: ಉಪ್ಪು ನೀರಿನ ವಿಶಾಲ ರಾಶಿಯು ನಾಲ್ಕೂ ಕಡೆಯಿಂದ ಭೂಮಿಗೆ ಬಂದು ಬೀಳುವುದು || te: లోకజ్ఞానం గురించి ఏమీ తెలియనివాడు,form_similar,,,,
B002179,ಅಂಬೋದ,అంబేద,aṁbōda,aṁbēda,,kn: ಭೂಮಿಯ ಮೇಲಿರುವ ನೀರು ಆವಿಯಾಗಿ ಆಕಾಶದಲ್ಲಿ ಗಟ್ಟಿಯಾಗಿ  ಹರಡಿ ಮತ್ತು ಅದರಿಂದ ನೀರು ಸುರಿಸುವುದು || te: లోకజ్ఞానం గురించి ఏమీ తెలియనివాడు,form_similar,,,,
B002180,ಅಕರ್ಣ,అపర్ణ,akarṇa,aparṇa,,kn: ಹೆಡೆಯುಳ್ಳ ವಿಷದ ಹಾವು || te: శివుడి యొక్క భార్య,form_similar,,,,
B002181,ಅಕ್ಕರೆ,అక్కర,akkare,akkara,,kn: ತಾಯಿಯು ಮಕ್ಕಳ ಮೇಲೆ ತೋರುವ ಪ್ರೀತಿ || te: ఆవశ్యకత ఉండే భావన.,form_similar,,,,
B002182,ಅಕ್ಷರ,అక్కర,akṣara,akkara,,kn: ಭಾಷೆಯೊಂದರ ಸಾಂಕೇತಿಕ ರೂಪ ಅಥವಾ ವರ್ಣಮಾಲೆಯ ಸ್ವರ ಅಥವಾ ವ್ಯಂಜನ || te: ఆవశ్యకత ఉండే భావన.,form_similar,,,,
B002183,ಅಕ್ಷರ,అక్షరీ,akṣara,akṣarī,,kn: ಭಾಷೆಯೊಂದರ ಸಾಂಕೇತಿಕ ರೂಪ ಅಥವಾ ವರ್ಣಮಾಲೆಯ ಸ್ವರ ಅಥವಾ ವ್ಯಂಜನ || te: ఒక వ్యక్తి రాయటంలో మంచిగా ఉండటం,form_similar,,,,
B002184,ಅಗಲು,అగల్చు,agalu,agalcu,,kn: ಬೇರೆಯಾಗುವ ಪ್ರಕ್ರಿಯೆ || te: అడుగు భాగం నుండి దేనినైనా తీసివేయడం,form_similar,,,,
B002185,ಅಗ್ರಜ,అగజ,agraja,agaja,,kn: ಮೊದಲು ಹುಟ್ಟಿದವನು || te: శివుడి యొక్క భార్య,form_similar,,,,
B002186,ಅಜ್ಞಾನ,అజ్ఞాని,ajñāna,ajñāni,,kn: ವಿದ್ಯೆ ಇಲ್ಲದ ಸ್ಥಿತಿ || te: వివేక జ్ఞానం లేనివారు.,form_similar,,,,
B002187,ಅಟವಿ,అటవి.,aṭavi,aṭavi.,,kn: ದೊಡ್ಡ ಮತ್ತು ದಡ್ಡವಾದ ಕಾಡುಗಳ ಕ್ಷೇತ್ರದಲ್ಲಿರುವ ಮರ-ಗಿಡ ಅಥವಾ ಬೇರೆ ವನಸ್ಪತಿಗಳು || te: ఊరికి బయట తమంతకు తాముగా ఉద్భవించేవి.,form_similar,,,,
B002188,ಅತಿಥಿಗೃಹ,అతిధిగృహం,atithigr̥ha,atidhigr̥haṁ,,kn: ಬಂಗಲೆ ಅಥವಾ ಮನೆ ಸರ್ಕಾರದ ಕಡೆಯಿಂದ ಪರದೇಶದವರು ಅಥವಾ ರಾಜ್ಯದ ಅಧಿಕಾರಿಗಳು ತಂಗುವುದಕ್ಕಾಗಿ ಮಾಡಿರುವಂತಹದ್ದು || te: అతిథుల నివాసం కోసం ఏర్పాటు చేయబడిన ఇల్లు.,form_similar,,,,
B002189,ಅತ್ತರು,అత్తరీ,attaru,attarī,,kn: ಒಂದು ಬಗೆಯ ಸುಗಂದಿತ ದ್ರವ್ಯ || te: సుగంధాలను అమ్మేటటువంటి పని,form_similar,,,,
B002190,ಅತ್ಯಾಸೆ,అత్యాస,atyāse,atyāsa,,kn: ಏನ್ನನೋ ಪಡೆಯುವುದರ ಅತಿಯಾದಂತಹ ಆಸೆ ಅಥವಾ ಪ್ರಾಯಶಃ ಅದು ಅನುಚಿತವಾಗಿದೆ ಎಂದು ಅಂದು ಕೊಳ್ಳಬಹುದು || te: ఎక్కువ ఆశ కల్గివుండటం,form_similar,,,,
B002191,ಅದರು,అందరు,adaru,aṁdaru,,kn: ಶರೀರದ ಯಾವುದೋ ಒಂದು ಅಂಗ ಹೊಡೆದುಕೊಳ್ಳುವ ಪ್ರಕ್ರಿಯೆ || te: సమస్తజనులు,form_similar,,,,
B002192,ಅದುರು,అదురు.,aduru,aduru.,,kn: ವಿಪ್ಪತ್ತು ಅಥವಾ ಅನಿಷ್ಟ ಭಯದಿಂದ ಮನಸ್ಸಿನಲ್ಲಿ ಉತ್ಪತ್ತಿಯಾಗುವ ಮನಸ್ಸಿನ ಬದಲಾವಣೆ ಅಥವಾ ಭಾವ || te: ఏదైనా అవయవం వణికేటటువంటి భావన.,form_similar,,,,
B002193,ಅದ್ವೈತವಾದಿ,అద్వైతవాదం,advaitavādi,advaitavādaṁ,,"kn: ಬ್ರಹ್ಮ ಮತ್ತು ಜೀವಿಗಳನ್ನು ನಂಬುವವ ಅಥವಾ ಅದ್ವೈತ ಸಿದ್ಧಾಂತವನ್ನು ನಂಬುವ ವ್ಯಕ್ತಿ || te: ఆత్మ, పరాత్మలు ఒకటిగా భావించేవాదం దేవుడు ఒక్కడే అని నమ్మే సిద్ధాంతం దళవాదం",form_similar,,,,
B002194,ಅಧಿಕಾರಹೀನ,అధికారైన,adhikārahīna,adhikāraina,,"kn: ಯಾರಿಗೆ ಅಧಿಕಾರವಿಲ್ಲವೋ || te: ఏదైనా చేయడానికి , అనుభవించడానికి వీలునామా ప్రకారం దొరికేది.",form_similar,,,,
B002195,ಅನಾತ್ಮ,అనాథ,anātma,anātha,,kn: ಯಾವುದು ನಮ್ಮದಲ್ಲವೋ || te: ఒక వ్యక్తికి ఎవరు లేని స్థితి,form_similar,,,,
B002196,ಅನಾವಶ್ಯಕ,అనావశ్యకత,anāvaśyaka,anāvaśyakata,,kn: ಅವಶ್ಯಕತೆ ಇಲ್ಲದೆ ಇರುವುದು || te: అవశ్యకం లేకపోవడం,form_similar,,,,
B002197,ಅನುಪಯುಕ್ತ,అనుపయుక్తత,anupayukta,anupayuktata,,kn: ಉಪಯೋಗದ ಕೊರೆತೆ ಇರುವುದು || te: యోగ్యత లేకపోవడం.,form_similar,,,,
B002198,ಅನುಪಸ್ಥಿತಿ,అనుపస్థితం,anupasthiti,anupasthitaṁ,,kn: ಅನುಪಸ್ಥಿತಿಯಾಗುವ ಅವಸ್ಥೆ ಅಥವಾ ಭಾವ || te: భూతాలు మరియు దయ్యాల పై నమ్మకం లేని,form_similar,,,,
B002199,ಅನುರಾಧ-ನಕ್ಷತ್ರ,అనూరాధ_నక్షత్రం,anurādha-nakṣatra,anūrādha_nakṣatraṁ,,"kn: ಎಪ್ಪತ್ತೇಳು ನಕ್ಷತ್ರಗಳಲ್ಲಿ ಹದಿನೇಳನೇ ನಕ್ಷತ್ರ || te: నక్షత్రములలో పదిహేడవ నక్షత్రం, అధిపతి శని, దేవగుణం",form_similar,,,,
B002200,ಅನುವಂಶಿಕ,అనువంశికత,anuvaṁśika,anuvaṁśikata,,"kn: ವಂಶದ ಹಿರಿಯರು ಮರಣಿಸಿದಾಗ,ಅವರ ಆಸ್ತಿ-ಪಾಸ್ತಿ ಅಥವಾ ಅಧಿಕಾರ ಇತ್ಯಾದಿಗಳು ಮುಂದಿನ ಪೀಳಿಗೆಯವರು ಪಡೆಯುವರು || te: వంశపరంపరగా వచ్చు గుణాలు.",form_similar,,,,
B002201,ಅಪಾಯ,అపాయం,apāya,apāyaṁ,,kn: ಯಾವುದಾದರೂ ವಸ್ತುವಿನ ಅಸ್ತಿತ್ವದ ಸಮಾಪ್ತಿ/ಅಂತ್ಯ/ನಾಶ || te: మంచికి వ్యతిరేక భావన.,form_similar,,,,
B002202,ಅಪಾರ,అపారం,apāra,apāraṁ,,kn: ಯಾವುದೇ ಮಿತಿ ಇರದುದು || te: అధిక స్థితిలో ఉన్న.,form_similar,,,,
B002203,ಅಪೂರ್ಣ,అపర్ణ,apūrṇa,aparṇa,,"kn: ಯಾವುದೇ ಒಂದು ವಸ್ತು, ಸಂಗತಿಯು ಪೂರ್ಣವಾಗಿರದೇ ಅರೆಬರೆಯಾಗಿರುವ || te: శివుడి యొక్క భార్య",form_similar,,,,
B002204,ಅಪ್ಪುಗೆ,అప్పుగా,appuge,appugā,,kn: ಸಾಮಾನ್ಯವಾಗಿ ಪ್ರೀತಿಯ ಲಕ್ಷಣವಾಗಿ ತೋಳಿನಿಂದ ಅಪ್ಪಿಕೊಂಡು ಪರಸ್ಪರ ಸಂತೋಷವನ್ನು ಹಂಚಿಕೊಳ್ಳುವಿಕೆ || te: ఇతరులకు వస్తువులను చేబదులుగా ఇచ్చుట,form_similar,,,,
B002205,ಅಭಿನಂದನೆ,అభినందనం,abhinaṁdane,abhinaṁdanaṁ,,kn: ಈ ರೀತಿಯ ಮಾತು ಅಥವಾ ಕೆಲಸ ಯಾರೋ ಒಬ್ಬರ ಬದಲು ಹೇಳಿದಾಗ ಅಥವಾ ಮಾಡಿದಾಗ ಅವರಿಗೆ ಪ್ರಸನ್ನತೆ ದೊರೆತು ಅಥವಾ ಗೌರವ ಹೊಂದುವ ಅವಸ್ಥೆ || te: ఏదేని శుభ లేక మంచిమాట చెప్పినపుడు ఆనందాన్ని వ్యక్తపరచే మాట,form_similar,,,,
B002206,ಅಭಿಯಂತ್ರಣ,అనియంత్రణ,abhiyaṁtraṇa,aniyaṁtraṇa,,kn: ಯಾವುದೇ ಬಗೆಯ ನಿರ್ಮಾಣ ಕಾರ್ಯವನ್ನು ನೋಡಿಕೊಳ್ಳುವ ಕೆಲಸ || te: నియంత్రణలో లేనటువంటి భావము,form_similar,,,,
B002207,ಅಭಿವೃದ್ಧಿಯೊಂದಿದ,అభివృద్ధిచెందిన,abhivr̥ddhiyoṁdida,abhivr̥ddhiceṁdina,,"kn: ವೃದ್ಧಿಹೊಂದಿದಂತಹ ಅಥವಾ ಬೆಳೆದಂತಹ || te: ఆర్థికంగా, మరియు అన్ని రంగాలలో ఉన్నత స్థితిలో ఉండటం.",form_similar,,,,
B002208,ಅಮ್ಮನ,అమ్మడ,ammana,ammaḍa,,kn: ಅಮ್ಮನ ಅಥವಾ ಅಮ್ಮನಿಗೆ ಸಂಬಂಧಿಸಿದ || te: ఒకేసారి ఇద్దరు పిల్లలు పుట్టడం,form_similar,,,,
B002209,ಅಯೋಗ,అయోగం,ayōga,ayōgaṁ,,kn: ಒಬ್ಬ ಪುರುಷನ ಹೆಂಡತಿ ಸತ್ತುಹೋಗಿದ್ದಾಳೆ || te: వివేకం కలిగి ఉండుట.,form_similar,,,,
B002210,ಅರಬಿ,అరబై,arabi,arabai,,kn: ಅರಬರ ಭಾಷೆ || te: యాబైకి పది కలిపితే వచ్చే సంఖ్య.,form_similar,,,,
B002211,ಅರಿಷ್ಟ,అరిష్టా,ariṣṭa,ariṣṭā,,kn: ಕಡೆದು ಬೆಣ್ಣೆ ತೆಗೆದ ನಂತರ ಉಳಿದಿರುವ ನೀರು ಮಜ್ಜಿಗೆ || te: ఒక మొక్క దీనిని మందులొ ఉపయోగిస్తారు,form_similar,,,,
B002212,ಅರ್ಗಜ,అంగజ,argaja,aṁgaja,,"kn: ಸೂರ್ಯನಿಂದ ಉತ್ಪತ್ತಿಯಾಗುವ, ಹೊರಬರುವ ಅಥವಾ ಆಗುವಂತಹ || te: స్త్రీ సంతానం",form_similar,,,,
B002213,ಅರ್ಗಜ,అగజ,argaja,agaja,,"kn: ಸೂರ್ಯನಿಂದ ಉತ್ಪತ್ತಿಯಾಗುವ, ಹೊರಬರುವ ಅಥವಾ ಆಗುವಂತಹ || te: శివుడి యొక్క భార్య",form_similar,,,,
B002214,ಅರ್ಜುರ,అర్జున,arjura,arjuna,,"kn: ಒಂದು ಬಿಳಿಯ ಬಣ್ಣದ, ಹೊಳೆಯುವ ಧಾತು ಅದನ್ನು ಒಡವೆ, ಆಭರಣ, ಪಾತ್ರೆ ಮೊದಲಾದವುಗಳನ್ನು ಮಾಡುವುದಕ್ಕೆ ಬಳಸುತ್ತಾರೆ || te: ఎక్కువగా దేవుళ్ళకు పెట్టే పూలు",form_similar,,,,
B002215,ಅರ್ಥ,అర్థం,artha,arthaṁ,,"kn: ಆ ಅಭಿಪ್ರಾಯ ಅಥವಾ ಆಶಯ, ಯಾವ ಶಬ್ಧ, ಪದ ಅಥವಾ ವಾಕ್ಯ ಈ ಎಲ್ಲದರಲ್ಲೂ ಹುಡುಕಿ ತೆಗೆಯುವುದು ಮತ್ತು ಯಾರಲ್ಲಿ ಜ್ಞಾನ/ತಿಳುವಳಿಕೆಯನ್ನು ವೃದ್ಧಿಗೊಳಿಸುವುದಕ್ಕಾಗಿ ಲೋಕದಲ್ಲಿ ಪ್ರಚಲಿತವಾಗಿರುವ ಶಬ್ಧ ಅಥವಾ ಪದ || te: రూపాయలు పైసలు వినిమయం చేయు సాధనం.",form_similar,,,,
B002216,ಅರ್ಪಣೆ,అర్పణ,arpaṇe,arpaṇa,,kn: ಯಾವುದಾದರ ಉತ್ತಮವಾದ ಉದ್ದೇಶಕ್ಕಾಗಿ ಪ್ರಾಣವನ್ನು ನೀಡುವ ಕ್ರಿಯೆ ಅಥವಾ ಭಾವ || te: వేరొకరికి ఏదైన ఆదరపూర్వకముగా ఇచ్చే లేక కానుకనిచ్చే క్రియ.,form_similar,,,,
B002217,ಅಲ್ಲಾಡು,అల్లుడు,allāḍu,alluḍu,,kn: ಅಲ್ಲಾಡುವ-ಹೊಯ್ದಾಡುವಂತಹ || te: కూతురి భర్త,form_similar,,,,
B002218,ಅಳಂಕ,అశంక,aḷaṁka,aśaṁka,,kn: ಯಾವುದೋ ಒಂದರಲ್ಲಿ ಯಾವುದೇ ದೋಷ ವಿಲ್ಲವೊ || te: ఖచ్చితమైనది కానిది,form_similar,,,,
B002219,ಅವಕಾಶವಾದ,అవకాశవాది.,avakāśavāda,avakāśavādi.,,kn: ಯಾವುದೇ ತತ್ವಗಳಿಲ್ಲದೆ ಸಂದರ್ಭಕ್ಕೆ ತಕ್ಕ ಹಾಗೆ ಏನೋ ಒಂದನ್ನು ಮಾಡಿ ಸ್ವಾರ್ಥ ಸಾಧಿಸಿಕೊಳ್ಳುವ ಭಾವನೆ ಅಥವಾ ಅವಸ್ಥೆ || te: దొరికిన అవకాశమును ఉపయోగించుకొను వ్యక్తి.,form_similar,,,,
B002220,ಅವಧಿ,అవది,avadhi,avadi,,kn: ಒಂದು ನಿಯಮಿತ ಸಮಯದಿಂದ ಇನ್ನೊಂದು ನಿಯಮಿತ ಸಮಯದ ಮಧ್ಯದ ಕಾಲ || te: ఏదైనా ఒక పని చేయుటకు ఇచ్చు సమయం.,form_similar,,,,
B002221,ಅವಧಿ,అవధీ,avadhi,avadhī,,kn: ಒಂದು ನಿಯಮಿತ ಸಮಯದಿಂದ ಇನ್ನೊಂದು ನಿಯಮಿತ ಸಮಯದ ಮಧ್ಯದ ಕಾಲ || te: అవధ ప్రాంతానికి సంబంధించిన భాష,form_similar,,,,
B002222,ಅವಧ್,అవధి,avadh,avadhi,,kn: ಉತ್ತರ ಪ್ರದೇಶದ ಸರಯೂ ನದಿಯ ದಡದಲ್ಲಿರುವ ಒಂದು ತೀರ್ಥಸ್ಥಳ || te: ఒక నియమిత కాలము నుండి ఇంకొక నిర్ణీత కాలము యొక్క మద్య ఉండే సమయము.,form_similar,,,,
B002223,ಅವಧ್,అవధీ,avadh,avadhī,,kn: ಉತ್ತರ ಪ್ರದೇಶದ ಸರಯೂ ನದಿಯ ದಡದಲ್ಲಿರುವ ಒಂದು ತೀರ್ಥಸ್ಥಳ || te: అవధ ప్రాంతానికి సంబంధించిన భాష,form_similar,,,,
B002224,ಅವನಿ,అవ్వని,avani,avvani,,kn: ಹಿಂದೂ ಧರ್ಮಗ್ರಂಥದಲ್ಲಿ ವರ್ಣಿಸಲಾಗಿರುವ ದೇವತೆ ಅವಳು ಪ್ರಪಂಚವನ್ನು ರಕ್ಷಣೆ ಮಾಡುತ್ತಿದ್ದಾಳೆ || te: జరుగుటకు వీలుకానిది.,form_similar,,,,
B002225,ಅವನಿ,అశ్వని,avani,aśvani,,kn: ಹಿಂದೂ ಧರ್ಮಗ್ರಂಥದಲ್ಲಿ ವರ್ಣಿಸಲಾಗಿರುವ ದೇವತೆ ಅವಳು ಪ್ರಪಂಚವನ್ನು ರಕ್ಷಣೆ ಮಾಡುತ್ತಿದ್ದಾಳೆ || te: ఇరవై ఏడు నక్షత్రాలలో మొదటిది,form_similar,,,,
B002226,ಅವಾಸ್ತವಿಕ,అవాస్తవికత,avāstavika,avāstavikata,,kn: ವಾಸ್ತವವಾಗಿ ಇಲ್ಲದ್ದು || te: అపద్దం చెప్పడం,form_similar,,,,
B002227,ಅವಿದ್ಯಾ,అవిద్య,avidyā,avidya,,kn: ವಿದ್ಯೆ ಇಲ್ಲದ ಸ್ಥಿತಿ || te: జ్ఞానం లేకపోవుట.,form_similar,,,,
B002228,ಅವಿಧೇಯತೆಯ,అవిధేయత,avidhēyateya,avidhēyata,,kn: ದೊಡ್ಡವರಿಗೆ ಮರ್ಯಾದೆ ಅಥವಾ ಗೌರವನ್ನು ನೀಡದಂತಹವ || te: ఎగతాళిగా గేలి చేసి మాట్లాడటం.,form_similar,,,,
B002229,ಅವಿಸು,అవిస్సు,avisu,avissu,,kn: ಕಣ್ಣು ತಪ್ಪಿಸು ಅಥವಾ ಇನ್ನೊಬ್ಬರ ದೃಷ್ಟಿಯಿಂದ ತಪ್ಪಿಸುವುದು || te: కపాలం ద్వారా తయారుచేసే రొట్టె,form_similar,,,,
B002230,ಅವ್ಯವಸ್ಥಿತ,అవ్యవస్థ,avyavasthita,avyavastha,,kn: ವ್ಯವಸ್ಥಿತವಾಗಿ ಇಲ್ಲದಿರುವುದು || te: నియమము లేకపోవడం.,form_similar,,,,
B002231,ಅಶಾಂತ,అశాంతి,aśāṁta,aśāṁti,,kn: ಮನಸ್ಸು ಶಾಂತ ಸ್ಥಿತಿಯಲ್ಲಿ ಇಲ್ಲದಿರುವ ಸ್ಥಿತಿ || te: కలత చేందుట.,form_similar,,,,
B002232,ಅಷ್ಟಾಂಗಯೋಗ,అష్టాంగయోగి.,aṣṭāṁgayōga,aṣṭāṁgayōgi.,,"kn: ಮನುಷ್ಯನ ಪೂರ್ಣ ಕಲ್ಯಾಣಕ್ಕಾಗಿ ಶಾರೀರಿಕ, ಮಾನಸಿಕ, ಮತ್ತು ಆತ್ಮದ ಶುದ್ಧಿಗಾಗಿ ಮನಸ್ಸಿನಲ್ಲಿ ಬರುವ ಚಿಂತೆಯನ್ನು ದೂರ ಮಾಡಲು ಮಹರ್ಷಿ ಪಂತಜಲಿ  ಹೇಳಿಕೊಟ್ಟಿರುವ ಯೋಗಶಾಸ್ತ್ರದಲ್ಲಿ ಉಲ್ಲೇಖಿಸಿರುವ ಎಂಟು ಅಂಗದ ಯೋಗ || te: అష్టాంగయోగాలను సాధనచేసిన వ్యక్తి",form_similar,,,,
B002233,ಅಸಾಮಿ,అస్సామి,asāmi,assāmi,,"kn: ಆ ದೀನ ಪ್ರಾಣಿ ಅದರ ಬುದ್ಧಿಬಲದ ಕಾರಣ ಎಲ್ಲಾ ಪ್ರಾಣಿಗಳಿಗಿಂತಲೂ ಶ್ರೇಷ್ಠ ಮತ್ತು ಅದರ ಒಳಗೆ ಅಂತರ್ಗತವಾದ ನಾವು, ನೀವು ಮತ್ತು ಎಲ್ಲಾ ಜನರು || te: అస్సామీ భాషను మాట్లాడేవారు",form_similar,,,,
B002234,ಅಸುರಕ್ಷಿತ,అసురక్షితం.,asurakṣita,asurakṣitaṁ.,,kn: ಯಾವುದೋ ಒಂದರ ಸುರಕ್ಷಾ ಮಾಡದೆ ಹಾಗೆ ಇರುವ || te: భద్రత లేకపోవడం.,form_similar,,,,
B002235,ಅಸೂರ್ಯ,అసూయ,asūrya,asūya,,kn: ಯಾವುದೋ ಒಂದು ಖಂಡದಲ್ಲಿ ವಾಸಿಸುವವರು ಸೂರ್ಯನನ್ನು ಸಹ ನೋಡಿರುವುದಿಲ್ಲ || te: పనిని ఆపడానికి వ్యతిరేకంగా చేసే క్రియ,form_similar,,,,
B002236,ಅಸ್ತ್ರಧಾರಿಯು,అస్త్రధారులు,astradhāriyu,astradhārulu,,kn: ಅಸ್ತ್ರಗಳನ್ನು ಧರಿಸುವ ವ್ಯಕ್ತಿ || te: ఆయుధాలు ధరించియున్న,form_similar,,,,
B002237,ಅಸ್ರಪ,అరప,asrapa,arapa,,"kn: ಕ್ರೂರ, ಅತ್ಯಾಚಾರಿ ಮತ್ತು ಪಾಪಿ ವ್ಯಕ್ತಿ || te: జంతువులను వేటాడడానికి వెదురుతో కట్టిన ఎత్తైన ప్రదేశము",form_similar,,,,
B002238,ಅಸ್ಸಾಮ,అస్సామి,assāma,assāmi,,"kn: ಭಾರತದಲ್ಲಿನ ಒಂದು ರಾಜ್ಯ, ಈ ರಾಜ್ಯವು ಕಾಫಿ ಬೆಳೆಗೆ ಪ್ರಸಿದ್ಧವಾದ ಅತ್ಯಂತ ತಂಪು ಪ್ರದೇಶ || te: అస్సామీ భాషను మాట్లాడేవారు",form_similar,,,,
B002239,ಅಸ್ಸಾಮ,అస్సామీ,assāma,assāmī,,"kn: ಭಾರತದಲ್ಲಿನ ಒಂದು ರಾಜ್ಯ, ಈ ರಾಜ್ಯವು ಕಾಫಿ ಬೆಳೆಗೆ ಪ್ರಸಿದ್ಧವಾದ ಅತ್ಯಂತ ತಂಪು ಪ್ರದೇಶ || te: అస్సామీ భాషతో సంబంధించినది లేదా అస్సామీ భాష యొక్క",form_similar,,,,
B002240,ಅಸ್ಸಾಮಿ,అస్సామీ,assāmi,assāmī,,kn: ಅಸ್ಸಾಮ್ ರಾಜ್ಯಕ್ಕೆ ಸೇರಿದವ || te: అస్సామీ భాషతో సంబంధించినది లేదా అస్సామీ భాష యొక్క,form_similar,,,,
B002241,ಅಸ್ಸಾಮಿ,అస్సామ్.,assāmi,assām.,,kn: ಅಸ್ಸಾಮ್ ರಾಜ್ಯಕ್ಕೆ ಸೇರಿದವ || te: తేయాకు ఎక్కువగా పండించు రాష్ట్రం.,form_similar,,,,
B002242,ಅಸ್ಸಾಮೀ,అస్సామి,assāmī,assāmi,,kn: ಅಸ್ಸಾಂ ರಾಜ್ಯದ ಭಾಷೆ || te: అస్సామీ భాషను మాట్లాడేవారు,form_similar,,,,
B002243,ಅಸ್ಸಾಮೀ,అస్సామ్.,assāmī,assām.,,kn: ಅಸ್ಸಾಂ ರಾಜ್ಯದ ಭಾಷೆ || te: తేయాకు ఎక్కువగా పండించు రాష్ట్రం.,form_similar,,,,
B002244,ಅಸ್ಸಾಮ್,అస్సామి,assām,assāmi,,"kn: ಭಾರತದಲ್ಲಿನ ಒಂದು ರಾಜ್ಯ, ಈ ರಾಜ್ಯವು ಕಾಫಿ ಬೆಳೆಗೆ ಪ್ರಸಿದ್ಧವಾದ ಅತ್ಯಂತ ತಂಪು ಪ್ರದೇಶ || te: అస్సామీ భాషను మాట్లాడేవారు",form_similar,,,,
B002245,ಅಸ್ಸಾಮ್,అస్సామీ,assām,assāmī,,"kn: ಭಾರತದಲ್ಲಿನ ಒಂದು ರಾಜ್ಯ, ಈ ರಾಜ್ಯವು ಕಾಫಿ ಬೆಳೆಗೆ ಪ್ರಸಿದ್ಧವಾದ ಅತ್ಯಂತ ತಂಪು ಪ್ರದೇಶ || te: అస్సామీ భాషతో సంబంధించినది లేదా అస్సామీ భాష యొక్క",form_similar,,,,
B002246,ಆಕ್ರಮಕಾರಿ,ఆక్రమనకారి,ākramakāri,ākramanakāri,,kn: ಆಕ್ರಮಣವನ್ನು ಮಾಡುವ ವ್ಯಕ್ತಿ || te: ఇతర ప్రాంతములను  బలవంతంగా తన ఆదీనములోనికి తీసుకొనుట.,form_similar,,,,
B002247,ಆಕ್ರಮಣಕಾರ,ఆక్రమనకారి,ākramaṇakāra,ākramanakāri,,kn: ಆಕ್ರಮಣವನ್ನು ಮಾಡುವ ವ್ಯಕ್ತಿ || te: ఇతర ప్రాంతములను  బలవంతంగా తన ఆదీనములోనికి తీసుకొనుట.,form_similar,,,,
B002248,ಆಚಾರ,ఆచారం,ācāra,ācāraṁ,,"kn: ಯಾವುದೋ ಒಂದು ಶಾಸ್ತ್ರದಲ್ಲಿ ಮನುಷ್ಯ ಸಮಾಜದ ಹಿತಕ್ಕಾಗಿ ದೇಶ, ಕಾಲ ಮತ್ತು ಪಾತ್ರದ ಅನುಸಾರವಾಗಿ ಸಂಪ್ರದಾಯ-ವ್ಯವಹಾರದ ಸಂಬಂಧವಾದ ಶಾಸನದ ವಿಧಾನ || te: చాలా కాలం నుంచి వస్తున్న పద్ధతులు.",form_similar,,,,
B002249,ಆತ್ಮ-ಗೌರವ,ఆత్మగౌరవం,ātma-gaurava,ātmagauravaṁ,,kn: ಖಾಸಗಿ ಅಥವಾ ವ್ಯಕ್ತಿಗತ ಗೌರವ || te: వ్యక్తిగత ప్రతిష్ఠ లేక అభిమానం.,form_similar,,,,
B002250,ಆತ್ಮ-ದರ್ಶನ,ఆత్మదర్శనం,ātma-darśana,ātmadarśanaṁ,,kn: ಸ್ವಯಂ ನಮಗೆ ನಾವೇ ನಿರೀಕ್ಷಣೆಯನ್ನು ಮಾಡಿಕೊಳ್ಳುವ ಕ್ರಿಯೆ || te: జీవాత్మ మరియు పరమాత్మలో కలిగే జ్ఞానం,form_similar,,,,
B002251,ಆತ್ಮ_ಗೌರವ,ఆత్మగౌరవం,ātma_gaurava,ātmagauravaṁ,,kn: ಗೌರವವನ್ನು ಹೆಚ್ಚಿಸುವಂತ ಭಾವ || te: వ్యక్తిగత ప్రతిష్ఠ లేక అభిమానం.,form_similar,,,,
B002252,ಆತ್ಮ_ಚರಿತ್ರೆ,ఆత్మచరిత్ర,ātma_caritre,ātmacaritra,,kn: ಯಾವುದೇ ವ್ಯಕ್ತಿಗೆ ಸಂಬಂಧಿಸಿದ ನೆನಪಿಸುವಂತ ಘಟನೆ ಅಥವಾ ಅದರ ಉಲ್ಲೇಖ || te: తమ జీవితగాధను స్వయంగా రాసుకున్న కథ.,form_similar,,,,
B002253,ಆತ್ಮ_ದರ್ಶನ,ఆత్మదర్శనం,ātma_darśana,ātmadarśanaṁ,,kn: ಸ್ವಯಂ ನಮಗೆ ನಾವೇ ನಿರೀಕ್ಷಣೆಯನ್ನು ಮಾಡಿಕೊಳ್ಳುವ ಕ್ರಿಯೆ || te: జీవాత్మ మరియు పరమాత్మలో కలిగే జ్ఞానం,form_similar,,,,
B002254,ಆತ್ಮನಿಗ್ರಹಿ,ఆత్మనిగ్రహం,ātmanigrahi,ātmanigrahaṁ,,kn: ಇಂದ್ರಿಯಗಳನ್ನು ತನ್ನ ನಿಗ್ರಹದಲ್ಲಿ ಇಟ್ಟುಕೊಳ್ಳುವವ ಅಥವಾ ಇಂದ್ರಿಯ ನಿಗ್ರಹ ಮಾಡುವವ || te: మనస్సును ఆధీనంలో పెట్టుకోవడం.,form_similar,,,,
B002255,ಆತ್ಮವಿಶ್ವಾಸಿ,ఆత్మవిశ్వాసం,ātmaviśvāsi,ātmaviśvāsaṁ,,kn: ತನ್ನ ಬಗ್ಗೆ ಸಂಪೂರ್ಣ ವಿಶ್ವಾಸವಿರುವ ವ್ಯಕ್ತಿ || te: తనపైన తనకు నమ్మకం కలిగి ఉండుట.,form_similar,,,,
B002256,ಆತ್ಮಾಭಿಮಾನಿ,ఆత్మాభిమానం,ātmābhimāni,ātmābhimānaṁ,,"kn: ತನ್ನ ವಿಷಯದಲ್ಲಿ ತಾನೇ ಕೊಟ್ಟುಕೊಳ್ಳುವ ಸದಭಿಪ್ರಾಯ, ಮನ್ನಣೆ, ಆದರದಂತಹ ಗುಣ ಇರುವವರು || te: వ్యక్తిగత ప్రతిష్ఠ లేక అభిమానం.",form_similar,,,,
B002257,ಆಪೀಸು,ఆఫీసు,āpīsu,āphīsu,,"kn: ಆ ಜಾಗ ಯಾವುದಾದರು ವಿಷಯದ ವ್ಯಾಪಾರ ಅಥವಾ ಕಾರ್ಯಾದ ವ್ಯವಸ್ಥೆ ಮಾಡುವ ಕೆಲಸಗಾರರು ಕುಳಿತುಕೊಂಡು ಎಲ್ಲಾ ಕೆಲಸಗಳನ್ನು ಸರಿಯಾಗಿ ನಿಯಮಿತವಾದ ರೂಪದಲ್ಲಿ ಮಾಡುತ್ತಾರೆ || te: ప్రబుత్వ,ప్రవేటు కార్యక్రమాలు జరిగే చోటు",form_similar,,,,
B002258,ಆಮ್ಲಕ,ఆమ్లిక,āmlaka,āmlika,,"kn: ಒಂದು ಗಿಡದ ಗೋಲಾಕಾರದ, ಹುಳಿಯಾದ ಹಣ್ಣು ತಿನ್ನುವುದಕ್ಕೆ ಮತ್ತು ಔಷಧಿಯ ತಯಾರಿಕೆಯಲ್ಲಿ ಉಪಯೋಗಿಸುತ್ತಾರೆ || te: ఒక పుల్లని క్షార లవణం కలిగిన ద్రవ పదార్థం.",form_similar,,,,
B002259,ಆರ್ತವ,ఆరవ,ārtava,ārava,,kn: ಮಹಿಳೆಯರಲ್ಲಿ ಸಾಮಾನ್ಯವಾಗಿ ಹತ್ತರಿಂದ ಹದಿನಾರರ ವಯೋಮಾನದಲ್ಲಿ ಕಾಣಿಸಿಕೊಳ್ಳುವ ರಕ್ತಸ್ರಾವವು ತಿಂಗಳಿಗೊಂದರಂತೆ ಆಗುತ್ತಾ ಹೋಗುವ ಜೈವಿಕ ಕ್ರಿಯೆ || te: ఐదుకి ఒకటి కలుపగా వచ్చే సంఖ్య,form_similar,,,,
B002260,ಆವಾಸ,ఆవాసం,āvāsa,āvāsaṁ,,"kn: ಯಾವುದೋ ಒಂದು ವಸ್ತು ಯಾವುದೋ ಒಂದು ಆಸರೆಯಿಂದ ನಿಲ್ಲುವುದು ಅಥವಾ ಚೆನ್ನಾಗಿರುವುದು || te: ఎండ, వాన, చలి నుంచి కాపాడుకోవాడానికి నిర్మించుకునేది",form_similar,,,,
B002261,ಆಶಯ,ఆశయం,āśaya,āśayaṁ,,kn: ಅಯ್ಕೆ ಮಾಡಿದ ಸೌದೆಯ ತುಂಡು ಮುಂತಾದವುಗಳನ್ನು ರಾಶಿ ಮಾಡಿ ಅದರ ಮೇಲೆ ಹೆಣ ಸುಡುವುದು || te: ఉన్నత స్థానానికి వెళ్ళాలనే కోరిక కలిగి ఉండడం,form_similar,,,,
B002262,ಆಶಿಸು,ఆశిస్సు,āśisu,āśissu,,kn: ಆಶಯ ಅಥವಾ ಅಪೇಕ್ಷಿಸುವ ಕ್ರಿಯೆ || te: పెళ్ళిలో కాని శుభకార్యాలలో సూచించే వాక్యం,form_similar,,,,
B002263,ಆಶ್ರಮ,ఆశ్రమీ,āśrama,āśramī,,kn: ಋಷಿಗಳು ಮತ್ತು ಮನುಷ್ಯರ ವಾಸಿಸುವ ಸ್ಥಾನ/ಸ್ಥಳ || te: హిందువుల నాలుగు ఆశ్రమ ధర్మాలు పాటించే వారు,form_similar,,,,
B002264,ಆಶ್ರಮಿ,ఆశ్రమీ,āśrami,āśramī,,kn: ಆಶ್ರಮದಲ್ಲಿ ಇರುವವರು ಅಥವಾ ಆಶ್ರಮವೇ ಅವರ ಮನೆಯಾಗಿರುವುದು || te: హిందువుల నాలుగు ఆశ్రమ ధర్మాలు పాటించే వారు,form_similar,,,,
B002265,ಆಷಾಢ,ఆషాడ,āṣāḍha,āṣāḍa,,kn: ಭಾರತೀಯ ಮಾಸಗಳಲ್ಲಿ ಜೇಷ್ಠದ ನಂತರ ಮತ್ತು ಶ್ರಾವಣದ ಮೊದಲು ಬರುವ ಮಾಸ ಅದು ಆಂಗ್ಲರ ಮಾಸದಲ್ಲಿ ಜೂನ್ ಮತ್ತು ಜುಲೈನ ಮಧ್ಯದಲ್ಲಿ ಬರುತ್ತದೆ || te: శ్రావణం ముందు వచ్చే మాసం,form_similar,,,,
B002266,ಆಷಾಢ,ఆషాఢీ,āṣāḍha,āṣāḍhī,,kn: ಭಾರತೀಯ ಮಾಸಗಳಲ್ಲಿ ಜೇಷ್ಠದ ನಂತರ ಮತ್ತು ಶ್ರಾವಣದ ಮೊದಲು ಬರುವ ಮಾಸ ಅದು ಆಂಗ್ಲರ ಮಾಸದಲ್ಲಿ ಜೂನ್ ಮತ್ತು ಜುಲೈನ ಮಧ್ಯದಲ್ಲಿ ಬರುತ್ತದೆ || te: జేష్టమాసం తర్వాత వచ్చే మాసం,form_similar,,,,
B002267,ಆಸಕ್ತ,ఆసక్తి,āsakta,āsakti,,kn: ಯಾರಂನ್ನಾದರು ಅಥವಾ ಯಾವುದಾದರೊಂದು ವಸ್ತು ಅಥವಾ ವಿಷಯದ ಬಗ್ಗೆ ಅತಿಯಾದ ಮತ್ತು ಸ್ವಯಂ ಪ್ರೇರಿತವಾದ ಗಮನ ಇರುವಂತಹ || te: కావలనే భావనను ఎక్కవగా పెంచుకోవటం,form_similar,,,,
B002268,ಆಸಕ್ತಿ,ఆశక్తి,āsakti,āśakti,,kn: ಆಸಕ್ತಿ ಹೊಂದುವ ಕ್ರಿಯೆ ಅಥವಾ ಭಾವನೆ || te: ఇష్టము కలిగి ఉండుట,form_similar,,,,
B002269,ಆಸಾಮಿ,ఆసామి.,āsāmi,āsāmi.,,"kn: ಆ ದೀನ ಪ್ರಾಣಿ ಅದರ ಬುದ್ಧಿಬಲದ ಕಾರಣ ಎಲ್ಲಾ ಪ್ರಾಣಿಗಳಿಗಿಂತಲೂ ಶ್ರೇಷ್ಠ ಮತ್ತು ಅದರ ಒಳಗೆ ಅಂತರ್ಗತವಾದ ನಾವು, ನೀವು ಮತ್ತು ಎಲ್ಲಾ ಜನರು || te: బ్రిటీష్ పరిపాలనకాలంలో భూమిశిస్తు వసూలు చేసుకొనువాడు",form_similar,,,,
B002270,ಇಕ್ಕಳ,ఇక్కడ,ikkaḷa,ikkaḍa,,kn: ಬಲವಾಗಿ ಹಿಡಿಯಲು ಅಥವಾ ಮೇಲೆ ತೆಗೆಯಲು ಒಳಸುವ ಒಂದು ಪ್ರಕಾರದ ಸಾಧನ || te: ఇటు  వైపు.,form_similar,,,,
B002271,ಇಬ್ಬನಿ,ఇబ్బడి,ibbani,ibbaḍi,,kn: ಗಾಳಿಯಲ್ಲಿ ನೀರಿನ ಸಣ್ಣ ಕಣಗಳು ಶೀತದ ರೂಪದಲ್ಲಿ ಒಟ್ಟು ಗೂಡಿ ಭೂಮಿಯ ಮೇಲೆ ನಿಧಾನವಾಗಿ ಬೀಳುವುದು || te: ఒక భాగానికి సమాన భాగం కలిపితే వచ్చేది,form_similar,,,,
B002272,ಈರ್ಷೆಯ,ఈర్ష్య,īrṣeya,īrṣya,,kn: ಯಾರಲ್ಲಿ ಅಸೂಯೆಯಿದೆಯೋ || te: ఒకరి పట్ల ఒకరికి ఒప్పనితనం ఉండకపోవుట,form_similar,,,,
B002273,ಈಶ್ವರ,ఈశ్వరి,īśvara,īśvari,,kn: ಯಾವುದಾದರು ವಿದ್ಯಾಲಯ ಅಥವಾ ದೊಡ್ಡ ವಿದ್ಯಾಲಯಗಳಲ್ಲಿ ಸರ್ವಪ್ರಧಾನವಾದ ಅಧಿಕಾರಿಣಿ ಅವರ ಅಧೀನದಲ್ಲಿ ಅಧ್ಯಾಪಕ ಅಥವಾ ಅಧ್ಯಾಪಕಿಯರು ಕೆಲಸವನ್ನು ಮಾಡುತ್ತಾರೆ || te: శివుడి యొక్క భార్య,form_similar,,,,
B002274,ಈಶ್ವರೀ,ఈశ్వరి,īśvarī,īśvari,,kn: ಹಣದ ಅಧಿದೇವತೆ ಅವಳೇ ವಿಷ್ಣುವಿನ ಹೆಂಡತಿ ಎನ್ನಲಾಗಿದೆ || te: శివుడి యొక్క భార్య,form_similar,,,,
B002275,ಉಂಗುಟ,ఉంచుట,uṁguṭa,uṁcuṭa,,kn: ಕೈ ಅಥವಾ ಕಾಲಿಗೆ ಸೇರಿದ ದೊಡ್ಡ ಬೆರೆಳು || te: ఒక చోట ఉంచడం,form_similar,,,,
B002276,ಉತ್ತಮ,ఉత్తర,uttama,uttara,,kn: ಯಾವುದೇ ವಸ್ತು ಅಥವಾ ಸಂಗತಿಯು ತುಂಬಾ ಒಳ್ಳೆಯದಾಗಿರುವಂತಹದ್ದು ಗುಣಮಟ್ಟದಲ್ಲಿ ತುಂಬಾ ಮೌಲ್ಯಯುತವಾದುದು || te: అభిమన్యుని భార్య,form_similar,,,,
B002277,ಉತ್ತರ-ಫಾಲ್ಗುನಿ_ನಕ್ಷತ್ರ,ఉత్తరఫాల్గుణ_నక్షత్రం,uttara-phālguni_nakṣatra,uttaraphālguṇa_nakṣatraṁ,,kn: ಎಪ್ಪತ್ತೇಳು ನಕ್ಷತ್ರಗಳಲ್ಲಿ ಒಂದು || te: చంద్రుడు ఉత్తరఫాల్గున నక్షత్రంలో కి వెళ్లె రోజు,form_similar,,,,
B002278,ಉತ್ತರ_ಫಾಲ್ಗುನಿ_ನಕ್ಷತ್ರ,ఉత్తరఫాల్గుణ_నక్షత్రం,uttara_phālguni_nakṣatra,uttaraphālguṇa_nakṣatraṁ,,kn: ಎಪ್ಪತ್ತೇಳು ನಕ್ಷತ್ರಗಳಲ್ಲಿ ಒಂದು || te: చంద్రుడు ఉత్తరఫాల్గున నక్షత్రంలో కి వెళ్లె రోజు,form_similar,,,,
B002279,ಉದಾರ,ఉదారం,udāra,udāraṁ,,kn: ಉದಾರ ಮನಸ್ಸುನ್ನು ಹೊಂದುವಂತಹ ಅವಸ್ಥೆ ಅಥವಾ ಭಾವ || te: మంచి స్వభావం కలిగి ఉండటం,form_similar,,,,
B002280,ಉದ್ಯೋಗ,ఉద్యోగి,udyōga,udyōgi,,kn: ಮಾಡಲಾಗುವ ಕ್ರಿಯೆ || te: ఏదేని పనిలో ఉన్నవాడు.,form_similar,,,,
B002281,ಉನ್ನತ,ఉన్నతి,unnata,unnati,,kn: ಇನ್ನೊಂದಕ್ಕಿಂತ ಅಥವಾ ಇತರರಿಗಿಂತ ಹೆಚ್ಚು ಒಳ್ಳೆಯದಾದ ಗುಣ ಅಥವಾ ಸ್ಥಿತಿ || te: పెరిగే క్రియ.,form_similar,,,,
B002282,ಉನ್ನತಿ,ఉన్నది,unnati,unnadi,,kn: ಯಾವುದೋ ಒಂದು ಎತ್ತರದ ಮಟ್ಟಕ್ಕೆ ಬೆಳೆಯುವುದು || te: ఉన్నట్లుగాతెలిపే క్రియ.,form_similar,,,,
B002283,ಉಪದ್ರವಕರ,ఉపద్రవకారీ,upadravakara,upadravakārī,,kn: ಹಾನಿಯನ್ನು ಉಂಟುಮಾಡುವಂತಹುದು || te: ఆపదను కలిగించు వ్యక్తి.,form_similar,,,,
B002284,ಉಪಾಧ್ಯಕ್ಷರು,ఉపాధ్యక్షుడు,upādhyakṣaru,upādhyakṣuḍu,,kn: ಅಧ್ಯಕ್ಷನಿಗಿಂತ ಕೆಳಗಿನ ಮತ್ತು ಅಧ್ಯಕ್ಷನ ಪ್ರತಿನಿಧಿಯಾಗಿ ಕೆಲಸ ಮಾಡುವ ಅಧಿಕಾರಿ || te: సంస్థ యజమానికి సహాయంగా పనిచేసే వ్యక్తి.,form_similar,,,,
B002285,ಉಬ್ಬಿದ,ఉబ్బిన,ubbida,ubbina,,kn: ಸಮತಲವಲ್ಲದ ಅದಕ್ಕಿಂತ ಎತ್ತರದ ಭಾಗ ಅಥವಾ ಒಂದು ನಿರ್ದಿಷ್ಟ ಸ್ಥಿರ ಭಾಗದಿಂದ ಮೇಲ್ಭಾಗಕ್ಕೆ ಏರುವ ಕ್ರಿಯೆ ಅಥವಾ ಹೆಚ್ಚಾಗಿ ಸ್ಥಿರ ನಿಂತ ಸ್ಥಿತಿ || te: ఎక్కువ పెద్దదిగా కావడం,form_similar,,,,
B002286,ಉಯ್ಯಾಲೆ,ఉయ్యాల,uyyāle,uyyāla,,kn: ವರ್ಷ ಋತುವಿನ ಉತ್ಸವ ಅದರಲ್ಲಿ ಮೂರ್ತಿಗಳನ್ನು ಉಯ್ಯಾಲೆಗಳಲ್ಲಿ ಕೂರಿಸಿ ಉಯ್ಯಾಲೆಯನ್ನು ಆಡಿಸುತ್ತಾರೆ || te: చిన్న పిల్లలను వేసి ఊపేది,form_similar,,,,
B002287,ಉಲ್ಲಂಘನೀಯ,ఉల్లంఘన,ullaṁghanīya,ullaṁghana,,kn: ಉಲ್ಲಂಘನೆ ಮಾಡಲು ಯೋಗ್ಯವಾದ || te: నియమ నిభంధనలకు విరుద్ధంగా పని చేయడం,form_similar,,,,
B002288,ಎಕ್ಕಡ,ఎక్కడా,ekkaḍa,ekkaḍā,,kn: ಸುರಕ್ಷತೆಯ ದೃಷ್ಟಿಯಿಂದ ಪಾದಗಳಿಗೆ ಹಾಕಿಕೊಳ್ಳುವಂತಹ ಚರ್ಮ ಮತ್ತು ಮೊದಲಾದವುಗಳಿಂದ ಮಾಡಿರುವಂತಹ ವಸ್ತು ಅದು ಪೂರ್ತಿಯಾಗಿ ಬೆರಳುಗಳನ್ನು ಸಹ ರಕ್ಷಿಸುತ್ತದೆ || te: ఏ స్థానంలోనూ,form_similar,,,,
B002289,ಎಕ್ಕಡ,ఎక్కడో,ekkaḍa,ekkaḍō,,kn: ಸುರಕ್ಷತೆಯ ದೃಷ್ಟಿಯಿಂದ ಪಾದಗಳಿಗೆ ಹಾಕಿಕೊಳ್ಳುವಂತಹ ಚರ್ಮ ಮತ್ತು ಮೊದಲಾದವುಗಳಿಂದ ಮಾಡಿರುವಂತಹ ವಸ್ತು ಅದು ಪೂರ್ತಿಯಾಗಿ ಬೆರಳುಗಳನ್ನು ಸಹ ರಕ್ಷಿಸುತ್ತದೆ || te: నిశ్చిత ప్రదేశంలో ఒక అనిశ్చిత ప్రదేశం,form_similar,,,,
B002290,ಏಕಾಏಕಿ,ఏకాకి,ēkāēki,ēkāki,,"kn: ಯಾವುದೇ ಕ್ರಿಯೆ, ಘಟನೆ, ಪ್ರಕ್ರಿಯೆ ಇಲ್ಲವೇ ಸಂಭವಿಸುವಿಕೆ ಅತೀ ಕಮ್ಮಿ ಅವಧಿಯಲ್ಲಿ, ನಿರೀಕ್ಷೆಗೆ ಹೊರತಾಗಿ, ಅಚ್ಚರಿ ಹುಟ್ಟಿಸುವಂತೆ ನಡೆಯುವ ರೀತಿ || te: ఒంటరిగా నివసించే వ్యక్తి",form_similar,,,,
B002291,ಏಜೆಂಟು,ఏజెంట్,ējeṁṭu,ējeṁṭ,,kn: ಯಾರೋ ಒಬ್ಬರು ಸ್ವಲ್ಪ ಪರಿಶ್ರಮ ಪಟ್ಟು  ವ್ಯಾಪಾರ ಅಥವಾ ಮಾರಟ ಮಾಡಲು ಜನರಿಗೆ ಸಹಾಯ ಮಾಡುವುದು || te: మధ్యవర్తిగా వుండే వ్యక్తి,form_similar,,,,
B002292,ಏರ್ಪಾಡು,ఏర్పడు,ērpāḍu,ērpaḍu,,kn: ಯಾವುದಾದರು ಕೆಲಸದ ವಿಧಾನ ಅದು ಶಾಸ್ತ್ರ ಮೊದಲಾದವುಗಳಿಂದ ನಿರ್ಧಾರವಾಗಿದೆ || te: కంటికి ఎదురుపడుట.,form_similar,,,,
B002293,ಐಕ್ಯ,ఐక్యం,aikya,aikyaṁ,,kn: ಒಂದಾಗುವಂತಹ ಅವಸ್ಥೆ ಅಥವಾ ಭಾವ || te: ఒకటిగా కలవటం,form_similar,,,,
B002294,ಐಕ್ಯಮತ್ಯ,ఐక్యమత్యము,aikyamatya,aikyamatyamu,,kn: ಒಂದಾಗುವಂತಹ ಅವಸ್ಥೆ ಅಥವಾ ಭಾವ || te: ఎవరితోనైన దగ్గరగా నుండు సంబధం.,form_similar,,,,
B002295,ಒಂದರಿ,ఒంటరి,oṁdari,oṁṭari,,kn: ಹಿಟ್ಟು ಮುಂತಾದವುಗಳನ್ನು ಸೋಸುವ ಒಂದು ಸಾಧನ || te: ఒంటరిగా నివసించే వ్యక్తి,form_similar,,,,
B002296,ಕಂಬ,కంబం,kaṁba,kaṁbaṁ,,"kn: ಕಲ್ಲು, ಮರ ಮೊದಲಾದವುಗಳಿಂದ ಮಾಡಿರುವ ಗೋಲಾಕಾರದ, ಚೌಕಾಕಾರದ ಉದ್ದನೆಯ ತುಂಡು ಅಥವಾ ಈ ಆಕಾರದ ಯಾವುದಾದರು ವಸ್ತು || te: ఏనుగు కట్టు ఒక బలమైన స్థంబం",form_similar,,,,
B002297,ಕಟುಕ,కనుక,kaṭuka,kanuka,,kn: ಕಳ್ಳತನ/ಕಳವು ಮಾಡುವ ವ್ಯಕ್ತಿ || te: ఈ కారణంచేత.,form_similar,,,,
B002298,ಕಟುಕ,కాటుక,kaṭuka,kāṭuka,,kn: ಕಳ್ಳತನ/ಕಳವು ಮಾಡುವ ವ್ಯಕ್ತಿ || te: కన్నులు అందంగా కనిపించడానికి పెట్టె నల్లటి పదార్థం,form_similar,,,,
B002299,ಕಟ್ಟು,కట్టు.,kaṭṭu,kaṭṭu.,,kn: ಚಿತ್ರ ಅಥವಾ ಪೋಟೋಗಳಿಗೆ ಅದರ ಸುತ್ತಲೂ ಕಟ್ಟುವ ಕಟ್ಟು || te: పైకము లేక మూల్యమునందించుట.,form_similar,,,,
B002300,ಕಟ್ಟೆ,కట్టె.,kaṭṭe,kaṭṭe.,,"kn: ನದಿ ಅಥವಾ ಜಲಾಶಯದ ಜಲವನ್ನು ತಡೆಯುವುದಕ್ಕಾಗಿ ಅದರ ದಡ್ಡದಲ್ಲಿ ಮಾಡಿರುವಂತಹ ಮಣ್ಣು, ಕಲ್ಲು ಮೊದಲಾದವುಗಳ ರಚನೆ || te: చెట్టు యొక్క ఏదైనా ఎండినభాగం ఇది వస్తు తయారీకి ఉపయోగపడుతుంది.",form_similar,,,,
B002301,ಕಠೋರತನ,కఠోరమైన,kaṭhōratana,kaṭhōramaina,,kn: ನಿರ್ದಯಿ ಆಗುವ ಅವಸ್ಥೆ ಅಥವಾ ಭಾವನೆ || te: సున్నితత్వం లేనివాడు,form_similar,,,,
B002302,ಕಡಗ,కడత,kaḍaga,kaḍata,,kn: ಕೈ ಅಥವಾ ಕಾಲಿಗೆ ಹಾಕುವ ಒಡವೆ || te: చెవికి కంటికి మధ్యనున్న స్థానం.,form_similar,,,,
B002303,ಕಡಗ,కడవ,kaḍaga,kaḍava,,kn: ಕೈ ಅಥವಾ ಕಾಲಿಗೆ ಹಾಕುವ ಒಡವೆ || te: నీళ్లు ఉంచే మట్టి పాత్ర,form_similar,,,,
B002304,ಕಡತಿ,కడత,kaḍati,kaḍata,,kn: ನಾಲ್ಕು ಕಾಲಿನ ಒಂದು ಸಸ್ಯಹಾರಿ ಅದು ಬಯಲಿನಲ್ಲಿ/ಮೈದಾನದಲ್ಲಿ ಮತ್ತು ಕಾಡಿನಲ್ಲಿ ಇರುತ್ತದೆ || te: చెవికి కంటికి మధ్యనున్న స్థానం.,form_similar,,,,
B002305,ಕಡತಿ,కడలి,kaḍati,kaḍali,,kn: ನಾಲ್ಕು ಕಾಲಿನ ಒಂದು ಸಸ್ಯಹಾರಿ ಅದು ಬಯಲಿನಲ್ಲಿ/ಮೈದಾನದಲ್ಲಿ ಮತ್ತು ಕಾಡಿನಲ್ಲಿ ಇರುತ್ತದೆ || te: ఉప్పు నీటితో విశాలమైన భూభాగాన్ని ఆక్రమించినవి.,form_similar,,,,
B002306,ಕಡತಿ,కణతి,kaḍati,kaṇati,,kn: ನಾಲ್ಕು ಕಾಲಿನ ಒಂದು ಸಸ್ಯಹಾರಿ ಅದು ಬಯಲಿನಲ್ಲಿ/ಮೈದಾನದಲ್ಲಿ ಮತ್ತು ಕಾಡಿನಲ್ಲಿ ಇರುತ್ತದೆ || te: చెవికి కంటికి మధ్యనున్న స్థానం.,form_similar,,,,
B002307,ಕಡಲು,కోడలు,kaḍalu,kōḍalu,,kn: ಉಪ್ಪು ನೀರಿನ ವಿಶಾಲ ರಾಶಿಯು ನಾಲ್ಕೂ ಕಡೆಯಿಂದ ಭೂಮಿಗೆ ಬಂದು ಬೀಳುವುದು || te: కొడుకు భార్య,form_similar,,,,
B002308,ಕಡಲೆ,కడలి,kaḍale,kaḍali,,kn: ಒಂದು ಚಿಕ್ಕ ಗಿಡ ಅದರ ಬೀಜವನ್ನು ಬೇಳೆ ಕಾಳುಗಳಾಗಿ ಉಪಯೋಗಿಸುತ್ತಾರೆ || te: ఉప్పు నీటితో విశాలమైన భూభాగాన్ని ఆక్రమించినవి.,form_similar,,,,
B002309,ಕಡವೆ,కడవ,kaḍave,kaḍava,,kn: ಒಂದು ಪ್ರಕಾರದ ದೊಡ್ಡ ಜಿಂಕೆಯ ತಲೆಯ ಎರಡು ಕಡೆಯಲ್ಲು ಬೆಳೆದ ಕೊಂಬಿನಿಂದ ಮತ್ತಷ್ಟು ಕೊಂಬು ಏಳುತ್ತಿತ್ತು || te: నీళ్లు ఉంచే మట్టి పాత్ర,form_similar,,,,
B002310,ಕಡಾಯಿ,కబాయి,kaḍāyi,kabāyi,,kn: ಲೋಹದಲ್ಲಿ ಮಾಡಿರುವ ಒಂದು ತರಹದ ಬೋಗುಣಿ || te: జంతువుల చర్మంతో తయారుచేసిన దుస్తులు,form_similar,,,,
B002311,ಕಡಾಯಿ,కసాయి,kaḍāyi,kasāyi,,kn: ಲೋಹದಲ್ಲಿ ಮಾಡಿರುವ ಒಂದು ತರಹದ ಬೋಗುಣಿ || te: దయలేనివాడు.,form_similar,,,,
B002312,ಕಡಿತ,కడత,kaḍita,kaḍata,,"kn: ಕೂದಲು, ಬಟ್ಟೆ ಮೊದಲಾದವುಗಳನ್ನು ಕತ್ತರಿಸುವ ಒಂದು ಸಾಧನ || te: చెవికి కంటికి మధ్యనున్న స్థానం.",form_similar,,,,
B002313,ಕಡಿತ,కణిత,kaḍita,kaṇita,,"kn: ಕೂದಲು, ಬಟ್ಟೆ ಮೊದಲಾದವುಗಳನ್ನು ಕತ್ತರಿಸುವ ಒಂದು ಸಾಧನ || te: అనేక కొమ్ములు కలిగిన జింక జాతికి చెందినది",form_similar,,,,
B002314,ಕಡಿತ,కవిత,kaḍita,kavita,,"kn: ಕೂದಲು, ಬಟ್ಟೆ ಮೊದಲಾದವುಗಳನ್ನು ಕತ್ತರಿಸುವ ಒಂದು ಸಾಧನ || te: గజల్ యొక్క రెండు చరణములు",form_similar,,,,
B002315,ಕಡುಬು,కడుగు,kaḍubu,kaḍugu,,"kn: ಮೊಟ್ಟೆ, ಮಾಂಸ ಕಾಯಿ ಪಲ್ಯ ಸೊಪ್ಪು ಮೂಂತಾದವುಗಳನ್ನು ಹಿಟ್ಟಿನಲ್ಲಿ ಬೆರೆಸಿ ಅಥವಾ ಕಲಸುಹಿಟ್ಟಿನಲ್ಲಿ ಹುದುಗಿಸಿ ನೀರಿನಕಲ್ಲೂ ಹಬೆಯಲ್ಲೂ ಕಾವಿನಲ್ಲೋ ಬೇಯಿಸಿ ಮಾಡಿದ ಕಾರದ ಒಂದು ಭಕ್ಷ್ಯ || te: శుభ్రం చేయడం",form_similar,,,,
B002316,ಕಡುಬು,కడుపు,kaḍubu,kaḍupu,,"kn: ಮೊಟ್ಟೆ, ಮಾಂಸ ಕಾಯಿ ಪಲ್ಯ ಸೊಪ್ಪು ಮೂಂತಾದವುಗಳನ್ನು ಹಿಟ್ಟಿನಲ್ಲಿ ಬೆರೆಸಿ ಅಥವಾ ಕಲಸುಹಿಟ್ಟಿನಲ್ಲಿ ಹುದುಗಿಸಿ ನೀರಿನಕಲ್ಲೂ ಹಬೆಯಲ್ಲೂ ಕಾವಿನಲ್ಲೋ ಬೇಯಿಸಿ ಮಾಡಿದ ಕಾರದ ಒಂದು ಭಕ್ಷ್ಯ || te: శరీరంలో ఛాతీకి క్రింది భాగంలో ఉండే అవయవం",form_similar,,,,
B002317,ಕಣಜ,కణత,kaṇaja,kaṇata,,kn: ಒಕ್ಕಿದ ಧಾನ್ಯಗಳನ್ನಿಡುವ ಉಗ್ರಾಣ ಅಥವಾ ಧಾನ್ಯಗಳನ್ನು ಸಂಗ್ರಹಿಸುವ ನೆಲಮಾಳಿಗೆ || te: శరీరం లోపల ఉండే ఒక గ్రంధి,form_similar,,,,
B002318,ಕತ್ತಿ,కత్తి.,katti,katti.,,kn: ಒಂದು ಪ್ರಕಾರದ ಖಡ್ಗ || te: చురకత్తి ఆకారంలో వుండే ఒక పరికరం,form_similar,,,,
B002319,ಕಥಕ್,కథ,kathak,katha,,kn: ಉತ್ತರ ಭಾರತದಲ್ಲಿ ಪ್ರಚಲಿತದಲ್ಲಿರುವ ಒಂದು ನೃತ್ಯ ಶೈಲಿ || te: కొన్ని సంఘటనలు మాత్రమే చిత్రింపబడింది.,form_similar,,,,
B002320,ಕದಪು,కలపు,kadapu,kalapu,,kn: ಬಾಯಿಯ ಎರಡು ಕಡೆಯ ಎಲುಬು/ಮೂಳೆಗಳು ಮತ್ತು ಕಿವಿ ಮತ್ತು ಕಣ್ಣುಗಳ ನಡುವಿನ ಕೋಮಲವಾದ ಭಾಗ || te: ద్రవ పదార్థంలో ఏదయినా వేసి బాగా కలవడం కొరకు తిప్పడం,form_similar,,,,
B002321,ಕದರು,కవరు,kadaru,kavaru,,kn: ನೂಲನ್ನು ತೆಗೆಯುವ ಒಂದು ಚಿಕ್ಕ ಉಪಕರಣ || te: పుస్తకాలు చినగకుండా ఉండటానికి చేసేది,form_similar,,,,
B002322,ಕದರು,కసరు,kadaru,kasaru,,kn: ನೂಲನ್ನು ತೆಗೆಯುವ ಒಂದು ಚಿಕ್ಕ ಉಪಕರಣ || te: ఎక్కువ ఆగ్రహము కలుగు భావన.,form_similar,,,,
B002323,ಕದಲು,కదలి,kadalu,kadali,,kn: ತನ್ನ ಜಾಗದಿಂದ ಸ್ವಲ್ಪ ಜರಗುವುದು ಅಥವಾ ಆಕಡೆ-ಈಕಡೆ ಕದಲುವುದು || te: చిరుత తర్వాత వేగంగా పరిగెత్తే జంతువు,form_similar,,,,
B002324,ಕಪಟ,కపటి,kapaṭa,kapaṭi,,kn: ಯಾವುದೇ ವ್ಯಕ್ತಿಯೊಬ್ಬ ಬೇರೆಯವರನ್ನು ಬಹಳ ಜಾಣತನದಿಂದ ಮೋಸಗೊಳಿಸುವುದು || te: తెలియక పోయిన తెలిసినట్లు నటించువాడు,form_similar,,,,
B002325,ಕಪಾಲ,కపాలి,kapāla,kapāli,,kn: ಬಾಯಿಯ ಎರಡು ಕಡೆಯ ಎಲುಬು/ಮೂಳೆಗಳು ಮತ್ತು ಕಿವಿ ಮತ್ತು ಕಣ್ಣುಗಳ ನಡುವಿನ ಕೋಮಲವಾದ ಭಾಗ || te: త్రిమూర్తులలో మూడు కన్నులుగలవాడు,form_similar,,,,
B002326,ಕಪ್ಪು,కప్పు.,kappu,kappu.,,kn: ಕೆಳಗಿನ ಗೋಡೆ ಮತ್ತು ಅಗಲವಾದ ತಳಹದಿಯ ಒಂದು ಚಿಕ್ಕ ಪಾತ್ರೆ || te: లోనికి వెళ్ళకుండా అడ్డుగా కట్టడం,form_similar,,,,
B002327,ಕಬ್ಬು,కబాబు,kabbu,kabābu,,kn: ಬೆತ್ತದ ಜಾತಿಯ ಒಂದು ಹುಲ್ಲು ಅದರ ಬಡ್ಡೆಯಲ್ಲಿ ಸಿಹಿಯಾದ ರಸವಿರುತ್ತದೆ ಅದನ್ನು ಬೆಲ್ಲ ಮತ್ತು ಸಕ್ಕರೆಯನ್ನು ಮಾಡಲು ಉಪಯೋಗಿಸುತ್ತಾರೆ || te: నిప్పుల మీద కాల్చి తినే మాంసము,form_similar,,,,
B002328,ಕಮಲ,కవల,kamala,kavala,,kn: ನೀರಿನಲ್ಲಿ ಬೆಳೆಯುವಂತಹ ಒಂದು ಗಿಡದ ಪುಷ್ಪ ಅದು ತುಂಬಾ ಸುಂದರವಾಗಿರುತ್ತದೆ || te: ఒకదానికి ఇంకొకటి,form_similar,,,,
B002329,ಕರಡು,కొరడు,karaḍu,koraḍu,,"kn: ಗೋಧಿ, ಭತ್ತ, ರಾಗಿ ಮುಂತಾದ ಬೆಳೆಗಳ ಒಣಗಿದ ರೂಪ || te: వర్షకాలంలో ఏడురంగులతో ఆకాశంలో కనిపించేది",form_similar,,,,
B002330,ಕರಣ,కరుణ,karaṇa,karuṇa,,kn: ವ್ಯಾಕರಣದಲ್ಲಿ ಕಾರಕಗಳ ಮೂಲಕ ಕರ್ತ ಯಾವುದೋ ಕ್ರಿಯೆಯನ್ನು ಮಾಡುವನು || te: ఇతరుల పట్ల సానుభూతి కలిగి ఉండే భావన,form_similar,,,,
B002331,ಕರಣಿ,కరణ,karaṇi,karaṇa,,kn: ಭವನ ಅಥವಾ ಮನೆಗಳ ನಿರ್ಮಾಣದ ಕೆಲಸದಲ್ಲಿ ಉಪಯೋಗಿಸುವ ಒಂದು ಉಪಕರಣ ಅದರಿಂದ ಗೋಡೆಯ ಮೇಲೆ ಗಾರೆಯನ್ನು ಮೆತ್ತುತ್ತಾರೆ || te: తెల్ల పూలు పూచే ఒక మొక్క,form_similar,,,,
B002332,ಕರಣೆ,కరణ,karaṇe,karaṇa,,"kn: ಮೊಸರಿನ ಮುದ್ದೆ, ಕರಣೆ || te: తెల్ల పూలు పూచే ఒక మొక్క",form_similar,,,,
B002333,ಕರಿಯ,క్రియ,kariya,kriya,,kn: ಆ ವ್ಯಕ್ತಿಯ ಬಣ್ಣ ಕಪ್ಪು || te: వాక్యంలో పనిని గురించి వివరించు భాగం.,form_similar,,,,
B002334,ಕರುಣ,కరణ,karuṇa,karaṇa,,kn: ಅನುಕಂಪ ಅಥವಾ ದಯೆಯನ್ನು ತೋರುವ ಕ್ರಿಯೆ || te: తెల్ల పూలు పూచే ఒక మొక్క,form_similar,,,,
B002335,ಕರುಣಾ,కరుణ,karuṇā,karuṇa,,kn: ಕಾವ್ಯದ ಒಂಭತ್ತು ರಸಗಳಲ್ಲಿ ಮೂರನೇ ರಸ || te: ఇతరుల పట్ల సానుభూతి కలిగి ఉండే భావన,form_similar,,,,
B002336,ಕರುಬು,కరుగు,karubu,karugu,,kn: ಇನ್ನೊಬ್ಬರ ಹೇಳಿಗೆ ಮತ್ತು ಇನ್ನೊಬ್ಬರಿಗೆ ಒಳ್ಳೆಯದಾಗುವುದನ್ನು ಸಹಿಸದ ಗುಣ ಅಥವಾ ಭಾವ || te: ఏదైనా ఒక ద్రవ పదార్థంలో మరొక పదార్థం మిశ్రమము అగుట.,form_similar,,,,
B002337,ಕರುಬು,కరువు,karubu,karuvu,,kn: ಇನ್ನೊಬ್ಬರ ಹೇಳಿಗೆ ಮತ್ತು ಇನ್ನೊಬ್ಬರಿಗೆ ಒಳ್ಳೆಯದಾಗುವುದನ್ನು ಸಹಿಸದ ಗುಣ ಅಥವಾ ಭಾವ || te: తిండి కూడా దొరకని క్లిష్ట పరిస్థితి.,form_similar,,,,
B002338,ಕರುಳು,కరుగు,karuḷu,karugu,,kn: ಪ್ರಾಣಿಗಳ ಹೊಟ್ಟೆಯ ಒಳಗಿನ ಉದ್ದವಾದ ನಾಳ ಗುದ್ಧದ್ವಾರದವರೆಗೂ ಇರುತ್ತದೆ ಮತ್ತು ಅದರಿಂದ ಮಲ ಅಥವಾ ಬೇಡವಾದ ಪದಾರ್ಥಗಳನ್ನು ದೇಹದಿಂದ ಹೊರಹಾಕುತ್ತದೆ || te: ఏదైనా ఒక ద్రవ పదార్థంలో మరొక పదార్థం మిశ్రమము అగుట.,form_similar,,,,
B002339,ಕರುಳು,కరువు,karuḷu,karuvu,,kn: ಪ್ರಾಣಿಗಳ ಹೊಟ್ಟೆಯ ಒಳಗಿನ ಉದ್ದವಾದ ನಾಳ ಗುದ್ಧದ್ವಾರದವರೆಗೂ ಇರುತ್ತದೆ ಮತ್ತು ಅದರಿಂದ ಮಲ ಅಥವಾ ಬೇಡವಾದ ಪದಾರ್ಥಗಳನ್ನು ದೇಹದಿಂದ ಹೊರಹಾಕುತ್ತದೆ || te: తిండి కూడా దొరకని క్లిష్ట పరిస్థితి.,form_similar,,,,
B002340,ಕರ್ಣ,కరణ,karṇa,karaṇa,,kn: ಆ ಇಂದ್ರೀಯದಿಂದ ಶಬ್ದ ಕೇಳಿಸುವುದು || te: తెల్ల పూలు పూచే ఒక మొక్క,form_similar,,,,
B002341,ಕರ್ಣ,కరుణ,karṇa,karuṇa,,kn: ಆ ಇಂದ್ರೀಯದಿಂದ ಶಬ್ದ ಕೇಳಿಸುವುದು || te: ఇతరుల పట్ల సానుభూతి కలిగి ఉండే భావన,form_similar,,,,
B002342,ಕರ್ಮವಾಚಕ,కర్తవాచకం,karmavācaka,kartavācakaṁ,,kn: ವ್ಯಾಕರಣದಲ್ಲಿ ವಾಚ್ಯದ ಎರಡು ಭೇದದಲ್ಲಿ ಒಂದು ಅದು ಈ ಮಾತಿನ ಸೂಚಕವಾಗಿರುತ್ತದೆ ಅದು ಏನಾದರೊಂದನ್ನು ಹೇಳುವಂತಹ ಕರ್ಮದ ಪ್ರಧಾನತೆಯ ವಿಚಾರವಾಗಿರುತ್ತದೆ || te: క్రియా పదాలలో కర్త గురించి చెప్పేది,form_similar,,,,
B002343,ಕಲಶ,కలత,kalaśa,kalata,,kn: ಮಂದಿರ ಮೊದಲಾದವುಗಳ ಶಿಖರದ ಮೇಲೆ ಇಡುವಂತಹ ಅಥವಾ ಮಾಡಿರುವಂತಹ ಕಲಸದ ಆಕಾರದ ಸಂರಚನೆ || te: కలత చేందుట.,form_similar,,,,
B002344,ಕಲಸ,కలత,kalasa,kalata,,kn: ಮಂದಿರ ಮೊದಲಾದವುಗಳ ಶಿಖರದ ಮೇಲೆ ಇಡುವಂತಹ ಅಥವಾ ಮಾಡಿರುವಂತಹ ಕಲಸದ ಆಕಾರದ ಸಂರಚನೆ || te: కలత చేందుట.,form_similar,,,,
B002345,ಕಲಸ,కెలస,kalasa,kelasa,,"kn: ಮಂದಿರ ಮೊದಲಾದವುಗಳ ಶಿಖರದ ಮೇಲೆ ಇಡುವಂತಹ ಅಥವಾ ಮಾಡಿರುವಂತಹ ಕಲಸದ ಆಕಾರದ ಸಂರಚನೆ || te: ఉద్యోగం, సేవ జీవితం మొదలైనవాటికోసం చేసే క్రియ",form_similar,,,,
B002346,ಕಲಸಾ,కలరా,kalasā,kalarā,,"kn: ನೀರನ್ನು ತುಂಬುವ ಅಥವಾ ಅದರಲ್ಲಿ ಶೇಖರಿಸಿಡುವ ಒಂದು ಪಾತ್ರೆ || te: వాంతులు, విరోచనాలతో వచ్చే వ్యాధి",form_similar,,,,
B002347,ಕಲಸು,కలయు,kalasu,kalayu,,kn: ದ್ರವ ಪದಾರ್ಥಕ್ಕೆ ಏನನ್ನಾದರೂ ಹಾಕಿ ಸರಿಯಾದ ರೀತಿಯಲ್ಲಿ ಕಲಸುವ ಕ್ರಿಯೆ || te: ఒకరితో ఒకరు అన్యోన్యముగా ఉండుట.,form_similar,,,,
B002348,ಕಲಹ,కలత,kalaha,kalata,,kn: ಶತ್ರುವಿನ ಎರಡು ದಳಗಳ ನಡುವೆ ಶಸ್ತ್ರದಿಂದ ನಡೆಯುವ  ಯುದ್ಧ || te: కలత చేందుట.,form_similar,,,,
B002349,ಕಲಾಸಿ,కలిసి,kalāsi,kalisi,,kn: ಹಡಗಿನಲ್ಲಿ ಕೆಲಸ ಮಾಡುವ ಕೆಲಸಗಾರನು || te: ఒకటిగా ఉండుట,form_similar,,,,
B002350,ಕಲಿತ,కణిత,kalita,kaṇita,,kn: ಯಾರೋ ಒಬ್ಬರು ಶಿಕ್ಷಣವನ್ನು ಪಡೆದಿರುವರು || te: అనేక కొమ్ములు కలిగిన జింక జాతికి చెందినది,form_similar,,,,
B002351,ಕಲಿತ,కలత,kalita,kalata,,kn: ಯಾರೋ ಒಬ್ಬರು ಶಿಕ್ಷಣವನ್ನು ಪಡೆದಿರುವರು || te: కలత చేందుట.,form_similar,,,,
B002352,ಕಲಿತ,కవిత,kalita,kavita,,kn: ಯಾರೋ ಒಬ್ಬರು ಶಿಕ್ಷಣವನ್ನು ಪಡೆದಿರುವರು || te: గజల్ యొక్క రెండు చరణములు,form_similar,,,,
B002353,ಕಲಿಸು,కలియు,kalisu,kaliyu,,kn: ಕಲಿಸುವ ಅಥವಾ ಬೋಧಿಸುವ ಕೆಲಸವನ್ನು ಮಾಡುವ || te: ఒకరితో ఒకరు అన్యోన్యముగా ఉండుట.,form_similar,,,,
B002354,ಕಲಿಸು,కలిసి,kalisu,kalisi,,kn: ಕಲಿಸುವ ಅಥವಾ ಬೋಧಿಸುವ ಕೆಲಸವನ್ನು ಮಾಡುವ || te: ఒకటిగా ఉండుట,form_similar,,,,
B002355,ಕಳುವು,కరువు,kaḷuvu,karuvu,,kn: ಬಚ್ಚಿಟ್ಟುಕೊಂಡು ಇನ್ನೊಬ್ಬರ ವಸ್ತುವನ್ನು ತಗೆದುಕೊಳ್ಳುವ ಕ್ರಿಯೆ ಅಥವಾ ಭಾವನೆ || te: తిండి కూడా దొరకని క్లిష్ట పరిస్థితి.,form_similar,,,,
B002356,ಕಳುವು,కలువు,kaḷuvu,kaluvu,,kn: ಬಚ್ಚಿಟ್ಟುಕೊಂಡು ಇನ್ನೊಬ್ಬರ ವಸ್ತುವನ್ನು ತಗೆದುಕೊಳ್ಳುವ ಕ್ರಿಯೆ ಅಥವಾ ಭಾವನೆ || te: ఏదేని ఒక వస్తువులో మరొకటి వచ్చుట.,form_similar,,,,
B002357,ಕಳುವು,కసువు,kaḷuvu,kasuvu,,kn: ಬಚ್ಚಿಟ್ಟುಕೊಂಡು ಇನ್ನೊಬ್ಬರ ವಸ್ತುವನ್ನು ತಗೆದುಕೊಳ್ಳುವ ಕ್ರಿಯೆ ಅಥವಾ ಭಾವನೆ || te: పశువులకు మేతగా వేసేది,form_similar,,,,
B002358,ಕಳ್ಳ,కళ్ళం,kaḷḷa,kaḷḷaṁ,,kn: ಕಣ್ಣು ತಪ್ಪಿಸಿ ವಸ್ತುಗಳನ್ನು ಕದ್ದುಕೊಂಡು ಹೋಗುವ ವ್ಯಕ್ತಿ || te: పంటను కోసిన తర్వాత ఒక చోట చేర్చి ధాన్యంను వేరు చేసే స్థలం,form_similar,,,,
B002359,ಕವಚ,కవల,kavaca,kavala,,kn: ಒಂದು ವಸ್ತುವನ್ನು ಇನ್ನೊಂದು ವಸ್ತು ಮೇಲೊದಿಕೆಯಾಗಿ ರಕ್ಷಣೆ ಕೊಡುವುದು || te: ఒకదానికి ఇంకొకటి,form_similar,,,,
B002360,ಕವಳ,కవల,kavaḷa,kavala,,kn: ಒಂದು ಸಲಕ್ಕೆ ನುಂಗುವಷ್ಟು ಆಹಾರ/ಒಂದು ತುತ್ತು || te: ఒకదానికి ఇంకొకటి,form_similar,,,,
B002361,ಕವಾಲಿ,కపాలి,kavāli,kapāli,,kn: ಒಂದು ಪ್ರಕಾರದ ಆಧ್ಯಾತ್ಮಿಕವಾದ ಪರಿಪೂರ್ಣ ಗಾಯನ ಅಥವಾ ಹಾಡು || te: త్రిమూర్తులలో మూడు కన్నులుగలవాడు,form_similar,,,,
B002362,ಕವಿತೆ,కవిత,kavite,kavita,,"kn: ಭಾಷೆಯೊಂದರ ಮೂಲಕ ಭಾವನೆ ವಸ್ತು, ವಿಷಯ ಇತ್ಯಾದಿಗಳ ಕಲಾತ್ಮಕ ಅಭಿವ್ಯಕ್ತಿ || te: గజల్ యొక్క రెండు చరణములు",form_similar,,,,
B002363,ಕಸುವು,కరువు,kasuvu,karuvu,,kn: ಯಾವುದೇ ಕೆಲಸ ಮಾಡಲು ಉಪಯೋಗವಾಗುವ ಬಲ || te: తిండి కూడా దొరకని క్లిష్ట పరిస్థితి.,form_similar,,,,
B002364,ಕಸುವು,కలువు,kasuvu,kaluvu,,kn: ಯಾವುದೇ ಕೆಲಸ ಮಾಡಲು ಉಪಯೋಗವಾಗುವ ಬಲ || te: ఏదేని ఒక వస్తువులో మరొకటి వచ్చుట.,form_similar,,,,
B002365,ಕಸುವು,కసవు,kasuvu,kasavu,,kn: ಯಾವುದೇ ಕೆಲಸ ಮಾಡಲು ಉಪಯೋಗವಾಗುವ ಬಲ || te: పశువుల ముఖ్య ఆహారం,form_similar,,,,
B002366,ಕಾಂಡ,కాండం,kāṁḍa,kāṁḍaṁ,,kn: ಚಿಕ್ಕ ಗಿಡಗಳ ಕಾಂಡ ಮತ್ತು ಖಾಖೆ/ಭಾಗ/ತುಂಡು || te: వృక్షం యొక్క క్రిందిభాగం,form_similar,,,,
B002367,ಕಾಂತಿ,కాంతి.,kāṁti,kāṁti.,,kn: ಆ ಶಕ್ತಿ ಅಥವಾ ತತ್ವದ ಯೋಗದಿಂದ ವಸ್ತು ಇತ್ಯಾದಿಗಳ ರೂಪ ಕಣ್ಣಿಗೆ ಕಾಣಿಸುವುದು || te: ముఖంలో ఎక్కువ ప్రాకాశవంతము కనిపించుట.,form_similar,,,,
B002368,ಕಾಂತಿ,క్రాంతి,kāṁti,krāṁti,,kn: ಆ ಶಕ್ತಿ ಅಥವಾ ತತ್ವದ ಯೋಗದಿಂದ ವಸ್ತು ಇತ್ಯಾದಿಗಳ ರೂಪ ಕಣ್ಣಿಗೆ ಕಾಣಿಸುವುದು || te: రత్నాల నుండి వెలువడు వెలుగు.,form_similar,,,,
B002369,ಕಾಗದ,కాగడ,kāgada,kāgaḍa,,"kn: ಹುಲ್ಲು, ಬಿದಿರು ಇತ್ಯಾದಿ ಬಳಸಿ ಮಾಡಿದ ಕಾಗದದ ಅಥವಾ ಮಾಸಿಕ ಪತ್ರದ ಮೇಲೆ ಚಿತ್ರ, ಅಕ್ಷರ ಇತ್ಯಾದಿ ಬರೆಯುವರು ಅಥವಾ ಮುದ್ರಿಸುವರು || te: పెద్దని ఒత్తి కలిగి మండించు దివిటిలాంటిది",form_similar,,,,
B002370,ಕಾಣಲು,కాయలు,kāṇalu,kāyalu,,kn: ಯಾವುದೋ ವಿಶೇಷ ಕೆಲಸಕ್ಕೋಸ್ಕರ ಕೆಲವರು ಒಂದೇ  ಕಡೆ ಬಂದು ಸೇರುವ ಕ್ರಿಯೆ || te: చెట్టు నుండి వచ్చే గోళీలు,form_similar,,,,
B002371,ಕಾಣುವ,కాలువ,kāṇuva,kāluva,,"kn: ಕಣ್ಣಿನ ದೃಷ್ಠಿಗೆ ಗೋಚರವಾಗಬಹುದಾದ, ನೋಡಲಿಕ್ಕೆ ಯೋಗ್ಯವಾದ ಅಥವಾ ನೋಡಲು ಸಾಧ್ಯವಾಗಬಹುದಾದ || te: నది నుండి ఇంకొక నదికి అనుసంధానించడానికి త్రవ్వే నీటిమార్గం",form_similar,,,,
B002372,ಕಾದಾಡು,కాపాడు,kādāḍu,kāpāḍu,,kn: ಭಿನ್ನಾಭಿಪ್ರಾಯಗಳಿಂದಾಗಿ ಪರಸ್ಪರ ಮಾತಿನ ಚಕಮಕಿ ನಡೆಯುವುದು || te: ఏదైన  పని భారాన్ని తనపైకి తీసుకొనుట.,form_similar,,,,
B002373,ಕಾಪರ್,కాపరి,kāpar,kāpari,,"kn: ಕೆಂಪು ಬಣ್ಣದ ಪದಾರ್ಥದ ಲೋಹ ಅದರಿಂದ ಪಾತ್ರೆ, ತಂತಿ ಮೊದಲಾದವುಗಳನ್ನು ಮಾಡುತ್ತಾರೆ || te: ఇతరుల బారినుండి మనల్ని రక్షించుకొనేందు ఏర్పర్చుకొన్న వ్యక్తి.",form_similar,,,,
B002374,ಕಾಬುಲಿ,కాబులీ,kābuli,kābulī,,kn: ಕಾಬಲ್ ನಲ್ಲಿ ವಾಸ ಮಾಡುವವ || te: మయన్మార్ రాజధానికి చెందిన,form_similar,,,,
B002375,ಕಾಬೂಲಿ,కాబూలీ,kābūli,kābūlī,,kn: ಕಾಬೂಲ್ ನಲ್ಲಿ ವಾಸಮಾಡುವ ವ್ಯಕ್ತಿ || te: కాబూల్‍లో నివసించేవాడు,form_similar,,,,
B002376,ಕಾಬೂಲಿ,కాబూల్,kābūli,kābūl,,kn: ಕಾಬೂಲ್ ನಲ್ಲಿ ವಾಸಮಾಡುವ ವ್ಯಕ್ತಿ || te: ఆప్ఘనిస్థాన్ రాజధాని నగరం,form_similar,,,,
B002377,ಕಾಬೂಲ್,కాబూలీ,kābūl,kābūlī,,kn: ಕಾಬೂಲಿನ ಅಥವಾ ಕಾಬೂಲಿಗೆ ಸಂಬಂಧಿಸಿದ || te: కాబూల్‍లో నివసించేవాడు,form_similar,,,,
B002378,ಕಾಮುಕ,కాటుక,kāmuka,kāṭuka,,kn: ಲೈಂಗಿಕವಾಗಿ ಹೆಚ್ಚು ಆಸಕ್ತಿದಾಯಕವಾದ ಗುಣ ಅಥವಾ ವ್ಯಕ್ತಿ || te: కన్నులు అందంగా కనిపించడానికి పెట్టె నల్లటి పదార్థం,form_similar,,,,
B002379,ಕಾಮುಕ,కానుక,kāmuka,kānuka,,"kn: ಲೈಂಗಿಕವಾಗಿ ಹೆಚ್ಚು ಆಸಕ್ತಿದಾಯಕವಾದ ಗುಣ ಅಥವಾ ವ್ಯಕ್ತಿ || te: ఏదేని పోటీకిగాను, లేక ఎవరినైన కలవడానికెళుతున్నపుడు బహూకరించునది.",form_similar,,,,
B002380,ಕಾಯಂ,కార్యం,kāyaṁ,kāryaṁ,,kn: ಯಾವುದೋ ಒಂದು ತನ್ನ ಜಾಗದಿಂದ ಕದಲದೆ ಇರುವ ಅಥವಾ ಗತಿಯೆ ಇಲ್ಲದೆ ಇರುವಂತಹ || te: వాక్యంలో పనిని గురించి వివరించు భాగం.,form_similar,,,,
B002381,ಕಾಯಂ,కావ్యం,kāyaṁ,kāvyaṁ,,kn: ಯಾವುದೋ ಒಂದು ತನ್ನ ಜಾಗದಿಂದ ಕದಲದೆ ಇರುವ ಅಥವಾ ಗತಿಯೆ ಇಲ್ಲದೆ ಇರುವಂತಹ || te: నవరసాలతో వర్ణింపబడిన రమణీయమైన అర్థమును ప్రతిపాదించేది,form_similar,,,,
B002382,ಕಾಯಲು,కాయము,kāyalu,kāyamu,,kn: ಕಾಯಿಸುವ ಕ್ರಿಯೆ || te: మంచి చెడులను గుర్తించి ఏది సరైనది ఏదికాదు అనేది ఖచ్చితంగా చేసే క్రియ.,form_similar,,,,
B002383,ಕಾರಣ,కరణ,kāraṇa,karaṇa,,kn: ಯಾವುದನ್ನು ನಿಯತವಾಗಿ ಮತ್ತು ನಿರುಪಾಯವಾಗಿ ಅನುಸರಿಸಿ ಕಾರ್ಯ ಅಥವಾ ಘಟನೆಯೊಂದು ಬರುತ್ತದೆಯೋ ಆ ಸಂಗತಿ ಅಥವಾ ಸ್ಥಿತಿ || te: తెల్ల పూలు పూచే ఒక మొక్క,form_similar,,,,
B002384,ಕಾರ್ಯಕ್ರಮ,కార్యక్రమము,kāryakrama,kāryakramamu,,kn: ಮನೋರಂಜನೆ ಅಥವಾ ವಿನೋದಕ್ಕಾಗಿ ಮಾಡುವ ಯಾವುದೇ ಕೆಲಸ || te: జరుగవలసిన పనుల యొక్క క్రమము.,form_similar,,,,
B002385,ಕಾರ್ಯದರ್ಶಿಯ,కార్యదర్శి,kāryadarśiya,kāryadarśi,,kn: ಆಡಳಿತಾಧಿಕಾರಿಯ ಅಥವಾ ಕಾರ್ಯದರ್ಶಿಗೆ ಸಂಬಂಧಿಸಿದ || te: కార్యములను నిర్వహించువాడు.,form_similar,,,,
B002386,ಕಾಲರಾ,కలరా,kālarā,kalarā,,"kn: ಆ ಸಾಂಕ್ರಾಮಿಕ ರೋಗದಿಂದ ತುಂಬಾ ಜನರು ಒಂದೇ ಸಲ ಅಥವಾ ಬಹು ಬೇಗನೆ ಸಾಯುತ್ತಿದ್ದರು || te: వాంతులు, విరోచనాలతో వచ్చే వ్యాధి",form_similar,,,,
B002387,ಕಾಲರಾ,కాలర్,kālarā,kālar,,kn: ಆ ಸಾಂಕ್ರಾಮಿಕ ರೋಗದಿಂದ ತುಂಬಾ ಜನರು ಒಂದೇ ಸಲ ಅಥವಾ ಬಹು ಬೇಗನೆ ಸಾಯುತ್ತಿದ್ದರು || te: చొక్కాకు మెడ చుట్టూ ఉండే భాగం,form_similar,,,,
B002388,ಕಾಲಹರಣ,కాలహరణం.,kālaharaṇa,kālaharaṇaṁ.,,kn: ಯಾವುದೇ ಕೆಲಸ ಅಥವಾ ಸಂಗತಿಯನ್ನು ಮುಂದೆ ತಳ್ಳುವುದು ಅಥವಾ ಮುಂದೂಡುವುದು || te: సాధారణ సమయం కంటే అధిక సమయం.,form_similar,,,,
B002389,ಕಾಲಿಡು,కాలుడు,kāliḍu,kāluḍu,,kn: ನಡೆಯಲು ಕಾಲನ್ನು ಎತ್ತಿ ಮುಂದೆ ಇಡುವ ಪ್ರಕ್ರಿಯೆ || te: యమునానదిలో ఉండి కృష్ణుని చేత పరాభవించబడిన పాము,form_similar,,,,
B002390,ಕಾಲಿಯಾ,కాలికా,kāliyā,kālikā,,kn: ನಾಗರಹಾವು ಇರುತ್ತಿದ್ದ ಯಮುನಾ ನದಿಯಲ್ಲಿಯ ಮಡುವು || te: ఒక చిన్న నల్ల పక్షి,form_similar,,,,
B002391,ಕಾಲೋನಿ,కాలని,kālōni,kālani,,"kn: ಹೊರಗಿನ/ಪರಕೀಯ/ಬೇರೆಯವರು ವಾಸ್ತವಿಕ ಸ್ಥಿತಿ, ಅದು ಕೀಟಾಣು ಮುಂತಾದವುಗಳ ಸಮೂಹ ಸೇರಿವ ಸ್ಥಳ || te: అది ఒక ప్రదేశము అక్కడ  ఇల్లును నిర్మించబడి ఉంటాయి.",form_similar,,,,
B002392,ಕಾಳಿಕಾ,కాలికా,kāḷikā,kālikā,,kn: ದುರ್ಗಿಯ ಒಂಭತ್ತು ರೂಪಗಳಲ್ಲಿ ಒಂದು ಇವಳ ಶರೀರ ಮಬ್ಬು ಕತ್ತಲೆಯ ತರಹ ಕಪ್ಪಾಗಿ ಮತ್ತು ಕೂದಲು ಚದುರಿರುತ್ತದೆ || te: ఒక చిన్న నల్ల పక్షి,form_similar,,,,
B002393,ಕಾಳಿಕಾ,కాళిక,kāḷikā,kāḷika,,kn: ದುರ್ಗಿಯ ಒಂಭತ್ತು ರೂಪಗಳಲ್ಲಿ ಒಂದು ಇವಳ ಶರೀರ ಮಬ್ಬು ಕತ್ತಲೆಯ ತರಹ ಕಪ್ಪಾಗಿ ಮತ್ತು ಕೂದಲು ಚದುರಿರುತ್ತದೆ || te: కట్టెలు కాలిన తరువాత నల్లగా ఉండేవి,form_similar,,,,
B002394,ಕಾವಲು,కాయలు,kāvalu,kāyalu,,kn: ಯಾವುದೇ ವಸ್ತು ಅಥವಾ ವ್ಯಕ್ತಿಯ ನೋಡುವ ನೋಟ ಅಥವಾ ರಕ್ಷಣೆ ಮುಂತಾದವುಗಳಿಗೆ ಅಥವಾ ನಿರ್ದಿಷ್ಟ ಸ್ಥಾನದಿಂದ ಅವನು ಹಿಂದಿರುಗುವುದನ್ನು ತಡೆಯಲು ಕಾವಲು ಗಾರನನ್ನು ನಿಯೋಗಗೊಳಿಸುವ ಕ್ರಿಯೆ || te: చెట్టు నుండి వచ్చే గోళీలు,form_similar,,,,
B002395,ಕಾವಲು,కావలి,kāvalu,kāvali,,kn: ಯಾವುದೇ ವಸ್ತು ಅಥವಾ ವ್ಯಕ್ತಿಯ ನೋಡುವ ನೋಟ ಅಥವಾ ರಕ್ಷಣೆ ಮುಂತಾದವುಗಳಿಗೆ ಅಥವಾ ನಿರ್ದಿಷ್ಟ ಸ್ಥಾನದಿಂದ ಅವನು ಹಿಂದಿರುಗುವುದನ್ನು ತಡೆಯಲು ಕಾವಲು ಗಾರನನ್ನು ನಿಯೋಗಗೊಳಿಸುವ ಕ್ರಿಯೆ || te: కోటకు రక్షణగా వుండు వ్యక్తి,form_similar,,,,
B002396,ಕಾವಿನ,కావున,kāvina,kāvuna,,kn: ಬೇಸಿಗೆಯ ಕಾಲ || te: ఈ కారణంచేత.,form_similar,,,,
B002397,ಕಿಟಕಿ,కేటకి,kiṭaki,kēṭaki,,kn: ಮನೆ ಅಥವಾ ಕಟ್ಟಡದ ಯಾವುದೇ ವಿನ್ಯಾಸಗಳಲ್ಲಿ ಗೋಡೆಯಲ್ಲಿ ಗಾಳಿ ಬೆಳಕಿಗಾಗಿ ಮಾಡಿದ ಸಣ್ಣ ಕಿಂಡಿ || te: ఒక రాగం,form_similar,,,,
B002398,ಕಿರಣ,కరణ,kiraṇa,karaṇa,,"kn: ಜೋತಿಯ ಅತಿ ಸೂಕ್ಷ್ಮ ರೇಖೆಗಳು ಪ್ರವಾಹದ ರೂಪದಲ್ಲಿ ಸೂರ್ಯ, ಚಂದ್ರ ದೀಪ ಮುಂತಾದ ಪ್ರಕಾಶಮಾನವಾದ ಪದಾರ್ಥಗಳಿಂದ ತೆಗೆದುಕೊಂಡು ಹರಡುತ್ತಿರುವಂತೆ ಕಾಣುವುದು || te: తెల్ల పూలు పూచే ఒక మొక్క",form_similar,,,,
B002399,ಕಿರಣಾ,కిరాణా,kiraṇā,kirāṇā,,"kn: ಪಂಚಗಂಗೆಯಲ್ಲಿ ಐದು ನದಿಗಳ ಸಮೂಹದಲ್ಲಿ ಒಂದು || te: ఉప్పు, పప్పు, పిండి మొదలైన వస్తువులు",form_similar,,,,
B002400,ಕಿರೀಟ,కిరీటి,kirīṭa,kirīṭi,,"kn: ದೇವತೆಗಳು, ರಾಜರು ಮೊದಲಾದವರ ತಲೆ ಮೇಲೆ ಇರುವಂತಹ ಆಭರಣ || te: కుంతికి మధ్య పుత్రుడు",form_similar,,,,
B002401,ಕುಂಡ,కుండ.,kuṁḍa,kuṁḍa.,,"kn: ಹೂ, ಗಿಡಗಳನ್ನು ಹಚ್ಚುವ ಮಣ್ಣಿನ ಪಾತ್ರೆ || te: మట్టితో చేసి నీటి పాత్ర",form_similar,,,,
B002402,ಕುಕ್ಕರ್,కుక్క,kukkar,kukka,,kn: ಅಡುಗೆ ಮಾಡಲು ಬಳಸುವ ಪಾತ್ರಯಲ್ಲಿ ಹಬ್ಬೆ ಉತ್ಪತ್ತಿಯಾಗಿ ಅನ್ನ ಬೇಗ ಬೇಯುತ್ತದೆ. || te: మొరిగే జంతువు,form_similar,,,,
B002403,ಕುಗುರು,కుదురు,kuguru,kuduru,,kn: ಪ್ರಾಣಿಗಳ ಆ ಸ್ಥಿತಿ ಅದರಿಂದ ಎಚ್ಚರ ಹೊಂದುವುದರ ಹಿಂದೆ ಕೆಲವು ಸಮಯಗಳವರೆಗೆ ಯಾವುದೇ ಕೆಲಸವಿಲ್ಲದೆ ವಿಶ್ರಾಂತಿ ಹೊಂದುವಂತಹದ್ದು ಮತ್ತು ಅವರಿಗೆ ಶಾರೀರಿಕವಾಗಿ ಹಾಗೂ ಮಾನಸಿಕವಾಗಿ ವಿಶ್ರಾಂತಿ ಲಭಿಸುತ್ತದೆ || te: స్థిరచింతనతో.,form_similar,,,,
B002404,ಕುಟೀರ,కుట్ర,kuṭīra,kuṭra,,kn: ಋಷಿಗಳು ಮತ್ತು ಮನುಷ್ಯರ ವಾಸಿಸುವ ಸ್ಥಾನ/ಸ್ಥಳ || te: స్వార్థం కోసం ఇతరులను మోసం చేయడం.,form_similar,,,,
B002405,ಕುಟುಕು,కిటుకు,kuṭuku,kiṭuku,,"kn: ಚೇಳು, ಜೇನು ಮೊದಲಾದವುಗಳು ವಿಷಭರಿತವಾದ ಮುಳ್ಳಿನಿಂದ ಜೀವಿಗಳ ಶರೀರದ ಮೇಲೆ ಕಚ್ಚಿ ವಿಷವನ್ನು ಹರಡುವುದು || te: ఎవ్వరికీ తెలియకుండా ఉంచుట.",form_similar,,,,
B002406,ಕುಟುಕು,కునుకు,kuṭuku,kunuku,,"kn: ಚೇಳು, ಜೇನು ಮೊದಲಾದವುಗಳು ವಿಷಭರಿತವಾದ ಮುಳ್ಳಿನಿಂದ ಜೀವಿಗಳ ಶರೀರದ ಮೇಲೆ ಕಚ್ಚಿ ವಿಷವನ್ನು ಹರಡುವುದು || te: కళ్ళు మూసుకుని నిద్రలోకి జారుకునే క్రియ",form_similar,,,,
B002407,ಕುಣಿತ,కణిత,kuṇita,kaṇita,,kn: ನರ್ತಿಸುವ ಕ್ರಿಯೆ || te: అనేక కొమ్ములు కలిగిన జింక జాతికి చెందినది,form_similar,,,,
B002408,ಕುದುರ,కుదురు,kudura,kuduru,,kn: ನಾಲ್ಕು ದಿಕ್ಕುಗಳಲ್ಲಿಯೂ ನೀರಿನಿಂದ ಆವೃತ್ತವದಂತಹ ಸ್ಥಳ ಅಥವಾ ಭೂಮಿ ದ್ವೀಪಕ್ಕಿಂತ ಚಿಕ್ಕದಾಗಿರುವುದು || te: స్థిరచింతనతో.,form_similar,,,,
B002409,ಕುದುರ,కుదువ,kudura,kuduva,,kn: ನಾಲ್ಕು ದಿಕ್ಕುಗಳಲ್ಲಿಯೂ ನೀರಿನಿಂದ ಆವೃತ್ತವದಂತಹ ಸ್ಥಳ ಅಥವಾ ಭೂಮಿ ದ್ವೀಪಕ್ಕಿಂತ ಚಿಕ್ಕದಾಗಿರುವುದು || te: అప్పు తీసుకొని దానికి బదులుగా ఎదేని వస్తువును ఋణదాత దగ్గర పెట్టు క్రియ.,form_similar,,,,
B002410,ಕುದುರು,కుదుపు,kuduru,kudupu,,"kn: ವ್ಯಾಪಾರ, ವ್ಯವಹಾರ ಮುಂತಾದವುಗಳು ನಿಶ್ಚಯಿಸು ಅಥವಾ ಅದರ ಬಗೆಗೆ ಮಾತು ಗಟ್ಟಿ ಮಾಡಿಕೊಳ್ಳುವ ಪ್ರಕ್ರಿಯೆ || te: ముందుకి వెనక్కి లాగుట",form_similar,,,,
B002411,ಕುದುರೆ,కుదురు,kudure,kuduru,,kn: ಸಿಂಗರಿಸಿರುವ ಒಂದು ನಾಲ್ಕು ಕಾಲಿನ ಪ್ರಾಣಿ/ಕುದುರೆ ಅಥವಾ ಗಾಡಿ ಎಳೆಯಲು ಅಥವಾ ಸವಾರಿ ಮಾಡುವ ಕೆಲಸಕ್ಕೆ ಬರುತ್ತದೆ || te: స్థిరచింతనతో.,form_similar,,,,
B002412,ಕುಮಟಿ,కోమటి,kumaṭi,kōmaṭi,,"kn: ಮಣ್ಣಿನ ಒಂದು ಪ್ರಕಾರದ ಅಗ್ಗಿಷ್ಟಿಕೆ ಅದರ ಮೇಲೆ ಹಾಲು, ಬೇಲೆ ಮೊದಲಾದವುಗಳನ್ನು ಕಾಯಿಸಲಾಗುತ್ತದೆ/ಕೆಂಡವನ್ನು ಇಟ್ಟು ಕಾಯಿಸುವ ಸಾಧನ || te: భారతీయ వర్ణాలలో మూడవ వర్ణం. వీరు వ్యాపారం చేస్తారు.",form_similar,,,,
B002413,ಕುಮಾರ,కుమారి,kumāra,kumāri,,kn: ಗಂಡುಸಂತಾನ || te: పెళ్ళి కాని స్త్రీ.,form_similar,,,,
B002414,ಕುಮಾರಿ,కామారి,kumāri,kāmāri,,kn: ಇನ್ನೂ ವಿವಾಹವಾಗಬೇಕಿರುವ ಮಹಿಳೆ ಅಥವಾ ಲಗ್ನವಾಗದ ಮಹಿಳೆ || te: త్రిమూర్తులలో మూడు కన్నులుగలవాడు,form_similar,,,,
B002415,ಕುರುಡು,కురుపు,kuruḍu,kurupu,,kn: ಯಾರಿಗೆ ಕಣ್ಣು ಕಾಣಿಸುವುದಿಲ್ಲವೋ || te: గట్టి వస్తువుతో కొట్టడంవలన అయ్యేది,form_similar,,,,
B002416,ಕುರುಡು,కురులు,kuruḍu,kurulu,,kn: ಯಾರಿಗೆ ಕಣ್ಣು ಕಾಣಿಸುವುದಿಲ್ಲವೋ || te: తలపై సహజంగా పెరిగేవి,form_similar,,,,
B002417,ಕುರುಡು,కుశుడు,kuruḍu,kuśuḍu,,kn: ಯಾರಿಗೆ ಕಣ್ಣು ಕಾಣಿಸುವುದಿಲ್ಲವೋ || te: రాముని యొక్క పెద్ద కొడుకు,form_similar,,,,
B002418,ಕುರುಳು,కురుపు,kuruḷu,kurupu,,kn: ಕೂದಲಿನ ಕುಚ್ಚು || te: గట్టి వస్తువుతో కొట్టడంవలన అయ్యేది,form_similar,,,,
B002419,ಕುರುಹು,కురుపు,kuruhu,kurupu,,kn: ಯಾವುದಾದರೂ ಸಮಿತಿಯ ಎಲ್ಲಾ ವಿಚಾರಗಳನ್ನು ಪ್ರತಿನಿಧಿಸುವಂತಹ ಚಿನ್ಹೆ || te: గట్టి వస్తువుతో కొట్టడంవలన అయ్యేది,form_similar,,,,
B002420,ಕುರುಹು,కురులు,kuruhu,kurulu,,kn: ಯಾವುದಾದರೂ ಸಮಿತಿಯ ಎಲ್ಲಾ ವಿಚಾರಗಳನ್ನು ಪ್ರತಿನಿಧಿಸುವಂತಹ ಚಿನ್ಹೆ || te: తలపై సహజంగా పెరిగేవి,form_similar,,,,
B002421,ಕುರ್ತಾ,కురతా,kurtā,kuratā,,kn: ಸೊಂಟದವರೆಗೆ ಮುಚ್ಚಿಕೊಳ್ಳುವಂತಹ ಸ್ತ್ರೀಯರು ಹಾಕಿಕೊಳ್ಳುವಂತಹ ಬಟ್ಟೆ || te: ప్రత్యేకమైన సమయంలో ధరించు వస్త్రాలు లేదా సాంప్రదాయ దుస్తులు,form_similar,,,,
B002422,ಕುರ್ತಾ,కుర్తా.,kurtā,kurtā.,,kn: ಸೊಂಟದವರೆಗೆ ಮುಚ್ಚಿಕೊಳ್ಳುವಂತಹ ಸ್ತ್ರೀಯರು ಹಾಕಿಕೊಳ್ಳುವಂತಹ ಬಟ್ಟೆ || te: పైజామా,form_similar,,,,
B002423,ಕುಲದ,కులట,kulada,kulaṭa,,kn: ಜನ-ಜಾತಿಗೆ ಸಂಬಂಧಿಸಿದ ಅಥವಾ ಜನ-ಜಾತಿಯ || te: చెడుపనులు చేసే వ్యక్తి.,form_similar,,,,
B002424,ಕುಲಾಯಿ,కుళాయి,kulāyi,kuḷāyi,,kn: ತಲೆಯ ಮೇಲೆ ಹಾಕಿಕೊಳ್ಳುವಂತಹ ಒಂದು ಅರಿವೆ || te: భూమిలోకి గొట్టాలు నియమించి పైభాగములో చేయి ఆడించడము వలన నీరు వస్తుంది.,form_similar,,,,
B002425,ಕುಲುಕು,కునుకు,kuluku,kunuku,,kn: ಬಲವಾಗಿ ಅಲಗಾಡಿಸು || te: కళ్ళు మూసుకుని నిద్రలోకి జారుకునే క్రియ,form_similar,,,,
B002426,ಕುಲ್ಫಿ,కుల్ఫీ,kulphi,kulphī,,"kn: ಹಾಲು, ಸಕ್ಕರೆ, ಕೆನೆ ಮೊದಲಾದವುಗಳ ಮಿಶ್ರಣವನ್ನು ಲೋಹ ಅಥವಾ ಪ್ಲಾಸ್ಟಿಕ್ ಡಬ್ಬಗಳಲ್ಲಿ ಹಾಕಿ ಶೀತಲಯಂತ್ರದಲ್ಲಿಟ್ಟು ಮಾಡುವ ಒಂದು ಬಗೆಯ ತಿಂಡಿ || te: ఒక డబ్బాలో పాలు, ఐస్‍ని కలిపి తయారు చేసేటటువంటి పదార్ధం",form_similar,,,,
B002427,ಕೂಡಲೇ,కూడలి,kūḍalē,kūḍali,,kn: ಆತುರತೆಯ ಸ್ಥಿತಿ || te: ఇరువురు వ్యక్తులు కలిసి ఒక్కటయ్యే స్థితి,form_similar,,,,
B002428,ಕೂಡಿಕೆ,కూడిక,kūḍike,kūḍika,,"kn: ರಾಜ್ಯ, ದಳ ಮೊದಲಾದವುಗಳಲ್ಲಿ ಆಗುವ ನಿಶ್ಚಯದ ಪ್ರಕಾರ ನಾವು ಪರಸ್ಪರ ಯುದ್ಧಮಾಡುವುದಿಲ್ಲ ಮತ್ತು ಮಿತ್ರತ್ವದ ಪೂರಕವಾಗಿ ಇರುತ್ತೇವೆ ಅಥವಾ ಇಂಥ ಕ್ಷೇತ್ರದಲ್ಲಿ ಇಂಥ ಪ್ರಕಾರದಲ್ಲಿ ವ್ಯವಹಾರವನ್ನು ಮಾಡುತ್ತೇವೆ || te: ఇరువురు వ్యక్తులు కలిసి ఒక్కటయ్యే స్థితి",form_similar,,,,
B002429,ಕೂಡಿದ,కూడిక,kūḍida,kūḍika,,kn: ವಾದ್ಯವನ್ನು ಬಾರಿಸಿಕೊಂಡು ಹಾಡು ಹೇಳುವ ಕೆಲಸದಲ್ಲಿ ಅಥವಾ ಹಾಡಿನಲ್ಲಿ ಸಹಾಯ ಮಾಡುವ ಕ್ರಿಯೆ || te: ఇరువురు వ్యక్తులు కలిసి ఒక్కటయ్యే స్థితి,form_similar,,,,
B002430,ಕೂತಿರು,కూతురు,kūtiru,kūturu,,kn: ಒಂದು ಸ್ಥಾನದಲ್ಲಿ ಸ್ಥಿರವಾಗಿ ಇರುವುದು || te: తమ్ముడి కూతురు,form_similar,,,,
B002431,ಕೂದಲು,కూరలు,kūdalu,kūralu,,kn: ಕೂದಲಿನ ಸಮೂಹ || te: ఆహారములో తీసుకునే అన్నిరకాల ఆకులు మరియు కాయలు. ఇవి ఒండుకొని తింటారు.,form_similar,,,,
B002432,ಕೃತಿಕಾ_ನಕ್ಷತ್ರ,కృత్తిక_నక్షత్రం,kr̥tikā_nakṣatra,kr̥ttika_nakṣatraṁ,,kn: ಎಪ್ಪತ್ತೇಳು ನಕ್ಷತ್ರಗಳಲ್ಲಿ ಮೂರನೇ ನಕ್ಷತ್ರ || te: చంద్రుడు కృత్తికలో ప్రవేశించే నక్షత్రం,form_similar,,,,
B002433,ಕೃಷಿ,కృషి.,kr̥ṣi,kr̥ṣi.,,kn: ಹೊಲವನ್ನು ಉಳುಮೆ ಮಾಡಿ ಬೆಳೆ ಬೆಳೆಯುವುದು ಅಥವಾ ಜೀವನ ನಿರ್ವಹಣೆಗೆ ಹೊಲದ ಹುಳುಮೆಯನ್ನೇ ಆಶ್ರಯಿಸಿರುವುದು || te: నిరంతర,form_similar,,,,
B002434,ಕೃಷ್ಣ-ಪಕ್ಷ,కృష్ణపక్షి,kr̥ṣṇa-pakṣa,kr̥ṣṇapakṣi,,kn: ಚಾಂದ್ರ ಮಾಸದಲ್ಲಿ ಅಮಾವಾಸೆಯವರೆಗೆ ಹದಿನೈದು ದಿನದ ಪಕ್ಷ || te: ఒక చిన్న నల్ల పక్షి,form_similar,,,,
B002435,ಕೃಷ್ಣ_ಪಕ್ಷ,కృష్ణపక్షి,kr̥ṣṇa_pakṣa,kr̥ṣṇapakṣi,,kn: ಚಾಂದ್ರ ಮಾಸದಲ್ಲಿ ಅಮಾವಾಸೆಯವರೆಗೆ ಹದಿನೈದು ದಿನದ ಪಕ್ಷ || te: ఒక చిన్న నల్ల పక్షి,form_similar,,,,
B002436,ಕೆಟಲು,కెటిలు,keṭalu,keṭilu,,kn: ಹಿಡಿ ಮತ್ತು ಗಿಂಡಿ ಇರುವ ಲೋಹದ ಪಾತ್ರೆ || te: ఒక రకమైన మూత కలిగినటువంటి పాత్ర లేదా హోటల్లలో టీని మరగబెట్టడానికి ఉపయోగించే లోహంతో చేసిన పాత్ర,form_similar,,,,
B002437,ಕೆಡವು,కెళవు,keḍavu,keḷavu,,kn: ಹೊಡೆಯುತ್ತಾ-ಹೊಡೆಯುತ್ತಾ ಅಥವಾ ಬೇರೆ ಇನ್ನಾವುದೇ ರೀತಿಯಲ್ಲಿ ನೆಲದ ಮೇಲೆ ಬೀಳಿಸುವ ಕ್ರಿಯೆ || te: దగ్గరకానిది,form_similar,,,,
B002438,ಕೆರತ,కొరత,kerata,korata,,kn: ಒಂದು ರೋಗದಿಂದ ಶರೀರದಲ್ಲಿ ತುಂಬಾ ನವೆಯುಂಟಾಗುತ್ತದೆ || te: తక్కువగా ఉండే భావన.,form_similar,,,,
B002439,ಕೆರವು,కెళవు,keravu,keḷavu,,kn: ಸುರಕ್ಷತೆಯ ದೃಷ್ಟಿಯಿಂದ ಪಾದಗಳಿಗೆ ಹಾಕಿಕೊಳ್ಳುವಂತಹ ಚರ್ಮ ಮತ್ತು ಮೊದಲಾದವುಗಳಿಂದ ಮಾಡಿರುವಂತಹ ವಸ್ತು ಅದು ಪೂರ್ತಿಯಾಗಿ ಬೆರಳುಗಳನ್ನು ಸಹ ರಕ್ಷಿಸುತ್ತದೆ || te: దగ్గరకానిది,form_similar,,,,
B002440,ಕೆಲವು,కెళవు,kelavu,keḷavu,,kn: ಒಂದೋ ಎರಡೋ ಮಾತ್ರ ಖಾಲಿ ಇರುವ || te: దగ్గరకానిది,form_similar,,,,
B002441,ಕೆಸರು,కసరు,kesaru,kasaru,,"kn: ನೀರಿನಲ್ಲಿ ಸೇರಿರುವ ಧೂಳು, ಮಣ್ಣು ಮೊದಲಾದವುಗಳು || te: ఎక్కువ ఆగ్రహము కలుగు భావన.",form_similar,,,,
B002442,ಕೆಸರು,కెసరీ,kesaru,kesarī,,"kn: ನೀರಿನಲ್ಲಿ ಸೇರಿರುವ ಧೂಳು, ಮಣ್ಣು ಮೊದಲಾದವುಗಳು || te: అంజనా యొక్క భర్త హనుమంతుని యొక్క తండ్రి",form_similar,,,,
B002443,ಕೆಸರು,కొసరు,kesaru,kosaru,,"kn: ನೀರಿನಲ್ಲಿ ಸೇರಿರುವ ಧೂಳು, ಮಣ್ಣು ಮೊದಲಾದವುಗಳು || te: ఏదైన కొన్న తర్వాత ఇంకొంత అడగడం",form_similar,,,,
B002444,ಕೆಸುವು,కసువు,kesuvu,kasuvu,,kn: ಒಂದು ಪ್ರಕಾರದ ಗೆಡ್ಡೆ ಅದನ್ನು ತರಕಾರಿಯ ತರಹ ಉಪಯೋಗಿಸುತ್ತಾರೆ || te: పశువులకు మేతగా వేసేది,form_similar,,,,
B002445,ಕೇವಲ,కవల,kēvala,kavala,,kn: ಬೇರೇನೂ ಅಲ್ಲದ ಯಾವುದೋ ಒಂದು ವಿಷಯ ಅಥವಾ ಒಂದು ಸಂಗತಿಗೆ ಸಂಬಂಧಿಸಿರುವ || te: ఒకదానికి ఇంకొకటి,form_similar,,,,
B002446,ಕೊಂಚೆ,కొంచెం,koṁce,koṁceṁ,,kn: ನಾಲ್ಕು ದಿಕ್ಕುಗಳಲ್ಲಿಯೂ ನೀರಿನಿಂದ ಆವೃತ್ತವದಂತಹ ಸ್ಥಳ ಅಥವಾ ಭೂಮಿ ದ್ವೀಪಕ್ಕಿಂತ ಚಿಕ್ಕದಾಗಿರುವುದು || te: తక్కువ భాగం.,form_similar,,,,
B002447,ಕೊಟ್ಟ,కొట్టం,koṭṭa,koṭṭaṁ,,kn: ರಕ್ತ ಮತ್ತು ಚರ್ಮಕ್ಕೆ ಸಂಬಂಧಿಸಿದ ಒಂದು ಪ್ರಸಿದ್ಧವಾದ ರೋಗ || te: బోదతో కప్పిన ఇల్లు,form_similar,,,,
B002448,ಕೊಡಲಿ,కడలి,koḍali,kaḍali,,kn: ಮರ ಮೊದಲಾದವುಗಳನ್ನು ಕಡಿಯುವ ಸಾಧನ || te: ఉప్పు నీటితో విశాలమైన భూభాగాన్ని ఆక్రమించినవి.,form_similar,,,,
B002449,ಕೊಡಲಿ,కూడలి,koḍali,kūḍali,,kn: ಮರ ಮೊದಲಾದವುಗಳನ್ನು ಕಡಿಯುವ ಸಾಧನ || te: ఇరువురు వ్యక్తులు కలిసి ఒక్కటయ్యే స్థితి,form_similar,,,,
B002450,ಕೊರಗು,కొరకు,koragu,koraku,,kn: ಮನಸ್ಸಿನಲ್ಲಿಯೇ ಕೊರಗುವಿಕೆ ಅಥವಾ ವ್ಯಥೆಪಡುವಿಕೆ || te: పంటితో చిన్నచిన్న ముక్కలు చేయుట.,form_similar,,,,
B002451,ಕೊರಗು,కొరడు,koragu,koraḍu,,kn: ಮನಸ್ಸಿನಲ್ಲಿಯೇ ಕೊರಗುವಿಕೆ ಅಥವಾ ವ್ಯಥೆಪಡುವಿಕೆ || te: వర్షకాలంలో ఏడురంగులతో ఆకాశంలో కనిపించేది,form_similar,,,,
B002452,ಕೊರಳ_ಪಟ್ಟಿ,కొలత_పట్టి,koraḷa_paṭṭi,kolata_paṭṭi,,kn: ಒಂದು ಉದ್ದವಾದ ವಸ್ತವನ್ನು ಕಾಲರ್ ನ ಕೆಳಭಾಗದಿಂದ ಮತ್ತು ಮುಂದೆ ಗಂಟು ಹಾಕಿ ಧರಿಸಿಕೊಳ್ಳುವರು || te: దూరాలను కొలిచే పరికరము,form_similar,,,,
B002453,ಕೊರಳು,కొరకు,koraḷu,koraku,,kn: ಶರೀರದ ಆ ಭಾಗ ಅದು ತಲೆಯ ಮುಂಡಕ್ಕೆ ಸೇರಿಕೊಂಡಿರುತ್ತದೆ || te: పంటితో చిన్నచిన్న ముక్కలు చేయుట.,form_similar,,,,
B002454,ಕೊರಳು,కొరడు,koraḷu,koraḍu,,kn: ಶರೀರದ ಆ ಭಾಗ ಅದು ತಲೆಯ ಮುಂಡಕ್ಕೆ ಸೇರಿಕೊಂಡಿರುತ್ತದೆ || te: వర్షకాలంలో ఏడురంగులతో ఆకాశంలో కనిపించేది,form_similar,,,,
B002455,ಕೊಳಕು,కొరకు,koḷaku,koraku,,kn: ಸ್ವಚ್ಚವಾಗಿ ಇಲ್ಲದಿರುವ ಯಾವುದೇ ವಸ್ತು ಅಥವಾ ಸಂಗತಿ || te: పంటితో చిన్నచిన్న ముక్కలు చేయుట.,form_similar,,,,
B002456,ಕೊಳಾಯಿ,కుళాయి,koḷāyi,kuḷāyi,,"kn: ಪಟ್ಟಣಗಳಲ್ಲಿ ಮನೆ-ಮನೆಗೆ ಸ್ನಾನಮಾಡಲು-ಬಟ್ಟೆ ಒಗೆಯಲು, ಕುಡಿಯಲು ಮೊದಲಾದವುಗಳಿಗೆ ಲೋಹದ ನಲ್ಲಿಗಳಲ್ಲಿ ನೀರು ಬರುತ್ತದೆ || te: భూమిలోకి గొట్టాలు నియమించి పైభాగములో చేయి ఆడించడము వలన నీరు వస్తుంది.",form_similar,,,,
B002457,ಕೊಸರು,కసరు,kosaru,kasaru,,kn: ಖರೀದಿ ಮಾಡುವಾಗ ತೂಕಗಿಂತ ಸ್ವಲ್ಪ ಅಧಿಕ ಮತ್ತು ಬೇರೆಯ ರೀತಿಯಲ್ಲಿ ನೀಡುವ ವಸ್ತು || te: ఎక్కువ ఆగ్రహము కలుగు భావన.,form_similar,,,,
B002458,ಕೋಪಿನ,కోరిన,kōpina,kōrina,,kn: ಸಂಸ್ಯಾಸಿ ಮುಂತಾದವರು ಧರಿಸುವ ಲಂಗೋಟಿ || te: ఆశ కలుగుట.,form_similar,,,,
B002459,ಕೋರಿಕೆ,కోరిక,kōrike,kōrika,,kn: ಯಾವುದೋ  ಮಾತಿಗೆ ವಿನಯ ಪೂರ್ವಕವಾಗಿ ಮಾಡುವಂತಹ ಹಠ || te: ఉన్నత స్థానానికి వెళ్ళాలనే కోరిక కలిగి ఉండడం,form_similar,,,,
B002460,ಕೋರಿಕೊ,కోరిక,kōriko,kōrika,,"kn: ಯಾವುದಾದರು ಮಾತು, ಕೆಲಸ ಮೊದಲಾದವುಗಳನ್ನು ಪೂರ್ತಿ ಮಾಡಿಕೊಳ್ಳುವಂತೆ ಹೇಳುವ ಅಥವಾ ಒತ್ತಾಯಿಸುವ ಪ್ರಕ್ರಿಯೆ || te: ఉన్నత స్థానానికి వెళ్ళాలనే కోరిక కలిగి ఉండడం",form_similar,,,,
B002461,ಕ್ಯಾರಟ್,క్యారెట్,kyāraṭ,kyāreṭ,,"kn: ಚಿನ್ನದ ಶುದ್ದತೆಯನ್ನು ಪರೀಕ್ಷಿಸುವ ಸೂಚ್ಯಾಂಕ ಅಥವಾ ಒಂದು ಬಗೆಯ ಮಾನದಂಡ || te: ఇది ఒక దుంప, ఇది నారింజ రంగులో పొడవుగా తియ్యగా ఉంటుంది ఇది ""ఎ"" విటమిన్‍ని అందిస్తుంది",form_similar,,,,
B002462,ಕ್ರಾಂತಿ,కాంతి,krāṁti,kāṁti,,kn: ಸರಕಾರದ ಅಥವಾ ರಾಜಸತ್ತೆಯ ಅಮೂಲಾಗ್ರ ಬದಲಾವಣೆಗಾಗಿ ಜರುಗುವ ಜನರ ವ್ಯಾಪಕ ಪ್ರತಿರೋಧದ ಮೊತ್ತ || te: రత్నాల నుండి వెలువడు వెలుగు.,form_similar,,,,
B002463,ಕ್ರಿಮಿ,కూరిమి,krimi,kūrimi,,"kn: ಒಂದು ಚಿಕ್ಕ, ವಿನಾಶಕಾರಿ, ನಯವಾದ ಒಂದು ಕ್ರಿಮಿ, ಸಾಧಾರವಾಗಿ ಅತಿಕ್ರಮಣದ ಕಾರಣ ಹೊಟ್ಟೆಯಲ್ಲಿರುತ್ತವೆ || te: చిన్న, పెద్ద తేడా లేకుండా ప్రతి హృదయంలోనూ ఇతరులపై కలిగే భావన",form_similar,,,,
B002464,ಕ್ರಿಮಿ,క్రిమి.,krimi,krimi.,,"kn: ಒಂದು ಚಿಕ್ಕ, ವಿನಾಶಕಾರಿ, ನಯವಾದ ಒಂದು ಕ್ರಿಮಿ, ಸಾಧಾರವಾಗಿ ಅತಿಕ್ರಮಣದ ಕಾರಣ ಹೊಟ್ಟೆಯಲ್ಲಿರುತ್ತವೆ || te: ఎగిరే లేదా భూమి పైన పాకే జీవులు",form_similar,,,,
B002465,ಕ್ರಿಯಾ,కొరియా,kriyā,koriyā,,kn: ಕ್ರಿಯೆಯನ್ನು ಸೂಚಿಸುವ ಪದ || te: షియోల్ రాజదాని గల దేశం,form_similar,,,,
B002466,ಕ್ರೋದ,క్రోదం,krōda,krōdaṁ,,kn: ಭೀತಿ ಹುಟ್ಟಿಸುವ ಅಂತಃಕರಣ/ಮನಸ್ಸು ಕಷ್ಟಕರವಾಗುತ್ತದೆ ಅಥವಾ ಹಾನಿಕಾರಕವಾಗುತ್ತದೆ ಅಥವಾ ಅನುಚಿತವಾದ/ತಪ್ಪಾದ ಕೆಲಸ ಮಾಡುವವರ ವಿರುದ್ಧವಾಗಿರುತ್ತದೆ || te: ఎక్కువ ఆగ్రహము కలుగు భావన.,form_similar,,,,
B002467,ಕ್ಷೋಭೆ,క్షోభ,kṣōbhe,kṣōbha,,kn: ವ್ಯಕ್ತಿ ಅಥವಾ ವ್ಯಕ್ತಿಗಳ ಗುಂಪು ಮಾನಸಿಕ ಆವೇಗಕ್ಕೆ ಒಳಗಾದಾಗ ಆಗುವ ದುಷ್ಪರಿಣಾಮ || te: తీవ్రమైన మానసిక బాధ.,form_similar,,,,
B002468,ಖಂಡೆ,కండె,khaṁḍe,kaṁḍe,,kn: ಒಂದು ಪ್ರಕಾರದ ಖಡ್ಗ || te: మొక్క జొన్న పొంతు,form_similar,,,,
B002469,ಖನ್ನಾ,కన్నా,khannā,kannā,,kn: ಭಾರತದ ಪಂಜಾಬ್ ರಾಜ್ಯವಾದ ಲುಧಿಯಾನ ಜಿಲ್ಲೆಯ ಒಂದು ನಗರ || te: ఒకరితో పోల్చిచెప్పేటప్పుడు వాడే పదాలు,form_similar,,,,
B002470,ಖೇದ,ఖేదం,khēda,khēdaṁ,,kn: ಬೇಸರ ಪಡುವ ಅಥವಾ ಯಾವುದೇ ಕೆಲಸದಲ್ಲಿ ಮನಸ್ಸು ಮಾಡದೆ ಇರುವ ಅವಸ್ಥೆ ಅಥವಾ ಭಾವನೆ || te: బాధతోకూడినటువంటి భావన,form_similar,,,,
B002471,ಖೈದಿ,ఖైదీ,khaidi,khaidī,,kn: ರಾಜ ಮುಂತಾದವರ ಯಶಸ್ಸು ಮತ್ತು ಕೀರ್ತಿಯನ್ನು ವರ್ಣನೆ ಮಾಡುವ ವ್ಯಕ್ತಿ || te: జైలు శిక్ష అనుభవించేవాడు,form_similar,,,,
B002472,ಖೈದಿ,ఖైదు,khaidi,khaidu,,kn: ರಾಜ ಮುಂತಾದವರ ಯಶಸ್ಸು ಮತ್ತು ಕೀರ್ತಿಯನ್ನು ವರ್ಣನೆ ಮಾಡುವ ವ್ಯಕ್ತಿ || te: జైలు శిక్ష అనుభవించేవాడు,form_similar,,,,
B002473,ಖೋಟ,ఖోటం,khōṭa,khōṭaṁ,,kn: ಯಾವ ಗುಣ ಕೆಟ್ಟದಾಗಿದೆಯೋ || te: పగటిపూట చూడలేని పక్షి,form_similar,,,,
B002474,ಖ್ಯಾತ,ఖ్యాతి,khyāta,khyāti,,kn: ಬಹು ಜನರ ನೆನಪಿನಲ್ಲಿ ಉಳಿಯುವ ಇಲ್ಲವೇ ಉಳಿದಂತಹ ಪ್ರಕ್ರಿಯೆಗೆ ಸಂಬಂಧಿಸದಂತಹ || te: పేరు ప్రతిష్టలు పెరగడం.,form_similar,,,,
B002475,ಗಂಟ್ಟು,గంటు,gaṁṭṭu,gaṁṭu,,"kn: ಈ ರೋಗದಲ್ಲಿ ಶರೀರದ ಒಳಗೆ ಒಂದು ಚಿಕ್ಕ ಗಂಟ್ಟು ಗ್ರಂಥಿಗಳು ಉಂಟಾಗಿರುತ್ತದೆ || te: కొన్ని రకాల చెట్లకు ఆకులు, కొమ్మలు, వేర్లు మొదలైనవి వచ్చే భాగం",form_similar,,,,
B002476,ಗಂಧ,గంధి,gaṁdha,gaṁdhi,,kn: ಒಂದು ಮರದ ಪ್ರತಿಯೊಂದು ಕೊಂಬೆಯು ಸುಗಂಧದಿಂದ ಕೂಡಿರುವುದು || te: రాముడి భార్య,form_similar,,,,
B002477,ಗಗನಭೇದಿ,గగనభేరి.,gaganabhēdi,gaganabhēri.,,kn: ಗಗನವನ್ನು ಸೀಳಿಕೊಂಡು ಹೋಗುವಷ್ಟು ಗಟ್ಟಿಯಾದ ಮತ್ತು ತೀಕ್ಷ್ಣವಾದ || te: ఒక రకమైన పెద్ద పక్షి,form_similar,,,,
B002478,ಗಟ್ಟಿ,గట్టి.,gaṭṭi,gaṭṭi.,,kn: ನೀರಿನ ಅಂಶ ಕಡಿಮೆಯಿರುವ || te: పటుత్వంగా ఉండటం,form_similar,,,,
B002479,ಗಡಿಯಾ,గడియ,gaḍiyā,gaḍiya,,kn: ಸೀಮೆ ಅಥವಾ ಗಡಿಗೆ ಸಂಬಂಧಿಸಿದ || te: ఏదైనా ఒక పని చేయుటకు ఇచ్చు సమయం.,form_similar,,,,
B002480,ಗಡ್ಡ,గడ్డ.,gaḍḍa,gaḍḍa.,,kn: ಗಲ್ಲದ ಮೇಲೆ ಬೆಳೆಯುವ ಕೂದಲು || te: శరీరములోపల ఏర్పడు ఏదైనా పుండు,form_similar,,,,
B002481,ಗಣಪ,గడప,gaṇapa,gaḍapa,,"kn: ಹಿಂದೂಗಳ ಪ್ರಧಾನ ಮತ್ತು ಅಗ್ರಪೂಜೆಯನ್ನು ಮಾಡುವ ದೇವರು, ಮನುಷ್ಯ ಶರೀರವನ್ನು ಹೊಂದಿದ್ದು ಆನೆಯ ಮುಖವನ್ನು ಹೊಂದಿರುವ ದೆವರು || te: ఇంటి లోపలికి, బయటికి వెళ్ళే దారి",form_similar,,,,
B002482,ಗದುವು,గడువు,gaduvu,gaḍuvu,,kn: ಪೆಟ್ಟಿನಿಂದುಂಟಾದ ತಲೆ ಅಥವಾ ಮೈಮೇಲಿನ ಊತ || te: ఇంకొంత సమయాన్ని ఇచ్చుట,form_similar,,,,
B002483,ಗದ್ದ,గద్ద.,gadda,gadda.,,kn: ತುಟಿಯ ಕೆಳಭಾಗ ದುಂಡಗಿದ್ದು ಮತ್ತು ದಪ್ಪವಿರುವ ಭಾಗ || te: కోడిపిల్లలను తన్నుకు పోయేపక్షి,form_similar,,,,
B002484,ಗದ್ದ,గ్రద్ద,gadda,gradda,,kn: ತುಟಿಯ ಕೆಳಭಾಗ ದುಂಡಗಿದ್ದು ಮತ್ತು ದಪ್ಪವಿರುವ ಭಾಗ || te: ఆకాశంలో ఎగిరే పెద్ద పక్షి/ అది మాంసాహారాన్ని ఇష్టపడుతుంది,form_similar,,,,
B002485,ಗವಾಯಿ,గవాసి,gavāyi,gavāsi,,"kn: ಹಾಡುವವನು || te: గాలి, వెలుతురు రావడానికి  ఇంటిలో గోడకు అమర్చిన పెద్ద రంధ్రము",form_similar,,,,
B002486,ಗಾಬರಿ,గాబరా,gābari,gābarā,,kn: ವಿಪ್ಪತ್ತು ಅಥವಾ ಅನಿಷ್ಟ ಭಯದಿಂದ ಮನಸ್ಸಿನಲ್ಲಿ ಉತ್ಪತ್ತಿಯಾಗುವ ಮನಸ್ಸಿನ ಬದಲಾವಣೆ ಅಥವಾ ಭಾವ || te: జరగబోవు కీడు తెలిసినప్పుడు మనస్సులో కలిగే భావన.,form_similar,,,,
B002487,ಗಿರಾಕಿ,గిరాకీ,girāki,girākī,,kn: ಯಾವುದೇ ವಸ್ತುವನ್ನು ಉಪಯೋಗಿಸುವವ ಅಥವಾ ಖರೀದಿಸಿ ಬಳಸುವವ || te: ఒకే రకమైన వస్తువులను చాలా మంది కోరుకోవడం.,form_similar,,,,
B002488,ಗಿರಿಜ,గొరిజ,girija,gorija,,"kn: ಶಿವನ ಹೆಂಡತಿ || te: ఆవు, ఎద్దు, మేక, గుర్రం మొదలైన జంతువుల కాళ్ళకు క్రింది భాగంలో ఉండేవి",form_similar,,,,
B002489,ಗಿರಿಜಾ,గిరిజ,girijā,girija,,kn: ದುರ್ಗಿಯ ಒಂಭತ್ತು ರೂಪಗಳಲ್ಲಿ ಒಂದು ಅವಳನ್ನು ಹಿಮಾಲಯನ ಮಗಳು ಎಂದು ನಂಬಲಾಗಿದೆ || te: శివుడి యొక్క భార్య,form_similar,,,,
B002490,ಗಿಲಕಿ,గిలక,gilaki,gilaka,,kn: ಮಕ್ಕಳ ಒಂದು ಆಟಿಕೆಯನ್ನು ಅಲ್ಲಾಡಿಸಿದಾಗ ಗಿಲಿಕೆಯ ಶಬ್ಧ ಮಾಡುವುದು || te: నీళ్ళు చేదడానికి ఉపయోగపడే ఇనుప చక్రం,form_similar,,,,
B002491,ಗಿಲಕೆ,గిలక,gilake,gilaka,,kn: ಮಕ್ಕಳ ಒಂದು ಆಟಿಕೆಯನ್ನು ಅಲ್ಲಾಡಿಸಿದಾಗ ಗಿಲಿಕೆಯ ಶಬ್ಧ ಮಾಡುವುದು || te: నీళ్ళు చేదడానికి ఉపయోగపడే ఇనుప చక్రం,form_similar,,,,
B002492,ಗಿಲಾಸು,గలాసు,gilāsu,galāsu,,"kn: ನೀರು, ಹಾಲು ಮುಂತಾದವುಗಳನ್ನು ಕುಡಿಯಲು ಬಳಸುವ ದುಂಡಾದ ಮೇಲಿನ ಮುಚ್ಚಳವಿರದ ಗಾಜು ಅಥವಾ ಲೋಹ ಅಥವಾ ಮಣ್ಣಿನ ವಸ್ತು || te: నీళ్లు తాగడానికి ఉపయోగించే గుండ్రటి వస్తువు",form_similar,,,,
B002493,ಗುಂಡು,గుండు.,guṁḍu,guṁḍu.,,kn: ಮದ್ದು ಗುಂಡು ಮುಂತಾದವುಗಳನ್ನು ಬಂದೂಕಿನಲ್ಲಿ ತುಂಬಿಕೊಂಡು ಚಾಲನೆ ಮಾಡುವರು || te: వృత్తాకారము గలది,form_similar,,,,
B002494,ಗುಟುರು,గుబురు,guṭuru,guburu,,kn: ಹೊಟ್ಟೆ ತುಂಬಿದೆ ಎಂಬ ಸೂಚನೆಯು ಶಾರೀರಿಕ ಅವಸ್ಥೆಯಿಂದ ತಿಳಿಯುತ್ತದೆ ಅಂದರೆ ಹೊಟ್ಟೆಯಲ್ಲಿನ ಗಾಳಿಯು ಕೆಲವು ಶಬ್ಧವನ್ನು ಮಾಡುತ್ತಾ ಗಂಟಲಿನಿಂದ ಹೊರಬರುತ್ತದೆ || te: చిన్న- చిన్న చెట్ల సమూహం,form_similar,,,,
B002495,ಗುಡಾರ,గుడాక,guḍāra,guḍāka,,"kn: ಬಟ್ಟೆ, ಗೋಣಿತಾಟ್ಟು, ಮುಂತಾದವುಗಳಿಂದ ಮಾಡಿದ ಹೊದಕೆಯನ್ನು ಹಗ್ಗದ ಸಹಾಯದಿಂದ ಗಟ್ಟಿಯಾಗಿ ಬಿಗಿದಿದ್ದಾರೆ || te: కళ్ళకు విశ్రాంతి కలిగించడం",form_similar,,,,
B002496,ಗುಡುಗು,గొడుగు,guḍugu,goḍugu,,kn: ಗುಡುಗಿನ ಶಬ್ದ || te: వర్షము వచ్చునపుడు తడవకుండా ఉండడానికి ఉపయోగించునది,form_similar,,,,
B002497,ಗುಡ್ಡ,గుడ్డ.,guḍḍa,guḍḍa.,,kn: ಪರ್ವತದಂತಿರುವ ಚಿಕ್ಕ ಪುಟ್ಟ ಆಕಾರಗಳು || te: దారాలతో తయారు చేశిన సన్నని వస్తువు,form_similar,,,,
B002498,ಗುನುಗು,గునుపు,gunugu,gunupu,,"kn: ಅಸ್ಪಷ್ಟ ಸ್ವರದಲ್ಲಿ ಅಥವಾ ಅರ್ಥವಾಗದಂತೆ ಮನದಲ್ಲಿಯೇ ಹಾಡುವುದು || te: కొన్ని రకాల చెట్లకు ఆకులు, కొమ్మలు, వేర్లు మొదలైనవి వచ్చే భాగం",form_similar,,,,
B002499,ಗುನುಗು,గొనుగు,gunugu,gonugu,,kn: ಅಸ್ಪಷ್ಟ ಸ್ವರದಲ್ಲಿ ಅಥವಾ ಅರ್ಥವಾಗದಂತೆ ಮನದಲ್ಲಿಯೇ ಹಾಡುವುದು || te: తనలో తాను సస్పష్టంగా మాట్లాడుకోవడం,form_similar,,,,
B002500,ಗುಬುಟು,గుబురు,gubuṭu,guburu,,kn: ಉಬ್ಬಿರುವ ಅವಸ್ಥೆ || te: చిన్న- చిన్న చెట్ల సమూహం,form_similar,,,,
B002501,ಗುರುಡು,గురువు,guruḍu,guruvu,,kn: ಗಡ ಗಡ ಎಂದು ಶಬ್ದ ಮಾಡುವ ಪ್ರಕ್ರಿಯೆ || te: విద్యను నేర్పించు స్త్రీ.,form_similar,,,,
B002502,ಗುರುತು,గురుడు,gurutu,guruḍu,,kn: ಯಾವುದೇ ಗುಣ ಸ್ಥಿತಿ ಮೊದಲಾದವುಗಳನ್ನು ತಿಳಿಸುವ ಒಂದು ಸಂಕೇತ || te: సౌరకుటుంబంలో ఐదవగ్రహం ఇది భూమికి చాలా దూరంగా ఉంటుంది,form_similar,,,,
B002503,ಗುರುತು,గురువు,gurutu,guruvu,,kn: ಯಾವುದೇ ಗುಣ ಸ್ಥಿತಿ ಮೊದಲಾದವುಗಳನ್ನು ತಿಳಿಸುವ ಒಂದು ಸಂಕೇತ || te: విద్యను నేర్పించు స్త్రీ.,form_similar,,,,
B002504,ಗುರ್ತು,గుర్తు.,gurtu,gurtu.,,kn: ಆ ಮಾತು ಮುಂತಾದವು ಯಾರನ್ನಾದರೂ ಯಾವುದಾದರು ವಿಷಯದ ಜ್ಞಾನ ಅಥವಾ ಪರಿಚಯವನ್ನು ಮಾಡುವುದಕ್ಕೋಸ್ಕರ ಮಾತನಾಡಲಾಗುತ್ತದೆ || te: సమిష్టిగా ప్రాతినిధ్యము వహించే సూచకము.,form_similar,,,,
B002505,ಗೆಲುವು,గెలుచు,geluvu,gelucu,,kn: ಜಗಳ ಅಥವಾ ಆಟ ಮೊದಲಾದವುಗಳಲ್ಲಿ ಶತ್ರು ಅಥವಾ ಎದುರಾಳಿಗಳನ್ನು ಸೋಲಿಸಿಯುವುದರಿಂದ ಪ್ರಾಪ್ತಿಯಾಗುವಂತಹ ಸಫಲತೆ || te: ఓటుద్వారా ఎన్నుకోబడుతున్న అభ్యర్థి యొక్క ప్రత్యర్థి తొలగిపోవడం,form_similar,,,,
B002506,ಗೊಣಗು,గొణుగు,goṇagu,goṇugu,,kn: ಅಸ್ಪಷ್ಟವಾಗಿ ತಗ್ಗುದನಿಯಲ್ಲಿ ಮಾತಾಡುವುದು || te: చాలా నెమ్మదిగా అస్పష్టంగా ఏదో చెప్పడం.,form_similar,,,,
B002507,ಗೋತಿಕ್,గోతిక,gōtik,gōtika,,kn: ಗೋತಿಕ್ ಭಾಷೆಯ ಅಥವಾ ಗೋತಿಕ್ ಭಾಷೆಗೆ ಸಂಬಂಧಿಸಿದಂತಹ || te: గోతాకు సంబంధించిన,form_similar,,,,
B002508,ಗೋಪಾಲ,గోశాల,gōpāla,gōśāla,,"kn: ಯದುವಂಶಿ ವಸುದೇವನ ಪುತ್ರ, ವಿಷ್ಣುವಿನ ಮುಖ್ಯ ಅವತಾರಗಳಲ್ಲಿ ಒಂದು || te: పశువులను ఉంచే ప్రదేశం",form_similar,,,,
B002509,ಗೋಪ್ಯ,గోప్యం,gōpya,gōpyaṁ,,kn: ಮುಚ್ಚಿಟ್ಟ ಅಥವಾ ಬಹಿರಂಗವಾಗಿರದ ವಿಷಯ || te: ఎవ్వరికీ తెలియకుండా ఉంచుట.,form_similar,,,,
B002510,ಗೋಷ್ಟಿ,గోష్ఠి,gōṣṭi,gōṣṭhi,,kn: ಜನರು ಔಪಚಾರಿಕವಾಗಿ ಮಾಡಿಕೊಂಡಿರುವ ದಳ  ಅಥವಾ ಸಂಘಟನೆ || te: రాజుల కాలంలో అప్పుడప్పుడు కార్యనిర్వహణ కొరకు నిర్వహించే బ్రాహ్మణ విద్వాంసుల సభ,form_similar,,,,
B002511,ಗೋಷ್ಠಿ,గోష్టి,gōṣṭhi,gōṣṭi,,kn: ಯಾವುದೇ ವಿಷಯದ ಪರಸ್ಪರ ವಿನಿಮಯ || te: ప్రత్యేక ఉద్దేశ్యముతో కూడి  అందరూ మాట్లాడే సభ.,form_similar,,,,
B002512,ಗೌರೀಶಂಕರ,గౌరిశంకర్,gaurīśaṁkara,gauriśaṁkar,,kn: ಹಿಮಾಲಯದಲ್ಲಿರುವ ವಿಶ್ವದ ಅತ್ಯಂತ ಎತ್ತರವಾದ ಶಿಖರ || te: హిమలయ పర్వతాలలో ఒక ఎత్తైన శిఖరం,form_similar,,,,
B002513,ಗ್ರಾಮ,గ్రామ్య,grāma,grāmya,,kn: ತುಂಬಾ ಚಿಕ್ಕ ನಿವಾಸ/ವಾಸಸ್ಥಾನ || te: పల్లెకు సంబంధించిన,form_similar,,,,
B002514,ಗ್ರಾಹ್ಯ,గ్రామ్య,grāhya,grāmya,,"kn: ಯಾವುದೇ ವ್ಯಕ್ತಿ, ವಸ್ತು, ಮೊದಲಾದವುಗಳ ವಿಷಯದಲ್ಲಿ ಅಂಗೀಕರಿಸಬಹುದಾದ ಅಥವಾ ಒಳ್ಳೆಯ ಅಭಿಪ್ರಾಯದಿಂದ ತೆಗೆದುಕೊಳ್ಳುವುದು || te: పల్లెకు సంబంధించిన",form_similar,,,,
B002515,ಗ್ರೀಷ್ಮಕಾಲ,గ్రీష్మకాలం.,grīṣmakāla,grīṣmakālaṁ.,,kn: ವರ್ಷದಲ್ಲಿ ಬರುವ ಆರು ಋತುಗಳಲ್ಲಿ ಎರಡನೇ ಋತು || te: ఎండలు ఎక్కువగా ఉండే కాలం,form_similar,,,,
B002516,ಗ್ರೀಷ್ಮಕಾಲದ,గ్రీష్మకాలం.,grīṣmakālada,grīṣmakālaṁ.,,kn: ವರ್ಷದಲ್ಲಿ ಬರುವ ಆರು ಋತುಗಳಲ್ಲಿ ಎರಡನೇ ಋತು || te: ఎండలు ఎక్కువగా ఉండే కాలం,form_similar,,,,
B002517,ಗ್ಲಾಸು,గలాసు,glāsu,galāsu,,kn: ಕೆಳಗಿನ ಗೋಡೆ ಮತ್ತು ಅಗಲವಾದ ತಳಹದಿಯ ಒಂದು ಚಿಕ್ಕ ಪಾತ್ರೆ || te: నీళ్లు తాగడానికి ఉపయోగించే గుండ్రటి వస్తువు,form_similar,,,,
B002518,ಘಟಂ,ఘనం,ghaṭaṁ,ghanaṁ,,kn: ಒಂದು ಪ್ರಕಾರದ ಮಡಿಕೆಯನ್ನು ವಾದ್ಯವಾಗಿ  ಬಳಸುತ್ತಾರೆ || te: భూమిలో ఉన్న నీటిని ఆవిరి రూపంలో గ్రహించి ఘన రూపంలో ఏర్పడిన ఒక రూపం,form_similar,,,,
B002519,ಘನ,ఘనం,ghana,ghanaṁ,,kn: ಒಂದು ವಿಶೇಷವಾದ ಆಕೃತಿ ಅಥವಾ ವಸ್ತುವಿನ ಉದ್ದ ಅಗಲ ಮತ್ತು ಎತ್ತರ ಒಂದೇ ಆಗಿರುತ್ತದೆ || te: భూమిలో ఉన్న నీటిని ఆవిరి రూపంలో గ్రహించి ఘన రూపంలో ఏర్పడిన ఒక రూపం,form_similar,,,,
B002520,ಘಾತ,ఘాతం,ghāta,ghātaṁ,,kn: ಯಾವುದೇ ಗಣಿತಪದದ ಘಾತವನ್ನು ಸೂಚಿಸುವ ಸಂಖ್ಯೆ || te: గట్టి వస్తువుతో కొట్టడంవలన అయ్యేది,form_similar,,,,
B002521,ಚಂದ್ರ-ವಂಶ,చంద్రవంక,caṁdra-vaṁśa,caṁdravaṁka,,kn: ಕ್ಷತ್ರಿಯರ ಎರಡು ಪ್ರಸಿದ್ಧ ಮತ್ತು ಮೂಲ ವಂಶ ಅಥವಾ ಚಂದ್ರನಿಂದ ಉತ್ಪತ್ತಿಯಾದ ವಂಶ ಎಂದು ನಂಬಲಾಗಿದೆ || te: అమావాస్య ముగిసిన తర్వాత మొదటి రోజుల్లో కనిపించె చందమామ,form_similar,,,,
B002522,ಚಂದ್ರ_ವಂಶ,చంద్రవంక,caṁdra_vaṁśa,caṁdravaṁka,,kn: ಕ್ಷತ್ರಿಯರ ಎರಡು ಪ್ರಸಿದ್ಧ ಮತ್ತು ಮೂಲ ವಂಶ ಅಥವಾ ಚಂದ್ರನಿಂದ ಉತ್ಪತ್ತಿಯಾದ ವಂಶ ಎಂದು ನಂಬಲಾಗಿದೆ || te: అమావాస్య ముగిసిన తర్వాత మొదటి రోజుల్లో కనిపించె చందమామ,form_similar,,,,
B002523,ಚಕೋರಿ,చక్రి,cakōri,cakri,,kn: ಹೆಣ್ಣು ಚಕೋರ || te: హిందువుల విశ్వాసం ప్రకారం దశావతారాలుగల దేవుడు,form_similar,,,,
B002524,ಚಕ್ರವರ್ತಿ,చక్రవర్తిని,cakravarti,cakravartini,,kn: ಆ ರಾಜನ ರಾಜಧಾನಿ ತುಂಬಾ ದೂರದ ವರೆಗು ಹರಡಿರುವುದು || te: రాజు భార్య,form_similar,,,,
B002525,ಚಕ್ರವರ್ತಿನಿ,చక్రవర్తి,cakravartini,cakravarti,,kn: ಯಾವುದೋ ಸಾಮ್ರಾಜ್ಯದ ಅಧೀಶ್ವರಿ ಅಥವಾ ಶಾಸಕಿ || te: రాజులకే రాజు,form_similar,,,,
B002526,ಚಕ್ರವರ್ತಿನಿ,చక్రవర్తి.,cakravartini,cakravarti.,,kn: ಯಾವುದೋ ಸಾಮ್ರಾಜ್ಯದ ಅಧೀಶ್ವರಿ ಅಥವಾ ಶಾಸಕಿ || te: సర్వ ప్రపంచ శరణు కోరె వాడు,form_similar,,,,
B002527,ಚಟ್ಟ,చట్టం,caṭṭa,caṭṭaṁ,,kn: ಬಿದಿರಿನ ಚೌಕಟ್ಟಿನಿಂದ ಮಾಡಿದ ಸಿದಿಗೆ ಅದರಲ್ಲಿ ಶವವನ್ನು ಅದರಲ್ಲಿ ಇಟ್ಟು ಸ್ಮಶಾನಕ್ಕೆ ತೆಗೆದುಕೊಂಡು ಹೋಗುತ್ತಾರೆ || te: రాజ్యంగం ప్రకారం దీనిని అతిక్రమిస్తే శిక్షను అమలు పరుస్తారు,form_similar,,,,
B002528,ಚತುರ್ಭುಜದ,చతుర్భుజము,caturbhujada,caturbhujamu,,kn: ನಾಲ್ಕು ಭುಜಗಳುಳ್ಳಂತಹ || te: నాలుగు భుజములు సమానంగలది.,form_similar,,,,
B002529,ಚದರ,చీదర,cadara,cīdara,,kn: ನಾಲ್ಕು ಭಾಗ ಅಥವಾ ರೇಖೆ ಸಮನಾದ ಅಳತೆಹೊಂದಿರುವುದು || te: తన చెడు నడత వలన ఇతరుల మనసులో తనను దూరం ఉంచాలని కలిగే భావన,form_similar,,,,
B002530,ಚದುರು,చదువు,caduru,caduvu,,kn: ಅಸ್ತವ್ಯಸ್ಥವಾಗಿ ಹರಡುವುದು || te: లిఖిత పదములను ఉచ్చరించడము.,form_similar,,,,
B002531,ಚದುರು,చమురు,caduru,camuru,,kn: ಅಸ್ತವ್ಯಸ್ಥವಾಗಿ ಹರಡುವುದು || te: ఒక జిడ్డుగల ద్రవ పదార్థం ఇది నీటిలో కలవదు,form_similar,,,,
B002532,ಚಬುಕ,చౌక,cabuka,cauka,,kn: ಕುರಿಯ ಹುರಿ ಅಥವಾ ಚರ್ಮದ ಹಗ್ಗ (ಪ್ರಾಣಿ ಮೊದಲಾದವುಗಳು ನೆಡೆಸುವುದಕ್ಕೆ ಅಥವಾ ಓಡಿಸುವುದಕ್ಕಾಗಿ ಅದರಿಂದ ಹೊಡೆಯುತ್ತಾರೆ) || te: వస్తువులు తక్కువ ధరకు లభించడం,form_similar,,,,
B002533,ಚಮರ,చమరు,camara,camaru,,kn: ನಾಲ್ಕು ಕಾಲಿನ ಒಂದು ಸಸ್ಯಹಾರಿ ಅದು ಬಯಲಿನಲ್ಲಿ/ಮೈದಾನದಲ್ಲಿ ಮತ್ತು ಕಾಡಿನಲ್ಲಿ ಇರುತ್ತದೆ || te: ఏదైనా వస్తువుతో దెబ్బ తగిలేలా చేయడం,form_similar,,,,
B002534,ಚರ್ಚು,చరచు,carcu,caracu,,kn: ಕ್ರೈಸ್ತರ ಒಂದು ಪ್ರದಾನ ಮಂದಿರ || te: ఏదైనా వస్తువుతో దెబ్బ తగిలేలా చేయడం,form_similar,,,,
B002535,ಚರ್ಚು,చరుచు,carcu,carucu,,kn: ಕ್ರೈಸ್ತರ ಒಂದು ಪ್ರದಾನ ಮಂದಿರ || te: ఏదైనా వస్తువుతో దెబ్బ తగిలేలా చేయడం,form_similar,,,,
B002536,ಚಲುವೆ,చలువ,caluve,caluva,,kn: ಗೌರಿವರ್ಣದ ಸ್ತ್ರೀ || te: చల్లగా ఉండే స్థితి లేక భావము.,form_similar,,,,
B002537,ಚಾಕರಿ,చాకలి,cākari,cākali,,kn: ಕೆಲಸದವರು ಮಾಡುವ ಕೆಲಸ || te: బట్టలు ఉతికేవాళ్లు,form_similar,,,,
B002538,ಚಾದರ,చీదర,cādara,cīdara,,kn: ಸ್ತ್ರೀಯರ ಮೇಲು ಹೊದಿಕೆಯ ವಸ್ತ್ರ ಅಥವಾ ಚಾದರ || te: తన చెడు నడత వలన ఇతరుల మనసులో తనను దూరం ఉంచాలని కలిగే భావన,form_similar,,,,
B002539,ಚಾಲಕ,చాలిక,cālaka,cālika,,kn: ಯಾವುದೇ ವಾಹನ ಮುಂತಾದವುಗಳನ್ನು ಚಾಲನೆ ಮಾಡುವವ || te: మానసికంగా లేదా భౌతికంగా సరిపోయే స్థితి,form_similar,,,,
B002540,ಚಾಲಿತ,చాలిక,cālita,cālika,,kn: ಮಾನವನ ಮೂಲಕ ಚಾಲನೆಯಾಗುವ ವಾಹನ || te: మానసికంగా లేదా భౌతికంగా సరిపోయే స్థితి,form_similar,,,,
B002541,ಚಿಗುಟು,చిగురు,ciguṭu,ciguru,,kn: ಬೆರಳುಗಳಿಂದ ಇನ್ನೊಬ್ಬರ ಶರೀರದ ಚರ್ಮವನ್ನು ಹಿಡಿದು ಹಿಂಡುವ ಪ್ರಕ್ರಿಯೆ || te: విత్తనాలు అంకురించుట.,form_similar,,,,
B002542,ಚಿಬುಕ,చిలుక,cibuka,ciluka,,kn: ಗದ್ದದ ಅಥವಾ ಗದ್ದಕ್ಕೆ ಸಂಬಂಧಿಸಿದಂತಹ || te: జ్యోష్యం చెప్పడానికి ఉపయోగించుకునే పక్షి,form_similar,,,,
B002543,ಚಿಮಟ,చెమట,cimaṭa,cemaṭa,,"kn: ಬಲವಾಗಿ ಹಿಡಿಯಲು ಅಥವಾ ಮೇಲೆ ತೆಗೆಯಲು ಒಳಸುವ ಒಂದು ಪ್ರಕಾರದ ಸಾಧನ || te: కష్టపడటం వల్ల కాని , వేడివల్ల కాని శరీరంలో సూక్ష్మ రంధ్రాల ద్వారా వచ్చే నీరు.",form_similar,,,,
B002544,ಚಿರಾಯು,చిరాకు,cirāyu,cirāku,,kn: ಬಹಳ ದಿನದ ವರೆಗೂ ಬದುಕುಳಿಯುವಂತಹ || te: నచ్చని పని చేసినప్పుడు కలిగే భావన.,form_similar,,,,
B002545,ಚಿಲಕ,చిలుక,cilaka,ciluka,,kn: ಬಾಗಿಲನ್ನು ಮುಚ್ಚಲು ಬಳಸುವಂತಹ ವಸ್ತು || te: జ్యోష్యం చెప్పడానికి ఉపయోగించుకునే పక్షి,form_similar,,,,
B002546,ಚುಟ್ಟ,చుట్ట.,cuṭṭa,cuṭṭa.,,kn: ಎಲೆಯಲ್ಲಿ ಹೊಗೆ ಸಪ್ಪಿನ ಪುಡಿಯನ್ನು ಹಾಕಿ ಸುತ್ತಿ ಚುಟ್ಟ ಮುಂತಾದವುಗಳು ಸೇದುವ ಹಗೆ ಹೊಗೆ ಎಳೆದುಕೊಂಡು  ಸೇದುವರು || te: పొగత్రాగుటకు వాడే సాదనం అందులో తంబాకు నిండి ఉంటుంది,form_similar,,,,
B002547,ಚುಟ್ಟ,చుట్టం,cuṭṭa,cuṭṭaṁ,,kn: ಎಲೆಯಲ್ಲಿ ಹೊಗೆ ಸಪ್ಪಿನ ಪುಡಿಯನ್ನು ಹಾಕಿ ಸುತ್ತಿ ಚುಟ್ಟ ಮುಂತಾದವುಗಳು ಸೇದುವ ಹಗೆ ಹೊಗೆ ಎಳೆದುಕೊಂಡು  ಸೇದುವರು || te: సంబంధ బాంధవ్యాలు కలిగినవారు,form_similar,,,,
B002548,ಚೆಲುವು,చెరువు,celuvu,ceruvu,,kn: ಶೋಭಾಯಮಾನವಾಗುವ ಅವಸ್ಥೆ/ಸ್ಥಿತಿ ಅಥವಾ ಭಾವ || te: ఒకచోట నీరు నిల్వ ఉండే ప్రదేశం,form_similar,,,,
B002549,ಚೆಲುವು,చెఱువు,celuvu,ceṟuvu,,kn: ಶೋಭಾಯಮಾನವಾಗುವ ಅವಸ್ಥೆ/ಸ್ಥಿತಿ ಅಥವಾ ಭಾವ || te: నీళ్ళు ఉన్న పెద్ద కుంట.,form_similar,,,,
B002550,ಚೆಲುವು,చెలువ,celuvu,celuva,,kn: ಶೋಭಾಯಮಾನವಾಗುವ ಅವಸ್ಥೆ/ಸ್ಥಿತಿ ಅಥವಾ ಭಾವ || te: స్నేహితులలో అమ్మాయిలు లేక ఆడవారు,form_similar,,,,
B002551,ಚೆಲುವೆ,చెలువ,celuve,celuva,,kn: ಯಾರನ್ನಾದರೂ ಆಕರ್ಷಿಸುವಂತಹ ಸುಂದರವಾದ ದೇಹಪ್ರಕೃತಿಯನ್ನು ಹೊಂದಿದ ಹೆಂಗಸು || te: స్నేహితులలో అమ్మాయిలు లేక ఆడవారు,form_similar,,,,
B002552,ಚೇತನಹೀನತೆ,చేతనాహీనత,cētanahīnate,cētanāhīnata,,kn: ಜಡವಾಗುವ ಅವಸ್ಥೆ ಅಥವಾ ಭಾವನೆ || te: చేతనం లేకపోవుట.,form_similar,,,,
B002553,ಚೈತ್ರಮಾಸ,చైత్రమాసం.,caitramāsa,caitramāsaṁ.,,kn: ಹಿಂದಿ ವರ್ಷದ ಮೊದಲ ತಿಂಗಳು ಆಂಗ್ಲರ ತಿಂಗಳ ಮಾರ್ಚ್ ಮತ್ತು ಏಪ್ರಿಲ್ ತಿಂಗಳ ಮಧ್ಯದಲ್ಲಿ ಬರುವುದು || te: ఒక విధమైన కోత పాట,form_similar,,,,
B002554,ಚೈನಾ,చైనా.,cainā,cainā.,,kn: ಚೈನಾ ಧರ್ಮದ ಅಥವಾ ಚೈನಾ ಧರ್ಮಕ್ಕೆ ಸಂಬಂಧಿಸಿದಂತಹ || te: ఆసియాలోని అన్నిటి కంటే పెద్ద దేశం.,form_similar,,,,
B002555,ಛಂದಶಾಸ್ತ್ರ,చందశాస్త్రం,chaṁdaśāstra,caṁdaśāstraṁ,,kn: ಪದ್ಯ ರಚನೆಯ ಸಿದ್ಧಾಂತ ಮತ್ತು ಪ್ರಯೋಗ || te: అలంకారాలను తెలియజేసేటటువంటి శాస్త్రం,form_similar,,,,
B002556,ಛತ್ರ,ఛత్రి,chatra,chatri,,kn: ಯಾತ್ರಿಗಳು ಉಳಿದುಕೊಳ್ಳುವುದಕ್ಕಾಗಿ ಧರ್ಮಾತ್ರವಾಗಿ ಮಾಡಿರುವಂತಹ ಮನೆ || te: వర్షానికి రక్షణగా ఉండేది,form_similar,,,,
B002557,ಜಗಲಿ,జగతి,jagali,jagati,,kn: ಯಾವುದೇ ಭವನ ಅಥವಾ ಬಂಗಲೆಯ ಅಂತರದಲ್ಲಿ ವಾಸ್ತು-ರಚನೆಯ ಪ್ರಕಾರ  ಮೂರು ಗೋಡೆಗಳನ್ನು ಮೇಲೆನ ವರೆಗೂ ಕಟ್ಟಿ ಮುಂದಿನ ಗೋಡೆ ಮತ್ತು ತಳ ಭಾಗವನ್ನು ತೆರೆವು ಗೊಳಿಸಿ ಅದರಿಂದ ಬೇರೆ ಕೋಣೆಗಳಿಗೆ ಹೋಗಬಹುದು || te: ఒకరికన్నా ఎక్కువ మంది సమూహం,form_similar,,,,
B002558,ಜಟಕಾ-ಬಂಡಿ,జట్కాబండి,jaṭakā-baṁḍi,jaṭkābaṁḍi,,kn: ಕುದುರೆಯಿಂದ ಓಡಿಸಲ್ಪಡುವ ಗಾಡಿ || te: ఒక రకమైన రెండు చక్రాల బండి దానికి గుర్రం కట్టబడి ఉంది,form_similar,,,,
B002559,ಜಟಕಾ_ಬಂಡಿ,జట్కాబండి,jaṭakā_baṁḍi,jaṭkābaṁḍi,,kn: ಕುದುರೆಯಿಂದ ಓಡಿಸಲ್ಪಡುವ ಗಾಡಿ || te: ఒక రకమైన రెండు చక్రాల బండి దానికి గుర్రం కట్టబడి ఉంది,form_similar,,,,
B002560,ಜನಕ,జనత,janaka,janata,,"kn: ಯಾವುದೇ ಒಂದು ಸಂಗತಿಯ ಹುಟ್ಟಿಗೆ ಕಾರಣವಾದವರು ಅಥವಾ ಒಂದರ ಹುಟ್ಟಿಗೆ ಮೂಲ ಕಾರಣಕರ್ತರಾದವರು || te: ఒక మనిషి దుఖః, భాధలో ఉన్నప్పుడు మరో మనిషి చూపించేది",form_similar,,,,
B002561,ಜನತೆ,జనత,janate,janata,,"kn: ಒಬ್ಬರಿಗಿಂತ ಅಧಿಕ ವ್ಯಕ್ತಿಗಳ ಸಮೂಹ || te: ఒక మనిషి దుఖః, భాధలో ఉన్నప్పుడు మరో మనిషి చూపించేది",form_similar,,,,
B002562,ಜನರ,జనత,janara,janata,,"kn: ಒಂದು ದೊಡ್ಡ ಸ್ತರದಲ್ಲಿ ಜನರುಗಳಿಂದ (ನಾಗರೀಕರುಗಳು) ಸ್ವೀಕೃತ ಅಥವಾ ಮಾನ್ಯವಾದಂತಹ || te: ఒక మనిషి దుఖః, భాధలో ఉన్నప్పుడు మరో మనిషి చూపించేది",form_similar,,,,
B002563,ಜನುಮ-ಭೂಮಿ,జన్మ_భూమి,januma-bhūmi,janma_bhūmi,,kn: ಯಾರೋ ಒಬ್ಬರು ಹುಟ್ಟಿದ ಸ್ಥಾನದಲ್ಲಿ ಜನ್ಮಸಿರುವರು || te: ఏ స్థానములో ఐతే పుట్టి ఉంటారో.,form_similar,,,,
B002564,ಜಪಾನೀ,జపాన్,japānī,japān,,kn: ಜಪಾನ್ ದೇಶದವ || te: జపనీస్‍లు వుండే దేశం,form_similar,,,,
B002565,ಜಮೀನು,జామీను,jamīnu,jāmīnu,,kn: ಧಾನ್ಯ ಅಥವಾ ಬೆಳೆ ಬೆಳಯುವ ಭೂಮಿ ಅಥವಾ ಜಾಗ || te: పనులను పూర్తి చేయించు విధి,form_similar,,,,
B002566,ಜಯನಿ,జనని,jayani,janani,,kn: ದೇವಾಧಿಪತಿಯಾದ ಇಂದ್ರನ ಮಗಳು || te: మనకు జన్మనించే స్త్రీ,form_similar,,,,
B002567,ಜಲ-ಪ್ರವಾಹ,జలప్రవాహం,jala-pravāha,jalapravāhaṁ,,kn: ನೀರಿನ ಪ್ರವಾಹ || te: కాలువలలో జరిగే ప్రవాహం,form_similar,,,,
B002568,ಜಲ_ಪ್ರವಾಹ,జలప్రవాహం,jala_pravāha,jalapravāhaṁ,,kn: ನೀರಿನ ಪ್ರವಾಹ || te: కాలువలలో జరిగే ప్రవాహం,form_similar,,,,
B002569,ಜಲಜ,జలగ,jalaja,jalaga,,kn: ನೀರಿನಲ್ಲಿ ಬೆಳೆಯುವಂತಹ ಒಂದು ಗಿಡದ ಪುಷ್ಪ ಅದು ತುಂಬಾ ಸುಂದರವಾಗಿರುತ್ತದೆ || te: శరీరానికి అతుక్కుపోయి రక్తాన్ని పీల్చేది,form_similar,,,,
B002570,ಜಲದ,జలగ,jalada,jalaga,,kn: ನೀರನಲ್ಲಿ ಉತ್ಪನ್ನವಾಗುವ || te: శరీరానికి అతుక్కుపోయి రక్తాన్ని పీల్చేది,form_similar,,,,
B002571,ಜಲಯಂತ್ರ,జలయంత్రం.,jalayaṁtra,jalayaṁtraṁ.,,kn: ಬಾವಿ ಮೊದಲಾದವುಗಳಿಂದ ನೀರನ್ನು ಎಳೆಯುವ ಯಂತ್ರ || te: నీటి ప్రవాహమునకు నడిచే యంత్రము,form_similar,,,,
B002572,ಜವಾನ,జవాహ,javāna,javāha,,kn: ಕಾಗದ-ಪತ್ರಗಳನ್ನು ತರುವ-ಕೊಡುವ ಅಥವಾ ಅಧಿಕಾರಿಗಳ ಆದೇಶಗಳನ್ನು ಪೂರ್ಣಮಾಡುವವ ಅಥವಾ ಅವಶ್ಯತಕತೆಯ ಅನುಸಾರವಾಗಿ ಅವರಿಗೆ ರಿಜಿಸ್ಟರ್ ಮೊದಲಾದವುಗಳನ್ನು ತಂದು ಕೊಡುವಂತಹ ಕರ್ಮಚಾರಿ || te: ఎద్దుల యొక్క కంటికి వచ్చే వ్వాధి,form_similar,,,,
B002573,ಜಾತಕ,జాతర,jātaka,jātara,,kn: ಭೌದ್ದ ದರ್ಮವನ್ನು ಅನುಸರಿಸುವ ಮತ್ತು ದರ್ಮ ಪ್ರಚಾರವನ್ನು ಮಾಡುವ ಭೌದ್ದ ಸನ್ಯಾಸಿಗಳು || te: అది ఒక శుభకార్యం. దాన్ని ఘనంగా జరుపుకుంటారు.,form_similar,,,,
B002574,ಜಾತಿಯ,జాతీయ,jātiya,jātīya,,kn: ಯಾವುದೇ ಜಾತಿ ಅಥವಾ ವರ್ಗಕ್ಕೆ  ಸೇರಿದವರು || te: దేశానికి సంబంధించినది,form_similar,,,,
B002575,ಜಾಮೂನು,జామీను,jāmūnu,jāmīnu,,kn: ಹಾಲಿನಲ್ಲಿ ಕಲಿಸಿದ ಖೋವಾವನ್ನು ಕಾದ ತುಪ್ಪದಲ್ಲಿ ಉಂಡೆ ಮಾಡಿ ಕರೆಯುವ ಒಂದು ಬಗೆಯ ಸಿಹಿ ತಿಂಡಿ. || te: పనులను పూర్తి చేయించు విధి,form_similar,,,,
B002576,ಜಾಮೂನು,జామూన్,jāmūnu,jāmūn,,kn: ಹಾಲಿನಲ್ಲಿ ಕಲಿಸಿದ ಖೋವಾವನ್ನು ಕಾದ ತುಪ್ಪದಲ್ಲಿ ಉಂಡೆ ಮಾಡಿ ಕರೆಯುವ ಒಂದು ಬಗೆಯ ಸಿಹಿ ತಿಂಡಿ. || te: జీర మరియు మైదాతో తయారు చేసే తీపి పదార్థం,form_similar,,,,
B002577,ಜಾಲಿಕೆ,జాలిక,jālike,jālika,,kn: ಯಾರೋ ಒಬ್ಬರ ಹೆಂಗಸಿನ ಗಂಡ ಸತ್ತಿದ್ದಾನೆ || te: యుద్ద సమయంలో శరీర రక్షణ కోసం ధరించు ఇనుప వస్త్రం.,form_similar,,,,
B002578,ಜಿನುಗು,జినుడు,jinugu,jinuḍu,,kn: ಹೊರ ಹರಿಯುವುದು || te: హిందువుల విశ్వాసం ప్రకారం దశావతారాలుగల దేవుడు,form_similar,,,,
B002579,ಜಿಲೇಬಿ,జిలిబి,jilēbi,jilibi,,kn: ಒಂದು ತರಹದ ಸಿಹಿ ತಿಂಡಿಯನ್ನು ಎಣ್ಣೆಯಲ್ಲಿ ಕರೆದು ಮಾಡುತ್ತಾರೆ || te: చెవిలో ఉండు చెత్త వ్యర్థ పదార్ధం.,form_similar,,,,
B002580,ಜೀವನ-ಯಾತ್ರೆ,జీవనయాత్ర,jīvana-yātre,jīvanayātra,,kn: ಹಿಂದೂ ಧರ್ಮಾನುಸಾರ ಜನ್ಮ-ಜನ್ಮಾಂತರಗಳ ಕ್ರಮ || te: పుట్టినప్పటి నుండి  మరణించువరకు జీవితములోని వివిధ స్థితులు.,form_similar,,,,
B002581,ಜೀವನ_ಯಾತ್ರೆ,జీవనయాత్ర,jīvana_yātre,jīvanayātra,,kn: ಹಿಂದೂ ಧರ್ಮಾನುಸಾರ ಜನ್ಮ-ಜನ್ಮಾಂತರಗಳ ಕ್ರಮ || te: పుట్టినప్పటి నుండి  మరణించువరకు జీవితములోని వివిధ స్థితులు.,form_similar,,,,
B002582,ಟಗರು,టయరు,ṭagaru,ṭayaru,,"kn: ಒಂದು ಪ್ರಕಾರದ ಕುರಿ, ಅದರ ಬಾಲ ತುಂಬಾ ಭಾರವಾಗಿರುತ್ತದೆ ಮತ್ತು ಕೊಬ್ಬಿರುತ್ತದೆ || te: రబ్బరుతో తయారుచేసినది సైకిల్ మొదలైన వాహనాలకు ఉపయోగిస్తారు",form_similar,,,,
B002583,ಟವಲು,టవల్.,ṭavalu,ṭaval.,,kn: ದೇಹವನ್ನು ಒರೆಸಿಕೊಳ್ಳುವುದಕ್ಕಾಗಿ ಉಪಯೋಗಿಸುವ ಚಿಕ್ಕ ವಸ್ತ್ರ || te: స్నానానికి వెళ్ళే సమయంలో కట్టుకొనే వస్త్రం,form_similar,,,,
B002584,ಟವಲ್,టవల్.,ṭaval,ṭaval.,,kn: ದೇಹವನ್ನು ಒರೆಸಿಕೊಳ್ಳುವುದಕ್ಕಾಗಿ ಉಪಯೋಗಿಸುವ ಚಿಕ್ಕ ವಸ್ತ್ರ || te: స్నానానికి వెళ్ళే సమయంలో కట్టుకొనే వస్త్రం,form_similar,,,,
B002585,ಟಿಬೆಟ್,టిబెటీ,ṭibeṭ,ṭibeṭī,,kn: ಏಷಿಯಾದಲ್ಲಿರುವ ಒಂದು ಚಿಕ್ಕ ದೇಶ || te: టిబెట్ యొక్క లేదా టిబెట్ కు సంబంధించిన,form_similar,,,,
B002586,ಟೈಟನ್,టన్‍టన్,ṭaiṭan,ṭanṭan,,kn: ಶನಿಗ್ರಹದಲ್ಲಿ ಬರುವ ಅತಿ ದೊಡ್ಡ ಚಂದ್ರ ಅಥವಾ ಉಪಗ್ರಹ || te: గంట మ్రోగుశబ్దం,form_similar,,,,
B002587,ಟ್ರಂಕು,ట్రక్కు,ṭraṁku,ṭrakku,,kn: ಸಾಮಾನುಗಳನ್ನು ಇಡುವಂತಹ ಲೋಹದ ಪೆಟ್ಟಿಗೆ || te: సరుకును మోయుటకు ఉపయోగించు బండి,form_similar,,,,
B002588,ಟ್ರಸ್ಟ್,ట్రస్టీ,ṭrasṭ,ṭrasṭī,,"kn: ಪೈಪೋಟಿ ಕಡಿಮೆ ಮಾಡಲು ಅಥವಾ ನಿಷ್ಫಲಗೊಳಿಸಲು ಹಲವು ವ್ಯಾಪಾರ ಸಂಸ್ಥೆಗಳು ಎಲ್ಲಾ ಹೊಣೆಗಾರಿಕೆಯನ್ನೂ ಕೇಂದ್ರ ಸಮಿತಿಗೆ ವಹಿಸಿಕೊಟ್ಟು ವಹಿವಾಟು ನಡೆಸುವ ಸಂಸ್ಥೆ ಮುಖ್ಯವಾಗಿ ಎಲ್ಲಾ ಬಂಡವಾಳ ಸ್ಟಾಕುಗಳನ್ನೂ ಕೇಂದ್ರ ಸಮಿತಿಗೆ ವರ್ಗಾಯಿಸಿ ಪಾಲುದಾರರು ತಮ್ಮ ಮತ ಚಲಾಯಿಸಿ ಹಕ್ಕನ್ನೂ ಬಿಟ್ಟುಕೊಟ್ಟು, ಕೇವಲ ಲಾಭದಲ್ಲಿ ಪಾಲುಗೊಳ್ಳುವುದನ್ನು ಮಾತ್ರ ಉಳಿಸಿಕೊಂಡ ಸಂಸ್ಥೆ ಅಥವಾ ಒಂದು ಉದ್ದೇಶ ಸಾಧನೆಗಾಗಿ ಒಟ್ಟು ಗೂಡಿದ ಸಮಾನ ಮನಸ್ಕರ ಖಾಸಗಿ ಸಂಸ್ಥೆ || te: ఒక వ్యక్తి యొక్క అధీనములో సంస్థ యొక్క సంపద లేక  ఆస్థి ఉండుట.",form_similar,,,,
B002589,ಡಬರಿ,డబరా,ḍabari,ḍabarā,,kn: ಚಿಕ್ಕ ಬಟ್ಟಲು || te: మూత కలిగినటువంటి పాత్ర భోజనాన్ని మరియు కూరలు ఉంచుతారు,form_similar,,,,
B002590,ತಂಡಿ,తండ్రి,taṁḍi,taṁḍri,,kn: ಯಾವುದೋ ಒಂದು ತಣ್ಣಗಿರುವ || te: జన్మను ఇచ్చే పురుషుడు.,form_similar,,,,
B002591,ತಂತಿ,తంత్రి,taṁti,taṁtri,,kn: ಲೋಹದ ತೆಳುವಾದ ಎಳೆ || te: సితార్ యొక్క తీగలాగా ఉండేది,form_similar,,,,
B002592,ತಂತ್ರ,తంత్రి,taṁtra,taṁtri,,kn: ಯಾರಿಗಾದರೂ ಕೆಟ್ಟದ್ದನ್ನು ಮಾಡಲು ಅಥವಾ ದೈವೀ ಪೀಡೆ/ತಡೆ ದೂರಮಾಡುವುದಕ್ಕಾಗಿ ಪ್ರಯೋಗಮಾಡುವ ಯಾವುದಾದರು ಅಲೋಕಿಕವಾದ ಶಕ್ತಿ ಅಥವಾ ಭೂತ-ಪ್ರೇತಗಳ ಮೇಲೆ ವಿಶ್ವಾಸವನ್ನಿಟ್ಟು ಮಾಡಲಾಗುತ್ತದೆ/ಮಾಡುವ ಪೂಜೆ || te: సితార్ యొక్క తీగలాగా ఉండేది,form_similar,,,,
B002593,ತಂದ್ರಿ,తండ్రి,taṁdri,taṁḍri,,kn: ಪ್ರಾಣಿಗಳ ಆ ಸ್ಥಿತಿ ಅದರಿಂದ ಎಚ್ಚರ ಹೊಂದುವುದರ ಹಿಂದೆ ಕೆಲವು ಸಮಯಗಳವರೆಗೆ ಯಾವುದೇ ಕೆಲಸವಿಲ್ಲದೆ ವಿಶ್ರಾಂತಿ ಹೊಂದುವಂತಹದ್ದು ಮತ್ತು ಅವರಿಗೆ ಶಾರೀರಿಕವಾಗಿ ಹಾಗೂ ಮಾನಸಿಕವಾಗಿ ವಿಶ್ರಾಂತಿ ಲಭಿಸುತ್ತದೆ || te: జన్మను ఇచ్చే పురుషుడు.,form_similar,,,,
B002594,ತಂದ್ರಿ,తంత్రి,taṁdri,taṁtri,,kn: ಪ್ರಾಣಿಗಳ ಆ ಸ್ಥಿತಿ ಅದರಿಂದ ಎಚ್ಚರ ಹೊಂದುವುದರ ಹಿಂದೆ ಕೆಲವು ಸಮಯಗಳವರೆಗೆ ಯಾವುದೇ ಕೆಲಸವಿಲ್ಲದೆ ವಿಶ್ರಾಂತಿ ಹೊಂದುವಂತಹದ್ದು ಮತ್ತು ಅವರಿಗೆ ಶಾರೀರಿಕವಾಗಿ ಹಾಗೂ ಮಾನಸಿಕವಾಗಿ ವಿಶ್ರಾಂತಿ ಲಭಿಸುತ್ತದೆ || te: సితార్ యొక్క తీగలాగా ఉండేది,form_similar,,,,
B002595,ತಗಡು,తగరు,tagaḍu,tagaru,,kn: ಲೋಹದ ತೆಳುವಾದ ಪದರ ಅಥವಾ ತುಂಡು || te: మగ జాతికి చెందిన గొర్రె,form_similar,,,,
B002596,ತಗಡು,తగవు,tagaḍu,tagavu,,kn: ಲೋಹದ ತೆಳುವಾದ ಪದರ ಅಥವಾ ತುಂಡು || te: శత్రుదేశం పైన ఆయుధాలతో దాడి చేసే పోరాటం,form_similar,,,,
B002597,ತಗಡು,తెగడు,tagaḍu,tegaḍu,,kn: ಲೋಹದ ತೆಳುವಾದ ಪದರ ಅಥವಾ ತುಂಡು || te: నిందనీయమైన మాటలు,form_similar,,,,
B002598,ತಗಣಿ,తగని,tagaṇi,tagani,,"kn: ಒಂದು ಕೀಟ ಮಂಚ, ಕುರ್ಚಿ ಮೊದಲಾದವುಗಳ ಕಡೆ ಇರುತ್ತವೆ || te: ఏదైన పనిచేయుటకు అర్హత లేని వ్యక్తి.",form_similar,,,,
B002599,ತಗಣಿ,తరణి,tagaṇi,taraṇi,,"kn: ಒಂದು ಕೀಟ ಮಂಚ, ಕುರ್ಚಿ ಮೊದಲಾದವುಗಳ ಕಡೆ ಇರುತ್ತವೆ || te: నీళ్ళలో ప్రయాణం చేస్తూ కొయ్యలను, లోహాలను సరఫరా చేసేవి",form_similar,,,,
B002600,ತಗಲು,తగరు,tagalu,tagaru,,kn: ಒಂದು ವಸ್ತು ಇನ್ನೊಂದು ವಸ್ತುವನ್ನು ಸ್ಪರ್ಶಿಸು || te: మగ జాతికి చెందిన గొర్రె,form_similar,,,,
B002601,ತಗಲು,తగవు,tagalu,tagavu,,kn: ಒಂದು ವಸ್ತು ಇನ್ನೊಂದು ವಸ್ತುವನ್ನು ಸ್ಪರ್ಶಿಸು || te: శత్రుదేశం పైన ఆయుధాలతో దాడి చేసే పోరాటం,form_similar,,,,
B002602,ತಗಲು,తీగలు,tagalu,tīgalu,,kn: ಒಂದು ವಸ್ತು ಇನ್ನೊಂದು ವಸ್ತುವನ್ನು ಸ್ಪರ್ಶಿಸು || te: చెట్టు నుండి వచ్చే పొడవాటి లతలు,form_similar,,,,
B002603,ತಗಾದೆ,తగాదా,tagāde,tagādā,,kn: ಸಾಲ ಕೊಟ್ಟವನಿಗೆ ತಮ್ಮ ಹಣ ಹಿಂದಿರುಗಿಸುವಂತೆ ಪದೇ-ಪದೇ ಕೇಳುವ ಕ್ರಿಯೆ || te: వ్యక్తుల మధ్య శత్రుత్వం వలన కలిగేది,form_similar,,,,
B002604,ತಗುಲು,తెగులు,tagulu,tegulu,,kn: ಜೋರಾಗಿ ಎರಡು ವಸ್ತುಗಳು ತಗಲುವ ಕ್ರಿಯೆ || te: శరీరం అనేక అవస్థలతో బాధపడటం,form_similar,,,,
B002605,ತಗ್ಗು,తగ్గు.,taggu,taggu.,,kn: ಯಾವುದೇ ವಸ್ತು ಸಂಗತಿಯ ಮುಂತಾದವುಗಳ ಲಭ್ಯತೆ ಕ್ರಮೇಣ ಇಳಿಮುಕವಾಗುತ್ತಾ ಹೋಗು || te: ఏదైన వస్తువు గుణము తక్కువగా ఉండుట.,form_similar,,,,
B002606,ತಟ್ಟು,తట్టు.,taṭṭu,taṭṭu.,,kn: ಒಂದು ಪ್ರಕಾರದ ಸಣ್ಣ ಕುದುರೆ ಅಥವಾ ಗಿಡ್ಡ/ಕುಳ್ಳ ಕುದುರೆ || te: మశూచి రోగం యొక్క అధిస్ఠాత్రి దేవి లేదా చిన్నచిన్న దద్దులు వచ్చే రోగం,form_similar,,,,
B002607,ತಡವು,తగవు,taḍavu,tagavu,,kn: ಯಾವುದಾದರು ವಸ್ತು ಅಥವಾ ಶರೀರದ ಅಂಗವವನ್ನು ಮೆಲ್ಲ-ಮೆಲ್ಲನೆ ಕೈಯಿಂದ ನೇವರಿಸುವುದು || te: శత్రుదేశం పైన ఆయుధాలతో దాడి చేసే పోరాటం,form_similar,,,,
B002608,ತತ್ವ,తత్వం,tatva,tatvaṁ,,"kn: ಜಗತ್ತಿನ ಮೂಲ ಕಾರಣಗಳನ್ನು ಹುಡುಕುವ ಚಿಂತನೆ || te: ఎలక్ట్రాన్లు, న్యూట్రాన్లు, ప్రోట్రాన్ల యొక్క గుణాలు",form_similar,,,,
B002609,ತನುಜ,తనూజ,tanuja,tanūja,,kn: ಗಂಡುಸಂತಾನ || te: స్త్రీ సంతానం,form_similar,,,,
B002610,ತಯಾರಿ,తలారి,tayāri,talāri,,kn: ಯಾವುದೇ ವಿಶೇಷ ಕಾರ್ಯವನ್ನು ಪ್ರಾರಂಭಿಸುವ ಮುನ್ನ ಅದಕ್ಕೆ ಸಂಬಂಧಿಸಿದ ಸಿದ್ಧತೆಯನ್ನು ಮಾಡಿಕೊಳ್ಳುವುದು || te: ప్రభుత్వం ఉత్తర్వు అయిన మరణ దండనను అమలుపరిచేవాడు,form_similar,,,,
B002611,ತರಟು,తరము,taraṭu,taramu,,"kn: ತಲೆ ಬೋಳಾಗುವ ಸ್ಥಿತಿ ಅಥವಾ ಭಾವನೆ || te: వంశ పరంపరలో నాన్న, తాత, ముత్తాత మొదలైన విధముగా వరుస క్రమము",form_similar,,,,
B002612,ತರುಣಿ,తరణి,taruṇi,taraṇi,,"kn: ಸಾಮಾನ್ಯವಾಗಿ ಹನ್ನೆರಡು ವರ್ಷದಿಂದ ಹತ್ತೊಂಬತ್ತು ವರ್ಷದೊಳಗಿನ ವಯೋಮಾನದ ಹುಡುಗ-ಹುಡುಗಿಯ ಸ್ಥಿತಿ || te: నీళ్ళలో ప్రయాణం చేస్తూ కొయ్యలను, లోహాలను సరఫరా చేసేవి",form_similar,,,,
B002613,ತರುಬು,తరుగు,tarubu,tarugu,,kn: ಹೆದರಿಸಿ ಯಾರನ್ನಾದರು ಎಲ್ಲಿಂದಾದರು ಓಡಿಸುವ ಕ್ರಿಯೆ || te: పెట్టిన పెట్టుబడి కంటే తక్కువ రావడం,form_similar,,,,
B002614,ತರುಬು,తరుపు,tarubu,tarupu,,kn: ಹೆದರಿಸಿ ಯಾರನ್ನಾದರು ಎಲ್ಲಿಂದಾದರು ಓಡಿಸುವ ಕ್ರಿಯೆ || te: ఈనిన ఒక సంవత్సరం తర్వాత కూడా పాలు ఇచ్చేది (ఆవు లేక గేదె),form_similar,,,,
B002615,ತರುಬು,తరుము,tarubu,tarumu,,kn: ಹೆದರಿಸಿ ಯಾರನ್ನಾದರು ಎಲ್ಲಿಂದಾದರು ಓಡಿಸುವ ಕ್ರಿಯೆ || te: ఉన్న ప్రదేశము నుండి పరుగులు పెట్టించుట.,form_similar,,,,
B002616,ತರುಬು,తరువు,tarubu,taruvu,,"kn: ಹೆದರಿಸಿ ಯಾರನ್ನಾದರು ಎಲ್ಲಿಂದಾದರು ಓಡಿಸುವ ಕ್ರಿಯೆ || te: కొమ్మలు, ఆకులను కలిగి ఉండేది",form_similar,,,,
B002617,ತರ್ಕ,తర్కం,tarka,tarkaṁ,,kn: ಯಾವುದೇ ಚರ್ಚೆಯಲ್ಲಿರುವ ವಿಷಯದ ಪರ ಇಲ್ಲವೆ ವಿರೋಧವಾಗಿ ಕೊಡುವ ಕಾರಣ ಅಥವಾ ಸಮರ್ಥನೆ || te: పని తప్పించుకొనుటకు కారణం చెప్పడం,form_similar,,,,
B002618,ತಲಬು,తలచు,talabu,talacu,,kn: ನೌಕರಿಗೆ ದೊರೆಯುವಂತಹ ಸಂಬಳ || te: మనసులో ఊహించడం,form_similar,,,,
B002619,ತಲಬು,తలపు,talabu,talapu,,kn: ನೌಕರಿಗೆ ದೊರೆಯುವಂತಹ ಸಂಬಳ || te: యోచించేటటువంటి భావన.,form_similar,,,,
B002620,ತಲಬು,తలము,talabu,talamu,,kn: ನೌಕರಿಗೆ ದೊರೆಯುವಂತಹ ಸಂಬಳ || te: ఏదేని వస్తువు యొక్క పైభాగము లేక బయటి వ్యాప్తి.,form_similar,,,,
B002621,ತಲುಪು,తడుపు,talupu,taḍupu,,kn: ಒಂದು ಸ್ಥಾನದಿಂದ ಬಂದು ಇನ್ನೊಂದು ಸ್ಥಾನದಲ್ಲಿ ಉಪಸ್ಥಿತಿಯಾಗುವುದು || te: పొలంలో నీరు పెట్టుట.,form_similar,,,,
B002622,ತಲುಪು,తరుపు,talupu,tarupu,,kn: ಒಂದು ಸ್ಥಾನದಿಂದ ಬಂದು ಇನ್ನೊಂದು ಸ್ಥಾನದಲ್ಲಿ ಉಪಸ್ಥಿತಿಯಾಗುವುದು || te: ఈనిన ఒక సంవత్సరం తర్వాత కూడా పాలు ఇచ్చేది (ఆవు లేక గేదె),form_similar,,,,
B002623,ತಲುಪು,తలపు,talupu,talapu,,kn: ಒಂದು ಸ್ಥಾನದಿಂದ ಬಂದು ಇನ್ನೊಂದು ಸ್ಥಾನದಲ್ಲಿ ಉಪಸ್ಥಿತಿಯಾಗುವುದು || te: యోచించేటటువంటి భావన.,form_similar,,,,
B002624,ತಲುಪು,తెలుపు,talupu,telupu,,kn: ಒಂದು ಸ್ಥಾನದಿಂದ ಬಂದು ಇನ್ನೊಂದು ಸ್ಥಾನದಲ್ಲಿ ಉಪಸ್ಥಿತಿಯಾಗುವುದು || te: పాలు యొక్క రంగు.,form_similar,,,,
B002625,ತವಕ,తవన,tavaka,tavana,,kn: ಯಾವುದೋ ಮಾತನ್ನು ತಿಳಿಯುವ ಅತ್ಯಧಿಕ ಇಚ್ಛೆ || te: ఒక నిమిషంలోని అరవయ్యవ భాగము.,form_similar,,,,
B002626,ತವಡು,తవుడు,tavaḍu,tavuḍu,,"kn: ಗೋಧಿ, ಭತ್ತ ಮುಂತಾದ ಧಾನ್ಯವನ್ನು ಬೀಸಿ ತೆಗೆದ ಸಿಪ್ಪೆ || te: ధాన్యాలపైగల మరియు పంటల యొక్క చూర్ణము",form_similar,,,,
B002627,ತವರ,తవన,tavara,tavana,,kn: ಬೆಳ್ಳಿಯ ಬಣ್ಣದ ಒಂದು ಧಾತುವಿನ ತತ್ವ || te: ఒక నిమిషంలోని అరవయ్యవ భాగము.,form_similar,,,,
B002628,ತವರು,తగరు,tavaru,tagaru,,kn: ವಿವಾಹಿತ ಸ್ತ್ರೀಯರಿಗೆ ಅವರ ತಾಯಿ-ತಂದೆಯ ಮನೆ || te: మగ జాతికి చెందిన గొర్రె,form_similar,,,,
B002629,ತಾಮಸ,తామర,tāmasa,tāmara,,kn: ಬೆಳಕಿನ ಅಭಾವ || te: నీళ్లలో పుట్టే అందమైన పువ్వులు,form_similar,,,,
B002630,ತಾಮಸ,తామసి,tāmasa,tāmasi,,kn: ಬೆಳಕಿನ ಅಭಾವ || te: శివుడి యొక్క భార్య,form_similar,,,,
B002631,ತಾಮ್ರ,తామర,tāmra,tāmara,,"kn: ಕೆಂಪು ಬಣ್ಣದ ಪದಾರ್ಥದ ಲೋಹ ಅದರಿಂದ ಪಾತ್ರೆ, ತಂತಿ ಮೊದಲಾದವುಗಳನ್ನು ಮಾಡುತ್ತಾರೆ || te: నీళ్లలో పుట్టే అందమైన పువ్వులు",form_similar,,,,
B002632,ತಾರಸಿ,తామసి,tārasi,tāmasi,,kn: ಪ್ರಾಣಿಗಳನ್ನು ಹತ್ಯ ಮಾಡುಲು ಕಟುಕನು ಬಳಸುವ ಕತ್ತಿ || te: శివుడి యొక్క భార్య,form_similar,,,,
B002633,ತಿಣುಕು,తొణుకు,tiṇuku,toṇuku,,kn: ಮಲ ವಿಸರ್ಜನೆಗಾಗಿ ಹೊಟ್ಟೆಯಲ್ಲಿರುವ ವಾಯುವನ್ನು ಹೊರೆಗೆ ಹಾಕುವ ಪ್ರಕ್ರಿಯೆ || te: ద్రవపదార్థంతో కూడిన గిన్నె కదలటంతో ద్రవం క్రిందపడుట.,form_similar,,,,
B002634,ತಿರುಗಿ,తిరుగు,tirugi,tirugu,,kn: ಆ ರಸ್ತೆ ಬೇರೆ ಯಾವುದೋ ಒಂದು ರಸ್ತೆಗೆ ಸೇರುವುದು || te: ఆ దిక్కు వైపు వెళ్ళటం,form_similar,,,,
B002635,ತಿರುಗು,తరుగు,tirugu,tarugu,,kn: ದಿಕ್ಕನ್ನು ಬದಲಾಯಿಸುವುದು || te: పెట్టిన పెట్టుబడి కంటే తక్కువ రావడం,form_similar,,,,
B002636,ತಿರುಳು,తిరుగు,tiruḷu,tirugu,,kn: ಆ ತತ್ವ ಪರಮಾಣುಗಳಿಗಿಂತ ಕಡಿಮೆ ಕಠಿಣವಾಗಿರುತ್ತದೆ ಹಾಗೂ ಅದು ಎಲ್ಲಾ ತತ್ವಗಳ ಮಧ್ಯಸ್ಥ ಎಂದು ನಂಬಲಾಗುತ್ತದೆ || te: ఆ దిక్కు వైపు వెళ్ళటం,form_similar,,,,
B002637,ತಿರುವು,తరువు,tiruvu,taruvu,,"kn: ಮೂರು ರಸ್ತೆಗಳು ಕೂಡುವ ಸ್ಥಳ || te: కొమ్మలు, ఆకులను కలిగి ఉండేది",form_similar,,,,
B002638,ತಿರುವು,తిరుగు,tiruvu,tirugu,,kn: ಮೂರು ರಸ್ತೆಗಳು ಕೂಡುವ ಸ್ಥಳ || te: ఆ దిక్కు వైపు వెళ్ళటం,form_similar,,,,
B002639,ತಿರುವು,తెరువు,tiruvu,teruvu,,kn: ಮೂರು ರಸ್ತೆಗಳು ಕೂಡುವ ಸ್ಥಳ || te: మూసినదానిని తెరవడం లేదా బయలుపరచడం,form_similar,,,,
B002640,ತೀರ್ಥ-ಯಾತ್ರಿ,తీర్థయాత్ర,tīrtha-yātri,tīrthayātra,,kn: ತೀರ್ಥಯಾತ್ರೆಗೆ ಹೋಗುವಂತಹ ವ್ಯಕ್ತಿ || te: పవిత్ర స్థలము ఇక్కడ భక్తులు దర్శనార్ధము వస్తారు.,form_similar,,,,
B002641,ತುಂಡು,తుండు.,tuṁḍu,tuṁḍu.,,kn: ಚಪ್ಪಟೆಯಾದ ದುಂಡಗಿರುವ ಒಂದು ತುಂಡು || te: స్నానం చేసిన తర్వాత వంటిని తుడుచుకొవడానికి ఉపయోగించే వస్త్రం,form_similar,,,,
B002642,ತುಕ್ಕು,తుక్కు.,tukku,tukku.,,kn: ಗಾಳಿ ಅಥವಾ ನೀರಿನ ಕಾರಣದಿಂದ ಲೋಹಗಳ ಮೇಲೆ ಹರಡುವ ಒಂದು ಬಗೆಯ ಕಪ್ಪು ಅಂಶ || te: వీటిని చెత్తకుండీలో వేస్తారు.,form_similar,,,,
B002643,ತುಡುಗು,తుడుచు,tuḍugu,tuḍucu,,kn: ಇನ್ನೊಬ್ಬರ ವಸ್ತುವನ್ನು ಕಳ್ಳತನದಿಂದ ತೆಗೆದುಕೊಳ್ಳುವುದು || te: మురికి తొలగించుట తొలిగించుట.,form_similar,,,,
B002644,ತುಡುಗು,తుడుము,tuḍugu,tuḍumu,,kn: ಇನ್ನೊಬ್ಬರ ವಸ್ತುವನ್ನು ಕಳ್ಳತನದಿಂದ ತೆಗೆದುಕೊಳ್ಳುವುದು || te: ముక్కలు _ ముక్కలు చేయడం,form_similar,,,,
B002645,ತುಡುಗು,తునుగు,tuḍugu,tunugu,,kn: ಇನ್ನೊಬ್ಬರ ವಸ್ತುವನ್ನು ಕಳ್ಳತನದಿಂದ ತೆಗೆದುಕೊಳ್ಳುವುದು || te: ఏదైనా వస్తువు క్రిందపడినపుడు వేరగుట.,form_similar,,,,
B002646,ತುಡುಗು,తొడుగు,tuḍugu,toḍugu,,kn: ಇನ್ನೊಬ್ಬರ ವಸ್ತುವನ್ನು ಕಳ್ಳತನದಿಂದ ತೆಗೆದುಕೊಳ್ಳುವುದು || te: యుద్ద సమయంలో శరీర రక్షణ కోసం ధరించు ఇనుప వస్త్రం.,form_similar,,,,
B002647,ತುಣುಕು,తొణుకు,tuṇuku,toṇuku,,kn: ತೀರಾ ಸಣ್ಣ ಪ್ರಮಾಣದ ಕಣ || te: ద్రవపదార్థంతో కూడిన గిన్నె కదలటంతో ద్రవం క్రిందపడుట.,form_similar,,,,
B002648,ತುಪ್ಪು,త్రుప్పు,tuppu,truppu,,kn: ಮತ್ತೆ ಮತ್ತೆ ಉಗುಳುವುದು || te: లోహపు వస్తువులకు పట్టే నల్లని ఒక పదార్థము ఇది తేమ మరియు గాలి యొక్క ప్రభావముచేత ఏర్పడును,form_similar,,,,
B002649,ತುರುಕು,తురుము,turuku,turumu,,kn: ಒತ್ತಿ ತುಂಬುವ ಪ್ರಕ್ರಿಯೆ || te: గీరే వస్తువు.,form_similar,,,,
B002650,ತುರುಪು,తరుపు,turupu,tarupu,,kn: ಇಸ್ಪೀಟಾಟದಲ್ಲಿ ಇತರ ಎಲೆಗಳಿಗಿಂತ ಮೇಲಿನ ವರ್ಗಕ್ಕೆ ಸೇರಿದ ಎಲೆ || te: ఈనిన ఒక సంవత్సరం తర్వాత కూడా పాలు ఇచ్చేది (ఆవు లేక గేదె),form_similar,,,,
B002651,ತುರುಪು,తురుము,turupu,turumu,,kn: ಇಸ್ಪೀಟಾಟದಲ್ಲಿ ಇತರ ಎಲೆಗಳಿಗಿಂತ ಮೇಲಿನ ವರ್ಗಕ್ಕೆ ಸೇರಿದ ಎಲೆ || te: గీరే వస్తువు.,form_similar,,,,
B002652,ತುಳುಕು,తళుకు,tuḷuku,taḷuku,,kn: ಲಾಕ್ಷಣಿಕ ರೂಪದಲ್ಲಿ ಭಾವನೆಗಳನ್ನು ವ್ಯಕ್ತ ಪಡಿಸುವ ಪ್ರಕ್ರಿಯೆ || te: చాలా కాంతివంతంగా కనబడే మెరుపు,form_similar,,,,
B002653,ತೂರಾಡು,తారాడు,tūrāḍu,tārāḍu,,kn: ಓಲಾಡುವ ಕ್ರಿಯೆ ಅಥವಾ ಭಾವನೆ || te: కనిపించనిదాని కోసం చేసే పని,form_similar,,,,
B002654,ತೂರಾಡು,తూగాడు,tūrāḍu,tūgāḍu,,kn: ಓಲಾಡುವ ಕ್ರಿಯೆ ಅಥವಾ ಭಾವನೆ || te: మత్తు మొదలైనవాటివల్ల నిలబడలేకపోవడం కారణంగా అటు ఇటు ఊగడం,form_similar,,,,
B002655,ತೂರಾಡು,త్రాడు,tūrāḍu,trāḍu,,kn: ಓಲಾಡುವ ಕ್ರಿಯೆ ಅಥವಾ ಭಾವನೆ || te: పీచుతో తయారు చేసినటువంటి లావు తాడు,form_similar,,,,
B002656,ತೃಪ್ತಿಪಡಿಸು,తృప్తిపడు,tr̥ptipaḍisu,tr̥ptipaḍu,,kn: ಹೊಟ್ಟೆ ತುಂಬಾ ತಿನ್ನುವ ಪ್ರಕ್ರಿಯೆ || te: బోజనంచెత పొట్ట నింపుకోవడం,form_similar,,,,
B002657,ತೆರಪು,తెరచు,terapu,teracu,,kn: ಯಾವುದೇ ಒಂದು ಪೂರ್ಣಾವಧಿಯ ಮಧ್ಯದ ಅವಧಿಯ ವಿರಾಮ || te: మూసిఉన్న దానిని తీయడం.,form_similar,,,,
B002658,ತೆರಳು,తెరచు,teraḷu,teracu,,"kn: ಯಾವುದಾದರು ಪ್ರಾಣಿ, ವಸ್ತು ಮೊದಲಾದವುಗಳು ಒಂದು ಸ್ಥಾನದಿಂದ ಇನ್ನೊಂದು ಸ್ಥಾನಕ್ಕೆ ಹೋಗುವುದಕ್ಕೆ ತೆರಳುವುದು || te: మూసిఉన్న దానిని తీయడం.",form_similar,,,,
B002659,ತೆಲಗು,తెలుగు,telagu,telugu,,kn: ಆಂದ್ರಪ್ರದೇಶದ ರಾಜ್ಯ ಭಾಷೆ || te: తెలుగు యొక్క లేదా తెలుగు భాషకు సంబంధించిన,form_similar,,,,
B002660,ತೆಲಗು,తొలగు,telagu,tolagu,,kn: ಆಂದ್ರಪ್ರದೇಶದ ರಾಜ್ಯ ಭಾಷೆ || te: వేరుగా అవడం లేదా దూరమవడం.,form_similar,,,,
B002661,ತೆಲುಗು,తెనుగు,telugu,tenugu,,"kn: ಆಂಧ್ರಪ್ರದೇಶದ ಅಥವಾ ಅಲ್ಲಿನ ನಿವಾಸಿ, ಭಾಷೆ, ಸಂಸ್ಕೃತಿ ಇತ್ಯಾದಿಗಳಿಗೆ ಸಂಬಂಧಿಸಿದ || te: -ఆంధ్రాలో మాట్లాడే భాష.",form_similar,,,,
B002662,ತೆಲುಗು,తెలుపు,telugu,telupu,,"kn: ಆಂಧ್ರಪ್ರದೇಶದ ಅಥವಾ ಅಲ್ಲಿನ ನಿವಾಸಿ, ಭಾಷೆ, ಸಂಸ್ಕೃತಿ ಇತ್ಯಾದಿಗಳಿಗೆ ಸಂಬಂಧಿಸಿದ || te: పాలు యొక్క రంగు.",form_similar,,,,
B002663,ತೇಲುವ,తేలుట,tēluva,tēluṭa,,kn: ಯಾವುದು ದ್ರವದಲ್ಲಿ ತೇಲುತ್ತಿದೆಯೋ || te: నీటిపై వచ్చుట,form_similar,,,,
B002664,ತೊಗಲು,తీగలు,togalu,tīgalu,,kn: ಸತ್ತ ಪ್ರಾಣಿಗಳಿಂದ ತೆಗೆದಂತಹ ಚರ್ಮದಿಂದ ಚಪ್ಪಲಿ ಮೊದಲಾದ ವಸ್ತುಗಳನ್ನು ತಯಾರಿಸುತ್ತಾರೆ || te: చెట్టు నుండి వచ్చే పొడవాటి లతలు,form_similar,,,,
B002665,ತೊಡಗು,తొడుగు,toḍagu,toḍugu,,kn: ಯಾವುದೇ ಕೆಲಸದಲ್ಲಿ ದೃಡವಾಗಿ ತೊಡಗಿಸಿಕೊಳ್ಳುವ ಪ್ರಕ್ರಿಯೆ || te: యుద్ద సమయంలో శరీర రక్షణ కోసం ధరించు ఇనుప వస్త్రం.,form_similar,,,,
B002666,ತೊಡಗು,తొలగు,toḍagu,tolagu,,kn: ಯಾವುದೇ ಕೆಲಸದಲ್ಲಿ ದೃಡವಾಗಿ ತೊಡಗಿಸಿಕೊಳ್ಳುವ ಪ್ರಕ್ರಿಯೆ || te: వేరుగా అవడం లేదా దూరమవడం.,form_similar,,,,
B002667,ತೊಡುಕು,తొడుగు,toḍuku,toḍugu,,kn: ಯಾವುದನ್ನು ಮಾಡಬಾರದೋ ಅಥವಾ ಅದನ್ನು ಮಾಡಲು ಯೋಗ್ಯವಾಗಿಲ್ಲವೋ || te: యుద్ద సమయంలో శరీర రక్షణ కోసం ధరించు ఇనుప వస్త్రం.,form_similar,,,,
B002668,ತೊಡುಕು,తొణుకు,toḍuku,toṇuku,,kn: ಯಾವುದನ್ನು ಮಾಡಬಾರದೋ ಅಥವಾ ಅದನ್ನು ಮಾಡಲು ಯೋಗ್ಯವಾಗಿಲ್ಲವೋ || te: ద్రవపదార్థంతో కూడిన గిన్నె కదలటంతో ద్రవం క్రిందపడుట.,form_similar,,,,
B002669,ತೊಡುಕು,తొనుకు,toḍuku,tonuku,,kn: ಯಾವುದನ್ನು ಮಾಡಬಾರದೋ ಅಥವಾ ಅದನ್ನು ಮಾಡಲು ಯೋಗ್ಯವಾಗಿಲ್ಲವೋ || te: అటుఇటు పొరలిపోవు,form_similar,,,,
B002670,ತೊಡುಕು,తొలుకు,toḍuku,toluku,,kn: ಯಾವುದನ್ನು ಮಾಡಬಾರದೋ ಅಥವಾ ಅದನ್ನು ಮಾಡಲು ಯೋಗ್ಯವಾಗಿಲ್ಲವೋ || te: ద్రవపదార్థంతో కూడిన గిన్నె కదలటంతో ద్రవం క్రిందపడుట.,form_similar,,,,
B002671,ತೊಡುಗೆ,తొడుగు,toḍuge,toḍugu,,kn: ಧರಿಸುವ ವಸ್ತ್ರ || te: యుద్ద సమయంలో శరీర రక్షణ కోసం ధరించు ఇనుప వస్త్రం.,form_similar,,,,
B002672,ತೌಡು,తవుడు,tauḍu,tavuḍu,,kn: ಹಿಟ್ಟು ಮೊದಲಾದವುಗಳನ್ನು ಸೋಸಿದ ಮೇಲೆ ಜರಡಿಯಲ್ಲಿ ಉಳಿಯುವಂತಹ ಶೇಷ ವಸ್ತು || te: ధాన్యాలపైగల మరియు పంటల యొక్క చూర్ణము,form_similar,,,,
B002673,ತ್ಯಾಗ,త్యాగం,tyāga,tyāgaṁ,,kn: (ಧರ್ಮ ಕಾರ್ಯ) ಶ್ರದ್ಧೆ ಅಥವಾ ದಯಾಪೂರ್ಣವಾಗಿ ಯಾರಿಗಾದರು ಏನಂನ್ನಾದರು ನೀಡುವ ಕ್ರಿಯೆ || te: దేవుళ్లకు ఇచ్చే సమర్పణ,form_similar,,,,
B002674,ದಂಡೆ,దండెం,daṁḍe,daṁḍeṁ,,kn: ಬೇರೆ ಬೇರೆ ದಿಕ್ಕಿನಿಂದ ಬಂದು ಒಂದು ಸ್ಥಾನದಲ್ಲಿ ಸೇರುವ ರೇಖೆಗಳು ಅಥವಾ ಮೇಲ್ಮೈ/ಕ್ಷೇತ್ರಫಲದ ಹಿಂದಿನ ಸ್ಥಾನ || te: ఒక పొడువాటి తాడులాంటి కట్టిన అద్దకాలవాడు బట్టులు వేసే ఒక ఉపకరణంలాంటిది,form_similar,,,,
B002675,ದಮನಿ,దమన్,damani,daman,,kn: ಶರೀರದ ಎಲ್ಲಾ ಭಾಗಗಳಿಗೆ ಹೃದಯದಿಂದ ಶುದ್ದ ರಕ್ತವು ಹರಿಯಲು ಸಹಾಯವಾಗುವ ನಾಲೆ || te: భారతదేశంలో కేంద్రపాలిత ప్రాంతాలలో ఒక ద్వీపం అది రాజధానీ,form_similar,,,,
B002676,ದಯಾಲು,దాయాలు,dayālu,dāyālu,,"kn: ಯಾವುದರಲ್ಲಿ ದಯೆ ಇದೆಯೋ || te: ధనము, వస్తువులు మొదలగువాటిని పందెంగాపెట్టి గెలుపు ఓటముల కోసం ఆడేఆట, మహాభారతంలో ఈ ఆట వలన పాండవులు సర్వం కోల్పోయారు.",form_similar,,,,
B002677,ದರ್ಪ,దర్పం,darpa,darpaṁ,,"kn: ಯಾವುದೇ ತತ್ವವು ಏನೇ ಕೆಲಸ ಮಾಡುವ, ಮಾಡಿಸುವ ಅಥವಾ ಕ್ರಿಯಾತ್ಮಕ  ರೂಪದಲ್ಲಿ ನಮ್ಮ ಪ್ರಭಾವ ತೋರಿಸುವುದು || te: నేనే గొప్పవాడనే భావం",form_similar,,,,
B002678,ದಹನ-ಕ್ರಿಯೆ,దహనక్రియ,dahana-kriye,dahanakriya,,kn: ಸುಡು ಅಥವಾ ಸುಟ್ಟುಕೊಳ್ಳುವಿಕೆಯ ಕ್ರಿಯೆ ಅಥವಾ ಭಾವ || te: చనిపోయిన వ్యక్తిని కాల్చడం,form_similar,,,,
B002679,ದಾಟುವ,దాటుట,dāṭuva,dāṭuṭa,,"kn: ನದಿ ಮೊದಲಾದವುಗಳ ಮೇಲೆ, ಅವರನ್ನು ದಂಡದಿಂದ ಸಾಗಿಸಲು ನಾವೆ/ದೋಣಿ ಛೇದಿಸಿ, ದಪ್ಪವಾದ ಹಗ್ಗವನ್ನು ಕಟ್ಟಿ ಅಥವಾ ಕಂಬಗಳ ಮೇಲೆ ಚಿಕ್ಕ ಹಲಿಗೆ, ಉದ್ದವಾದ ಪಟ್ಟಿ ಇಟ್ಟು ಮಾಡಿರುವ ಮಾರ್ಗ ಮತ್ತು ಅದರ ಸಂಬಂಧವಾಗಿರುವಂತಹ ಎಲ್ಲಾ ರೀತಿಯ ರಚನೆ || te: అకస్మాత్తుగా మధ్యలో రావడం",form_similar,,,,
B002680,ದಾಯ_ದೃಷ್ಟಿ,దివ్య_దృష్టి,dāya_dr̥ṣṭi,divya_dr̥ṣṭi,,kn: ದಯೆ ಅಥವಾ ಅನುಗ್ರಹದ ದೃಷ್ಟಿ || te: జరగబోయెవాటిని గ్రహించే చూపు,form_similar,,,,
B002681,ದಾರಿತಪ್ಪಿಸು,దారితప్పించు,dāritappisu,dāritappiṁcu,,kn: ತಪ್ಪುಹಾದಿ ತೋರಿಸಿ ಅಲೆದಾಡುವಂತೆ ಮಾಡು || te: మోసగించుట,form_similar,,,,
B002682,ದಿಗಿಲು,దిగులు,digilu,digulu,,kn: ಅನಿಷ್ಟ ಆಗುವುದರಿಂದ ಮನಸ್ಸಿನಲ್ಲಿ ಮೂಡುವ ಕಲ್ಪನೆ || te: ఏదైన పనిలో మనస్సు నిమగ్నం చేయలేక పోవుట.,form_similar,,,,
B002683,ದಿವಾನ,దివాన్,divāna,divān,,kn: ಪ್ರಧಾನ ಅಧಿಕಾರಿ ಅವರ ಪರಾಮರ್ಶಣೆ ಅಥವಾ ಸಲಹೆಯಿಂದ ರಾಜ್ಯ ಮತ್ತು ದೇಶದ ಎಲ್ಲಾ ವಿಭಾಗದ ಕೆಲಸಗಳು ನೆಡೆಯುತ್ತದೆ || te: కూర్చొవడానికి కొయ్యతో తయారుచేసిన చిన్న మంచం లాంటిది,form_similar,,,,
B002684,ದಿವ್ಯ,దివ్యం,divya,divyaṁ,,"kn: ನೋಡಲು ಬಹಳ ಸುಂದರವಾಗಿ ತೋರುವ || te: నక్షత్రాలు, చంద్రుడు, సూర్యుడు మొదలైనవి ఉండే శూన్యప్రదేశం",form_similar,,,,
B002685,ದೀರ್ಘಕಾಲ,దీర్ఘకాలిక,dīrghakāla,dīrghakālika,,kn: ತುಂಬಾ ಸಮಯ || te: అనేక / చాలా రోజుల వరకు ఉండేది/ విశ్వం ఉన్నంతవరకు,form_similar,,,,
B002686,ದುಬಾರಿ,దుబాసి,dubāri,dubāsi,,kn: ಯಾವುದೇ ವಸ್ತು ಸಂಗತಿಗಳು ಅದರ ನಿಜವಾದ ಮೌಲ್ಯಕ್ಕಿಂತ ಹೆಚ್ಚಿನ ಮೌಲ್ಯವಾಗುವುದು || te: రెండు భాషలు తెలిసిన వాడు,form_similar,,,,
B002687,ದುರದೃಷ್ಟದ,దురదృష్టం,duradr̥ṣṭada,duradr̥ṣṭaṁ,,kn: ಅದೃಷ್ಟ ಒಲಿಯದೇ ಇರುವವ ಅಥವಾ ಭಾಗ್ಯಶಾಲಿಯಲ್ಲದವ || te: చెడ్డ భాగ్యం లేద అదృష్టం లేకపోవుట.,form_similar,,,,
B002688,ದೂರದ,దురద,dūrada,durada,,kn: ಹೆಚ್ಚು ಅಂತರದಲ್ಲಿರುವುದನ್ನು ಸೂಚಿಸುವುದು ಅಥವಾ ಹೆಚ್ಚು ದೂರವಿರುವುದನ್ನು ಸೂಚಿಸುವುದು || te: ఒక బ్యాక్టిరీయా ద్వారా వచ్చే తీట,form_similar,,,,
B002689,ದೂಷಕ,దూషణ,dūṣaka,dūṣaṇa,,kn: ಇನ್ನೊಬ್ಬರನ್ನು ತೆಗಳುವ ಅಥವಾ ಬೈಯುವ ಕೆಲಸ ಮಾಡುವವ || te: నిందనీయమైన మాటలు,form_similar,,,,
B002690,ದೂಷಣೆ,దూషణ,dūṣaṇe,dūṣaṇa,,kn: ನಿಂದೆಗೊಳಗಾದ ಸ್ಥಿತಿ || te: నిందనీయమైన మాటలు,form_similar,,,,
B002691,ದೇವತಾ,దేవత,dēvatā,dēvata,,"kn: ಸಹೃದಯಿ, ಧರ್ಮಿ ಮತ್ತು ಯಾವಾಗಲೂ ಬೇರೆಯರಿಗೆ ಸಹಾಯಮಾಡುವಂತಹ ವ್ಯಕ್ತಿ || te: సరస్వతి, లక్ష్మి, పార్వతి మొదలైనవారు",form_similar,,,,
B002692,ದೇವತೆ,దేవత,dēvate,dēvata,,"kn: ಸ್ವರ್ಗ ಮುಂತಾದ ಸ್ಥಳದಲ್ಲಿ ವಾಸಿಸುವ ಅಮರ ಜೀವಿಗಳು ಪೂಜನೀಯವೆಂದು ಭಾವಿಸುವರು || te: సరస్వతి, లక్ష్మి, పార్వతి మొదలైనవారు",form_similar,,,,
B002693,ದೇವರ,దేవత,dēvara,dēvata,,"kn: ದೈವ ಸಮಾನವಾದ ಅಥವಾ ದೇವರಂಥ || te: సరస్వతి, లక్ష్మి, పార్వతి మొదలైనవారు",form_similar,,,,
B002694,ದೇವರು,దేవర,dēvaru,dēvara,,kn: ಸ್ವರ್ಗ ಮುಂತಾದ ಸ್ಥಳದಲ್ಲಿ ವಾಸಿಸುವ ಅಮರ ಜೀವಿಗಳು ಪೂಜನೀಯವೆಂದು ಭಾವಿಸುವರು || te: ధర్మగ్రంధం ప్రకారం సృష్టిని సృష్టించి తన అదుపాజ్ఞలలో పెట్టుకునేవాడు,form_similar,,,,
B002695,ದೋಷಾರೋಪಣೆಯ,దోషారోపణ,dōṣārōpaṇeya,dōṣārōpaṇa,,kn: ಯಾವುದರ ಮೇಲೆ ಆಕ್ಷೇಪಣೆ ಅಥವಾ ದೋಷಾರೋಪಣೆಯಿದೆಯೋ || te: ఏ ఆధారము లేకుండా తప్పును ఆరోపించడము,form_similar,,,,
B002696,ದ್ರವೀಕರಣ,ధ్రువీకరణ,dravīkaraṇa,dhruvīkaraṇa,,kn: ಆವಿಯ ದ್ರವ ರೂಪದ ಪರಿವರ್ತನೆ || te: ఏదేని పత్రము పై వ్రాసి హస్తాక్షరములు చేసే క్రియ యొక్క వాస్తవికత మరియు సత్యము.,form_similar,,,,
B002697,ದ್ರಾಕ್ಷಿ,దాక్షి,drākṣi,dākṣi,,kn: ದ್ರಾಕ್ಷೀ ಹಣ್ಣಿನಿಂದ ಮಾಡಿದ ಇಲ್ಲವೇ ದ್ರಾಕ್ಷೀ ಹಣ್ಣಿಗೆ ಸಂಬಂಧಿಸದಂತಹ || te: శివుడి యొక్క భార్య,form_similar,,,,
B002698,ದ್ರಾಕ್ಷೆ,ద్రాక్ష,drākṣe,drākṣa,,kn: ದ್ರಾಕ್ಷೆಯಿಂದ ಮಾಡಿದಂತಹ ಅಥವಾ ಒಣದ್ರಾಕ್ಷಿಯಿಂದ ಮಾಡಿದಂತಹ || te: మత్తుపదార్థాలను తయారుచేయడానికి ఉపయోగించే పళ్ళు.,form_similar,,,,
B002699,ದ್ರೋಹ,ద్రోహం,drōha,drōhaṁ,,kn: ವಿರೋಧಿ ಅಥವಾ ಶತ್ರುವಾಗುವ ಅವಸ್ಥೆ ಅಥವಾ ಭಾವನೆ || te: మంచికి వ్యతిరేక భావన.,form_similar,,,,
B002700,ದ್ವಿಜ,ద్విజం,dvija,dvijaṁ,,kn: ಹಿಂದೂಗಳ ಪ್ರಕಾರ ನಾಲ್ಕು ವರ್ಣದಲ್ಲಿ ಮೊದಲ ವರ್ಣ ಮನುಷ್ಯ || te: రెక్కల సహాయంతో ఆకాశంలో విహరించే జీవి,form_similar,,,,
B002701,ಧರ್ಮ,ధర,dharma,dhara,,"kn: ಪರಲೋಕ, ಈಶ್ವರ ಮುಂತಾದವುಗಳಿಗೆ ಸಂಬಂಧಿಸಿದಂತೆ ವಿಶೇಷವಾದ ವಿಶ್ವಾಸ ಹೊಂದಿರುವುದು ಅಥವಾ ಉಪಾಸನೆ ಮಾಡುವುದು || te: నీరు లేకుండా ఉండే ప్రదేశం",form_similar,,,,
B002702,ಧರ್ಮ-ನಿಷ್ಟ,ధర్మనిష్ఠ,dharma-niṣṭa,dharmaniṣṭha,,kn: ಧರ್ಮದ ಬಗ್ಗೆ ನಿಷ್ಠೆಯನ್ನು ಇಟ್ಟು ಕೊಂಡಿರುವಂತಹ ವ್ಯಕ್ತಿ || te: ధార్మిక పనులయందు నిష్ఠకలిగిన వాడు,form_similar,,,,
B002703,ಧರ್ಮ_ನಿಷ್ಟ,ధర్మనిష్ఠ,dharma_niṣṭa,dharmaniṣṭha,,kn: ಧರ್ಮದ ಬಗ್ಗೆ ನಿಷ್ಠೆಯನ್ನು ಇಟ್ಟು ಕೊಂಡಿರುವಂತಹ ವ್ಯಕ್ತಿ || te: ధార్మిక పనులయందు నిష్ఠకలిగిన వాడు,form_similar,,,,
B002704,ಧರ್ಮಶೀಲ,ధర్మశీలత,dharmaśīla,dharmaśīlata,,kn: ಯಾರೋ ಒಬ್ಬರು ಧರ್ಮವನ್ನು ಪಾಲಿಸುತ್ತಿರುವ ಅಥವಾ ಧರ್ಮದ ದಾರಿಯಲ್ಲಿ ನಡೆಯುವಂತಹ || te: ధర్మ బద్దమైన ప్రవర్తన కలిగి ఉండటం.,form_similar,,,,
B002705,ಧರ್ಮಿ,ధర్మ,dharmi,dharma,,kn: ಯಾರೋ ಒಬ್ಬರು ಧರ್ಮವನ್ನು ಪಾಲಿಸುತ್ತಿರುವ ಅಥವಾ ಧರ್ಮದ ದಾರಿಯಲ್ಲಿ ನಡೆಯುವಂತಹ || te: ధర్మాన్ని అనుసరించేటటువంటి,form_similar,,,,
B002706,ಧರ್ಮಿಷ್ಠ,ధర్మనిష్ఠ,dharmiṣṭha,dharmaniṣṭha,,kn: ಯಾರೋ ಒಬ್ಬರು ಧರ್ಮವನ್ನು ಪಾಲಿಸುತ್ತಿರುವ ಅಥವಾ ಧರ್ಮದ ದಾರಿಯಲ್ಲಿ ನಡೆಯುವಂತಹ || te: ధార్మిక పనులయందు నిష్ఠకలిగిన వాడు,form_similar,,,,
B002707,ಧಾತೃ,ధాత్రి,dhātr̥,dhātri,,kn: ಹಿಂದೂಗಳು ಒಬ್ಬ ದೇವನು  ಸೃಷ್ಟಿಯನ್ನು ನಿರ್ಮಿಸಿದ್ದಾರೆಂದು ನಂಬಿರುವರು || te: నీరు లేకుండా ఉండే ప్రదేశం,form_similar,,,,
B002708,ಧಾಮ,ధామం,dhāma,dhāmaṁ,,"kn: ಮನುಷ್ಯರು ವಾಸಮಾಡಲು ಕಟ್ಟಿಕೊಂಡ ಸೂರು ಅಥವಾ ಮನುಷ್ಯರು ವಾಸಮಾಡುವ ಸ್ಥಳ || te: ఎండ, వాన, చలి నుంచి కాపాడుకోవాడానికి నిర్మించుకునేది",form_similar,,,,
B002709,ಧೂಳಿ,ధూళి.,dhūḷi,dhūḷi.,,"kn: ಮಣ್ಣು, ಉಸುಕು, ಮರಳು ಮೊದಲಾದವುಗಳ ಪುಡಿ ಅದು ಪ್ರಾಯಶಃ ಪೃಥ್ವಿಯ ಮೇಲ್ಬಾಗದಲ್ಲಿ ಸಿಗುವಂತಹದ್ದು || te: మట్టి రేణువులు",form_similar,,,,
B002710,ಧೃತಿ,దృతి,dhr̥ti,dr̥ti,,kn: ಸಂಕಟ ಅಥವಾ ಕಠಿಣತೆ ಮೊದಲಾದ ಸಮಯದಲ್ಲಿ ಮನಸ್ಸಿನ ಸ್ಥಿರತೆ || te: పండ్లు మొదలగు వాటికి పైన ఉండు కవచం.,form_similar,,,,
B002711,ಧ್ಯಾನ,ధ్యాస,dhyāna,dhyāsa,,"kn: ಯಾವುದಾದರು ವಿಷಯ, ವಿಶೇಷತೆ, ಧಾರ್ಮಿಕ ವಿಷಯ ಅಥವಾ ಅಲೌಕಿಕವಾಗಿ ಸತತವಾಗಿ ಎಡೆಬಿಡದೆ ಕೆಲವು ಸಮಯದವರೆಗೆ ಆಗುವಂತಹ ಗಂಭೀರವಾದ ಮನನ ಅಥವಾ ಆಲೋಚನೆ, ಚಿಂತನೆ ಯೋಗದ ಸಾತ್ವಿಕ ಹಾಗೂ ಸಮಾಧಿಯ ಪೂರ್ವದ ಭಾಗ ಎಂದು ನಂಬಲಾಗುತ್ತದೆ || te: మనస్సు ఒక చోట ఉంచకపోవడం",form_similar,,,,
B002712,ಧ್ವನಿ,ధ్వాని,dhvani,dhvāni,,kn: ಆ ಧ್ವನಿ ಕೇಳಿಸುತ್ತಿದೆ || te: ధ్యానం చేసేవాడు,form_similar,,,,
B002713,ನಕಲಿ,నకలు,nakali,nakalu,,kn: ಮೋಸಗೊಳಿಸಲು ತಯಾರಿಸಿದ ನಿಜದ ರೂಪವನ್ನು ಹೋಲುವ ಅಥವಾ ಸತ್ಯವನ್ನು ಹೋಲುವ ಅಂತಹದ್ದೇ ಕೃತಕ ರೂಪ ಅಥವಾ ಸಂಗತಿ || te: ఏదేని వేరొక ఆకారాన్ని అనుసరించి తయారుచేయుట.,form_similar,,,,
B002714,ನಕಲು,నకలీ,nakalu,nakalī,,kn: ಪುಸ್ತಕ ಅಥವಾ ದಿನಪತ್ರಿಕೆಗಳ ಪ್ರತಿ || te: చూడడానికి పరిమితమైన,form_similar,,,,
B002715,ನಕಲು,నగలు,nakalu,nagalu,,kn: ಪುಸ್ತಕ ಅಥವಾ ದಿನಪತ್ರಿಕೆಗಳ ಪ್ರತಿ || te: వీటిని స్త్రీలు అలంకరణ కోసం ధరిస్తారు,form_similar,,,,
B002716,ನಕಲು,నూకలు,nakalu,nūkalu,,kn: ಪುಸ್ತಕ ಅಥವಾ ದಿನಪತ್ರಿಕೆಗಳ ಪ್ರತಿ || te: పగిలిన ధాన్యం,form_similar,,,,
B002717,ನಕ್ರ,నక్రం,nakra,nakraṁ,,kn: ಮೊಸಳೆಯ ಜಾತಿಗೆ ಸೇರಿದ ಒಂದು  ಜಲಪ್ರಾಣಿ || te: బల్లిజాతికి చెందిన నీటిలో వుండే క్రూరజంతువు,form_similar,,,,
B002718,ನಗದು,నగలు,nagadu,nagalu,,"kn: ಹಣ ರೂಪಾಯಿ-ಪೈಸೆ, ಮುದ್ರೆ ಅಥವಾ ದುಡ್ಡು ರೂಪಾಯಿ ಮೊದಲಾದ ರೂಪದಲ್ಲಿರುತ್ತದೆ || te: వీటిని స్త్రీలు అలంకరణ కోసం ధరిస్తారు",form_similar,,,,
B002719,ನಗರ,నగజ,nagara,nagaja,,kn: ನಗರದಲ್ಲಿ ಆಡಳಿತದ ಅನುಕೂಲಕ್ಕಾಗಿ ಇಂತಿಷ್ಟು ಮನೆಗಳನ್ನು ಆಧರಿಸಿ ಮಾಡುವ ಸಣ್ಣ ಸಣ್ಣ ಉಪ ವಿಭಾಗಗಳು || te: శివుడి యొక్క భార్య,form_similar,,,,
B002720,ನಟನೆ,నటన,naṭane,naṭana,,"kn: ಬೇರೆ ವ್ಯಕ್ತಿಗಳ ಭಾಷಣ, ಕೆಲಸ ಮುಂತಾದವುಗಳನ್ನು ಕೆಲವು ಸಮಯದವರೆಗೂ ಅನುಕರಣೆ ಮಾಡುವ ಕ್ರಿಯೆ, ಅಂದರೆ ನಾಟಕ ಮುಂತಾದವುಗಳಲ್ಲಿ ನಡೆಯುವ ಹಾಗೆ || te: నాట్యం ద్వారా చూపించబడిన ఆట",form_similar,,,,
B002721,ನಡತೆ,నడత,naḍate,naḍata,,kn: ಜೀವನದಲ್ಲಿ ಮಾಡುವಂತಹ ಆಚರಣೆ ಅಥವಾ ಕಾರ್ಯ || te: గెలుపోందుట కోసం చలకీ పూర్వకంగా పెట్టబడినటువంటి యుక్తి,form_similar,,,,
B002722,ನಡುಕ,నడక,naḍuka,naḍaka,,kn: ನಡುಗುವ ಕ್ರಿಯೆ ಅಥವಾ ಭಾವನೆ || te: మంచి అలవాట్లు కలిగి ఉండుట.,form_similar,,,,
B002723,ನಡುಕ,నడుమ,naḍuka,naḍuma,,kn: ನಡುಗುವ ಕ್ರಿಯೆ ಅಥವಾ ಭಾವನೆ || te: అటువైపు ఇటువైపు కాకుండా వుండేది,form_similar,,,,
B002724,ನಡುಕ,నౌక,naḍuka,nauka,,"kn: ನಡುಗುವ ಕ್ರಿಯೆ ಅಥವಾ ಭಾವನೆ || te: నీళ్ళలో ప్రయాణం చేస్తూ కొయ్యలను, లోహాలను సరఫరా చేసేవి",form_similar,,,,
B002725,ನಡುಗು,నడుచు,naḍugu,naḍucu,,kn: ದೇಹದ ನರಮಂಡಲ ಅದುರುವ ಸ್ಥಿತಿಗೆ ಬರುವ ಇಲ್ಲವೇ ಇರುವ ಪ್ರಕ್ರಿಯೆ || te: గతిలో వుండడం,form_similar,,,,
B002726,ನಡುಗು,నడుపు,naḍugu,naḍupu,,kn: ದೇಹದ ನರಮಂಡಲ ಅದುರುವ ಸ್ಥಿತಿಗೆ ಬರುವ ಇಲ್ಲವೇ ಇರುವ ಪ್ರಕ್ರಿಯೆ || te: చలింపచేయుట.,form_similar,,,,
B002727,ನಡುಗು,నడుము,naḍugu,naḍumu,,kn: ದೇಹದ ನರಮಂಡಲ ಅದುರುವ ಸ್ಥಿತಿಗೆ ಬರುವ ಇಲ್ಲವೇ ಇರುವ ಪ್ರಕ್ರಿಯೆ || te: శరీరంలో పొట్టకు మరియు వీపుకు మధ్య భాగం,form_similar,,,,
B002728,ನಡುಗು,నలుగు,naḍugu,nalugu,,"kn: ದೇಹದ ನರಮಂಡಲ ಅದುರುವ ಸ್ಥಿತಿಗೆ ಬರುವ ಇಲ್ಲವೇ ಇರುವ ಪ್ರಕ್ರಿಯೆ || te: శరీరంపై ఉండే నూనె జిడ్డులాంటివి, సున్నిపిండి మొదలైన మిశ్రమాలు కలిపిన వాటితో తయారుచేసినవి",form_similar,,,,
B002729,ನಡುವಯಸ್ಸು,నడివయస్సు.,naḍuvayassu,naḍivayassu.,,kn: ಯೌವನ ಮತ್ತು ಮುಪ್ಪಿನ ನಡುವಿನ ಅವಧಿ || te: యవ్వనానికి ముసలితనానికి మధ్యగల కాలం,form_similar,,,,
B002730,ನಮನ,నటన,namana,naṭana,,kn: ಸ್ವಲ್ಪ ಬಗ್ಗಿ ಕೈಗಳನ್ನು ಜೋಡಿಸಿ ಅಭಿವಾದಿಸುವ ಕ್ರಿಯೆ || te: నాట్యం ద్వారా చూపించబడిన ఆట,form_similar,,,,
B002731,ನಮನ,నమూన,namana,namūna,,kn: ಸ್ವಲ್ಪ ಬಗ್ಗಿ ಕೈಗಳನ್ನು ಜೋಡಿಸಿ ಅಭಿವಾದಿಸುವ ಕ್ರಿಯೆ || te: లోహంతో చేయబడిన పలుచని ఉపకరణం దీనితో బస్తాలోని బియ్యాన్ని మాదిరికొరకు చూపిస్తారు,form_similar,,,,
B002732,ನಮಸ್ಕರಿಸು,నమస్కరించు,namaskarisu,namaskariṁcu,,kn: ನಮಸ್ಕಾರ ಮಾಡುವಂತಹ || te: చేతులు రెండు జోడించడం,form_similar,,,,
B002733,ನಯನ,నటన,nayana,naṭana,,"kn: ಆ ಇಂದ್ರಿಯದಿಂದ ಪ್ರಾಣಿಗಳಿಗೆ ರೂಪ, ಬಣ್ಣ ಅಗಲ ಅಥವಾ ಆಕಾರದ ಬಗೆಗೆ ಅರಿವನ್ನು ನೀಡುವಂತಹ ಇಂದ್ರಿಯ || te: నాట్యం ద్వారా చూపించబడిన ఆట",form_similar,,,,
B002734,ನಯನ,నయనూ,nayana,nayanū,,"kn: ಆ ಇಂದ್ರಿಯದಿಂದ ಪ್ರಾಣಿಗಳಿಗೆ ರೂಪ, ಬಣ್ಣ ಅಗಲ ಅಥವಾ ಆಕಾರದ ಬಗೆಗೆ ಅರಿವನ್ನು ನೀಡುವಂತಹ ಇಂದ್ರಿಯ || te: ఒక రకమైన సన్నని వస్త్రం",form_similar,,,,
B002735,ನರಕ,నడక,naraka,naḍaka,,kn: ಧಾರ್ಮಿಕ ವಿಚಾರದ ಅನುಸಾರವಾಗಿ ಪಾಪಿ ಅಥವಾ ದುರಾಚಾರಿಗಳ ಆತ್ಮ ಶಿಕ್ಷೆ ಅನುಭವಿಸಲು ಭೂಮಿಗೆ ಕಳುಹಿಸಲಾಗುವುದು || te: మంచి అలవాట్లు కలిగి ఉండుట.,form_similar,,,,
B002736,ನರಳು,నరము,naraḷu,naramu,,"kn: ನೋವು, ದುಃಖ, ಸಂಕಟ ಇತ್ಯಾದಿ ಋಣಾತ್ಮಕ ಸಂವೇದನೆಗಳ ಕಾರಣದಿಂದ ಮನುಷ್ಯರು ಮತ್ತು ಉನ್ನತ ಪ್ರಾಣಿಗಳು ಬಾಯಿಯಿಂದ ಸದ್ದು ಹೊರಡಿಸುವ ಪ್ರಕ್ರಿಯೆ || te: శరీర లేదా సహజమైన అవయవాలకు సంబందించిన సమూహము",form_similar,,,,
B002737,ನವಮಿ,నవని,navami,navani,,kn: ಚಾಂದ್ರ ಮಾನಸದ ಕೃಷ್ಣ ಪಕ್ಷದ ನವಮೀ ತಿಥಿ || te: పెరుగును చిలికి తీసేది,form_similar,,,,
B002738,ನವಮೀ,నతమీ,navamī,natamī,,kn: ಚಾಂದ್ರ ಮಾನಸದ ಕೃಷ್ಣ ಪಕ್ಷದ ನವಮೀ ತಿಥಿ || te: అస్సాంలో ఉండే ఒక రకమైన చెట్టు,form_similar,,,,
B002739,ನವಾಬ,నవాబ్,navāba,navāb,,kn: ಮೊಘಲ್ ಬಾದಷಾಗಳ ಪ್ರತಿನಿಧಿಗಳು ಯಾವುದಾದರು ಪ್ರದೇಶದ ಆಡಳಿತವನ್ನು ನೋಡಿಕೊಳ್ಳುವುದಕ್ಕಾಗಿ ನಿಯೋಜಿಸಲಾಗುತ್ತಿತ್ತು || te: ఒక అధికారి ముస్లీంలకు ఆంగ్లేయులు ఇచ్చినటువంటి స్థానం,form_similar,,,,
B002740,ನವಾಬ್,నవాబు,navāb,navābu,,kn: ಒಂದು ಪಂಥದಲ್ಲಿ ಶ್ರೀಮಂತ ಮುಸಲ್ಮಮಾನರನ್ನು ಬ್ರಿಟೀಷರ ಸರ್ಕಾರಕ್ಕೆ ಪರಿಚಯ ಮಾಡಿಕೊಟ್ಟು ಮತ್ತು ಅವರ ಹೆಸರಿನ ಜತೆ ಸೇರಿಸುವರು || te: రాజ ప్రతినిధి,form_similar,,,,
B002741,ನವಿರು,నవారు,naviru,navāru,,kn: ಪ್ರಾಣಿಗಳ ಚರ್ಮದ ಮೇಲೆ ಕಾಣಬರುವ ತೆಳ್ಳನೆಯ ದಾರದಂಥ ವಸ್ತು || te: మంచం మొదలైన వాటికి అల్లే వెడల్పాటి పట్ట,form_similar,,,,
B002742,ನಾಟಕ,నాటిక,nāṭaka,nāṭika,,"kn: ರಂಗಮಂಚದಲ್ಲಿ ಪಾತ್ರಧಾರಿಗಳು ತಮ್ಮ ಹಾವ-ಭಾವ, ಮಾತು-ಸಂಗೀತಗಳ ಸಹಾಯದಿಂದ ಕಥೆಗಳನ್ನು ಹೇಳುವ ಕ್ರಿಯೆ || te: ఒక రకమైన చిన్న నటన ద్వారా చూపించేవి",form_similar,,,,
B002743,ನಾದಿನಿ,నాకిని,nādini,nākini,,"kn: ಗಂಡನ ಸಹೋದರಿ || te: సరస్వతి, లక్ష్మి, పార్వతి మొదలైనవారు",form_similar,,,,
B002744,ನಾದಿನಿ,నాగిని,nādini,nāgini,,kn: ಗಂಡನ ಸಹೋದರಿ || te: మగ సర్పం కానిది,form_similar,,,,
B002745,ನಾಯಕ,నాయిక,nāyaka,nāyika,,"kn: ಕಥೆ, ಸಹಿತ್ಯ ಮುಂತಾದವುಗಳಲ್ಲಿ ಒಬ್ಬ ಪುರುಷನ ಚರಿತ್ರೆಯು, ಯಾವುದೇ ಕಾವ್ಯ, ನಾಟಕ ಇತ್ಯಾದಿಗಳಲ್ಲಿ ಮುಖ್ಯ ರೂಪವಾಗಿ ಬಂದಿರಬಹುದು || te: నాయకుడి జోడి",form_similar,,,,
B002746,ನಾವಿಕ,నాటిక,nāvika,nāṭika,,kn: ದೋಣಿ ನಡೆಸುವ ವ್ಯಕ್ತಿ || te: ఒక రకమైన చిన్న నటన ద్వారా చూపించేవి,form_similar,,,,
B002747,ನಾವಿಕ,నాయిక,nāvika,nāyika,,kn: ದೋಣಿ ನಡೆಸುವ ವ್ಯಕ್ತಿ || te: నాయకుడి జోడి,form_similar,,,,
B002748,ನಾವಿಕ,నాసిక,nāvika,nāsika,,kn: ದೋಣಿ ನಡೆಸುವ ವ್ಯಕ್ತಿ || te: పెదవులకు పైన వుండి శ్వాస తీసుకోవడానికి ఉపయోగపడేది,form_similar,,,,
B002749,ನಿಧಿ,నిధి.,nidhi,nidhi.,,kn: ಯಾವುದೋ ಒಂದು ವಿಶೇಷ ಕೆಲಸಕ್ಕೆ ಒಟ್ಟುಗೂಡಿಸಿದ ಅಥವಾ ಕೂಡಿಹಾಕುವ ಧನ || te: గుంటలో వుండే ఖజానా,form_similar,,,,
B002750,ನಿರಪಾರವಾದ,నిరపవాద,nirapāravāda,nirapavāda,,kn: ಏನು ಹಾನಿಯಾಗದೆ ರಕ್ಷಿಸಲ್ಪಟ್ಟ ಸ್ಥಿತಿ || te: ఇందులో ఎటువంటి అపవాదు లేకుండిన,form_similar,,,,
B002751,ನಿರರ್ಥಕ,నిరర్థకం.,nirarthaka,nirarthakaṁ.,,kn: ಯೋವುದೇ ಕೆಲಸಕ್ಕೆ ಯೋಗ್ಯತೆ ಇಲ್ಲದ ಸ್ಥಿತಿ || te: ఏదైనా ఒక అవస్థ,form_similar,,,,
B002752,ನಿರರ್ಥಕ,నిరర్థకత,nirarthaka,nirarthakata,,kn: ಯೋವುದೇ ಕೆಲಸಕ್ಕೆ ಯೋಗ್ಯತೆ ಇಲ್ಲದ ಸ್ಥಿತಿ || te: అవశ్యకం లేకపోవడం,form_similar,,,,
B002753,ನಿರರ್ಥತಕ,నిరర్థకత,nirarthataka,nirarthakata,,kn: ಉಪಯೋಗದ ಕೊರೆತೆ ಇರುವುದು || te: అవశ్యకం లేకపోవడం,form_similar,,,,
B002754,ನಿರ್ಜೀವಮಯ,నిర్జీవమైన,nirjīvamaya,nirjīvamaina,,kn: ಯಾವುದು ಸತ್ತು ಹೋಗಿದೆಯೋ || te: జీవములేకపోవడం.,form_similar,,,,
B002755,ನಿರ್ಭಂದಿಸು,నిర్భందించు,nirbhaṁdisu,nirbhaṁdiṁcu,,kn: ಬಂಧನಗೊಳಿಸುವುದು ಅಥವಾ ನಿರ್ಭಂದವನ್ನು ಹೇರುವುದು || te: నలువైపులా ఆవరించంచడం,form_similar,,,,
B002756,ನಿಲುವು,నిలుచు,niluvu,nilucu,,"kn: ನಿಲ್ಲುವ, ಕೂರುವ ಇತ್ಯಾದಿ ದೇಹದ ನಿಲುವಿಗೆ ಸಂಬಂಧಿಸಿದ ಸ್ಥಿತಿ || te: స్థిరముగా",form_similar,,,,
B002757,ನಿಲುವು,నిలుపు,niluvu,nilupu,,"kn: ನಿಲ್ಲುವ, ಕೂರುವ ಇತ್ಯಾದಿ ದೇಹದ ನಿಲುವಿಗೆ ಸಂಬಂಧಿಸಿದ ಸ್ಥಿತಿ || te: మాట్లాడుతూ మాట్లాదుతూ ఆగి విరామం ఇవ్వడం.",form_similar,,,,
B002758,ನಿಲುವು,నిలువ,niluvu,niluva,,"kn: ನಿಲ್ಲುವ, ಕೂರುವ ಇತ್ಯಾದಿ ದೇಹದ ನಿಲುವಿಗೆ ಸಂಬಂಧಿಸಿದ ಸ್ಥಿತಿ || te: చెల్లింపు తరువాత ఉన్నటువంటిది.",form_similar,,,,
B002759,ನಿವಾಸ,నివాసి,nivāsa,nivāsi,,kn: ವಾಸಮಾಡುವ ಕ್ರಿಯೆ || te: ఒక  ప్రదేశంలో నివసించే వ్యక్తి.,form_similar,,,,
B002760,ನಿವಾಸಿ,నివాస,nivāsi,nivāsa,,kn: ಹಕ್ಕು ಸೌಲಭ್ಯಗಳನ್ನು ಪಡೆಯಲು ಮುಖ್ಯವಾಗಿ ಒಂದು ನಿರ್ಧಿಷ್ಟ ಅವಧಿಯವರೆಗೆ ಒಂದು ಪ್ರದೇಶದಲ್ಲಿ ವಾಸವಾಗಿರುವುದು || te: నివాసయోగ్యమైన,form_similar,,,,
B002761,ನಿಶಾದಿ,నిశాని,niśādi,niśāni,,kn: ಆ ಸಮಯ ದಿನದ ಅಂತ್ಯ ಮತ್ತು ರಾತ್ರಿಯ ಆರಂಭವಾಗಿರುತ್ತದೆ || te: ఏదైన వస్తువు అని తెలియచేయుటకు ఉపయోగపడేది.,form_similar,,,,
B002762,ನಿಶಾನೆ,నిశాని,niśāne,niśāni,,"kn: ತನ್ನಷ್ಟಕ್ಕೆ ತಾನೆಯಾದ ಅಥವಾ ಯಾವುದೇ ವಸ್ತುವಿನ ಸಂಪರ್ಕ, ಸಂಘರ್ಷ ಅಥವಾ ಒತ್ತಡದಿಂದ ಮೂಡುವ ಅಥವಾ ಮಾಡಿದ ಗುರುತು || te: ఏదైన వస్తువు అని తెలియచేయుటకు ఉపయోగపడేది.",form_similar,,,,
B002763,ನಿಸ್ಸಂತಾನ,నిస్సంతానము,nissaṁtāna,nissaṁtānamu,,kn: ಬಂಜೆಯಾಗಿರುವ ಸ್ಥಿತಿ || te: సంతానములేని,form_similar,,,,
B002764,ನುಸುಳು,నుసుగు,nusuḷu,nusugu,,kn: ಅಧಿಕಾರ ಅಥವಾ ಆಹ್ವಾನವಿಲ್ಲದೆಯೆ ಎಲ್ಲೆಂದರಲ್ಲಿ ಹೊಗುವುದು || te: తిరస్కరించడం,form_similar,,,,
B002765,ನೆನಪು,నెనరు,nenapu,nenaru,,"kn: ಆಗಿಹೋದದ್ದನ್ನು ಮನಸ್ಸಿಗೆ ತಂದುಕೊಳ್ಳುವುದು || te: ఒక మనిషి దుఖః, భాధలో ఉన్నప్పుడు మరో మనిషి చూపించేది",form_similar,,,,
B002766,ನೆನಸು,నెనరు,nenasu,nenaru,,"kn: ನೆನಸುವ ಕೆಲಸವನ್ನು ಇನ್ನೊಬ್ಬರಿಂದ ಮಾಡಿಸುವ ಪ್ರಕ್ರಿಯೆ || te: ఒక మనిషి దుఖః, భాధలో ఉన్నప్పుడు మరో మనిషి చూపించేది",form_similar,,,,
B002767,ನೆಲಸು,నెలకు,nelasu,nelaku,,kn: ಎಲ್ಲೋ ಒಂದು ಕಡೆ ಆಶ್ರಯ ಪಡೆಯುವ ಪ್ರಕ್ರಿಯೆ || te: నెలకొకసారిజరిగే,form_similar,,,,
B002768,ನೆಹರು,నెనరు,neharu,nenaru,,"kn: ಭಾರತದ ಮೊದಲ ಪ್ರಧಾನಮಂತ್ರಿ || te: ఒక మనిషి దుఖః, భాధలో ఉన్నప్పుడు మరో మనిషి చూపించేది",form_similar,,,,
B002769,ನೇಪಾಲಿ,నేపాలు,nēpāli,nēpālu,,kn: ನೇಪಾಲದಲ್ಲಿ ವಾಸಮಾಡುವ ವ್ಯಕ್ತಿ || te: భారతదేశానికి ఉత్తరాన హిమాలయాలపై ఉన్న ఒకచిన్న హిందూదేశం.,form_similar,,,,
B002770,ನೇಪಾಲಿ,నేపాల్.,nēpāli,nēpāl.,,kn: ನೇಪಾಲದಲ್ಲಿ ವಾಸಮಾಡುವ ವ್ಯಕ್ತಿ || te: భారతదేశానికి ఉత్తరాన హిమాలయాలపై ఉన్న ఒకచిన్న హిందూదేశం.,form_similar,,,,
B002771,ನ್ಯಾಯ-ಶಾಸ್ತ್ರ,న్యాయశాస్త్రం,nyāya-śāstra,nyāyaśāstraṁ,,kn: ಹಲವಾರು ವ್ಯಕ್ತಿಗಳಲ್ಲಿ ಒಬ್ಬ ವ್ಯಕ್ತಿ ಅಥವಾ ಶಾಸ್ತ್ರದಲ್ಲಿ ಯಾವುದೇ ವಸ್ತುಗಳ ಯಥಾರ್ಥ ಜ್ಞಾನ ಪಡಿಯಲು ಮತ ಅಥವಾ ವಿಚಾರಗಳ ಸರಿಯಾಗಿ ವಿವೇಚನೆ ಮಾಡಬೇಕು || te: ధర్మాన్ని అనుసరించి తప్పులను తెలిపే శాస్త్రం.,form_similar,,,,
B002772,ಪಂಚ,పంచర్,paṁca,paṁcar,,"kn: ಯಾವುದಾದರೂ ಜಗಳ, ವ್ಯಾಜ್ಯ ಇತ್ಯಾದಿಗಳನ್ನು ತೀರ್ಮಾನಿಸಲು ನಿರ್ಮಿಸಿರುವ ಆಯ್ದ ಜನಗಳ ಗುಂಪು || te: టయర్‍లో గాలి నిల్వకుండా ఉండే స్థితి",form_similar,,,,
B002773,ಪಂಚವರ್ಷಿಕ,పంచవర్షీయ,paṁcavarṣika,paṁcavarṣīya,,kn: ಪಂಚ ವರ್ಷಿಕ ಅಥವಾ ಪಂಚ ವರ್ಷಿಕಕ್ಕೆ ಸಂಬಂಧಿಸಿದ || te: ప్రతి 5 సంవత్సరములకు ఒకసారి జరుగు,form_similar,,,,
B002774,ಪಂಜಾಬ್,పంజా,paṁjāb,paṁjā,,kn: ಭಾರತದ ಒಂದು ರಾಜ್ಯ ಅದು ಪಾಕಿಸ್ತಾನದೊಂದಿಗೆ ಹೊಂದಿಕೊಂಡಿದೆ || te: కౄరమృగాల హస్తం,form_similar,,,,
B002775,ಪಕೋಡ,పకోడి,pakōḍa,pakōḍi,,"kn: ಆಲೂಗೆಡ್ಡೆ, ಈರುಳ್ಳಿ, ಮೊದಲಾದ ತರಕಾರಿಯನ್ನು  ಕಡಲೆ ಹಿಟ್ಟಿನಲ್ಲಿ ಕಲಿಸಿ ಎಣ್ಣೆ ಅಥವಾ ತುಪ್ಪದಲ್ಲಿ ಕರಿದು ಮಾಡಿದ ತಿಂಡಿ || te: శనగపిండితో తయారుచేసిన ఒక వంటకం",form_similar,,,,
B002776,ಪಕ್ಕ,పక్క.,pakka,pakka.,,kn: ತುಂಬಾ ಕಡಿಮೆ ದೂರವನ್ನು ಗುರುತಿಸುವುದು ಅಥವಾ ತನ್ನ ಬಳಿಯೇ ಇರುವುದನ್ನು ಸೂಚಿಸುವುದು || te: నిద్రించుటకు ఉపయోగించే సామగ్రి,form_similar,,,,
B002777,ಪಕ್ಕ,ప్రక్క,pakka,prakka,,kn: ತುಂಬಾ ಕಡಿಮೆ ದೂರವನ್ನು ಗುರುತಿಸುವುದು ಅಥವಾ ತನ್ನ ಬಳಿಯೇ ಇರುವುದನ್ನು ಸೂಚಿಸುವುದು || te: శరీరములో లేద వస్తువుకు ఎడమ లేద కుడి బాగం.,form_similar,,,,
B002778,ಪಕ್ಕಾ,పక్కా.,pakkā,pakkā.,,"kn: ಪೂರಾ ಚೊಕ್ಕಟವಾಗಿರುವ ಅಥವಾ ಪೂರ್ತಿ ಒಂದೇ ವಿಷಯದಲ್ಲಿ ನುರಿತಿರುವಿಕೆ ಅಥವಾ ಪಕ್ವವಾಗಿರುವಿಕೆ || te: దూది, గడ్డితో నిండిన మందంగా, మెత్తగా పడుకోవడానికి అనువైనది",form_similar,,,,
B002779,ಪಟಕ,పడక,paṭaka,paḍaka,,kn: ಬಿಳ್ಳಿಯ ಬಣ್ಣದ ಒಂದು ಖನಿಜ ಪದಾರ್ಥ ಅದನ್ನು ಪ್ರಾಯಶಃ ಔಷಧಿಯ ರೂಪದಲ್ಲಿ ಉಪಯೋಗಿಸಲಾಗುತ್ತದೆ || te: నాలుగు కాళ్ళు వుండి పడుకొవడానికి ఉపయోగపడేది,form_similar,,,,
B002780,ಪಟಕ,పరక,paṭaka,paraka,,kn: ಬಿಳ್ಳಿಯ ಬಣ್ಣದ ಒಂದು ಖನಿಜ ಪದಾರ್ಥ ಅದನ್ನು ಪ್ರಾಯಶಃ ಔಷಧಿಯ ರೂಪದಲ್ಲಿ ಉಪಯೋಗಿಸಲಾಗುತ್ತದೆ || te: నేలను శుభ్రం చేసి మూల కూర్చొనేది,form_similar,,,,
B002781,ಪಟಕ,పలక,paṭaka,palaka,,kn: ಬಿಳ್ಳಿಯ ಬಣ್ಣದ ಒಂದು ಖನಿಜ ಪದಾರ್ಥ ಅದನ್ನು ಪ್ರಾಯಶಃ ಔಷಧಿಯ ರೂಪದಲ್ಲಿ ಉಪಯೋಗಿಸಲಾಗುತ್ತದೆ || te: పిల్లలు బలపంతో రాయడానికి ఉపయోగపడేది,form_similar,,,,
B002782,ಪಟ್ಟಿ,పట్టి.,paṭṭi,paṭṭi.,,kn: ಗಾಯದ ಮೇಲೆ ಕಟ್ಟುವಂತಹ ಪಟ್ಟಿ || te: కత్తిరించిన వస్త్రం అది ప్యాంట్‍కు మొదలైన వాటికి లోపలపెట్టి కుట్టేది,form_similar,,,,
B002783,ಪಟ್ಟು,పట్టు.,paṭṭu,paṭṭu.,,kn: ಪ್ರತ್ಯೇಯದ ತರಹದ ಒಂದು ಶಬ್ಧ ಅದು ಯಾವುದಾದರು ಸಂಖ್ಯೆಯ ಅಂತ್ಯದಲ್ಲಿ ಅದೇ ತರಹದ ಮತ್ತು ಅದೇ ಸೂಚಿತವಾಗಿರುತ್ತದೆ || te: ఒక_సన్నని_నూలు_వస్త్రం.,form_similar,,,,
B002784,ಪಡುವ,పడవ,paḍuva,paḍava,,kn: ಸೂರ್ಯನು ಮುಳುಗುವ ದಿಕ್ಕು ಅಥವಾ ಪೂರ್ವದ ಎದುರಿನ ದಿಕ್ಕು || te: సముద్రంలో ప్రయాణించడానికి ఉపయోగపడేది,form_similar,,,,
B002785,ಪದಕ,పడక,padaka,paḍaka,,"kn: ಯಾವುದಾದರೂ ಸಂದರ್ಭ ಮುಂತಾದವುಗಳಲ್ಲಿ ಜ್ಞಾಪಕಾರ್ಥವಾಗಿ ಟಂಕಿಸಿದ ಹಾಗೂ ಪ್ರವೀಣ್ಯ, ಪಂಡಿತ್ಯ, ಸಲ್ಲಿಸಿದ ಸೇವೆ. ಮುಂತಾದವುಗಳಿಗೆ ಸೈನಿಕ, ವಿದ್ವಾಂಸ, ಕ್ರೀಡಾಪಟು ಮುಂತಾದವರಿಗೆ ಕೊಡುವ ಲೇಖ ಮತ್ತು ಚಿತ್ರಗಳನ್ನುಳ್ಳಗೊಂಡ ನಾಣ್ಯದಾಕಾರದ ಲೋಹದ ಬಿಲ್ಲೆ || te: నాలుగు కాళ్ళు వుండి పడుకొవడానికి ఉపయోగపడేది",form_similar,,,,
B002786,ಪದಕ,పదవ,padaka,padava,,"kn: ಯಾವುದಾದರೂ ಸಂದರ್ಭ ಮುಂತಾದವುಗಳಲ್ಲಿ ಜ್ಞಾಪಕಾರ್ಥವಾಗಿ ಟಂಕಿಸಿದ ಹಾಗೂ ಪ್ರವೀಣ್ಯ, ಪಂಡಿತ್ಯ, ಸಲ್ಲಿಸಿದ ಸೇವೆ. ಮುಂತಾದವುಗಳಿಗೆ ಸೈನಿಕ, ವಿದ್ವಾಂಸ, ಕ್ರೀಡಾಪಟು ಮುಂತಾದವರಿಗೆ ಕೊಡುವ ಲೇಖ ಮತ್ತು ಚಿತ್ರಗಳನ್ನುಳ್ಳಗೊಂಡ ನಾಣ್ಯದಾಕಾರದ ಲೋಹದ ಬಿಲ್ಲೆ || te: తొమ్మిదవ స్థానం తర్వాత వచ్చే స్థానం",form_similar,,,,
B002787,ಪದಕ,పరక,padaka,paraka,,"kn: ಯಾವುದಾದರೂ ಸಂದರ್ಭ ಮುಂತಾದವುಗಳಲ್ಲಿ ಜ್ಞಾಪಕಾರ್ಥವಾಗಿ ಟಂಕಿಸಿದ ಹಾಗೂ ಪ್ರವೀಣ್ಯ, ಪಂಡಿತ್ಯ, ಸಲ್ಲಿಸಿದ ಸೇವೆ. ಮುಂತಾದವುಗಳಿಗೆ ಸೈನಿಕ, ವಿದ್ವಾಂಸ, ಕ್ರೀಡಾಪಟು ಮುಂತಾದವರಿಗೆ ಕೊಡುವ ಲೇಖ ಮತ್ತು ಚಿತ್ರಗಳನ್ನುಳ್ಳಗೊಂಡ ನಾಣ್ಯದಾಕಾರದ ಲೋಹದ ಬಿಲ್ಲೆ || te: నేలను శుభ్రం చేసి మూల కూర్చొనేది",form_similar,,,,
B002788,ಪದಕ,పలక,padaka,palaka,,"kn: ಯಾವುದಾದರೂ ಸಂದರ್ಭ ಮುಂತಾದವುಗಳಲ್ಲಿ ಜ್ಞಾಪಕಾರ್ಥವಾಗಿ ಟಂಕಿಸಿದ ಹಾಗೂ ಪ್ರವೀಣ್ಯ, ಪಂಡಿತ್ಯ, ಸಲ್ಲಿಸಿದ ಸೇವೆ. ಮುಂತಾದವುಗಳಿಗೆ ಸೈನಿಕ, ವಿದ್ವಾಂಸ, ಕ್ರೀಡಾಪಟು ಮುಂತಾದವರಿಗೆ ಕೊಡುವ ಲೇಖ ಮತ್ತು ಚಿತ್ರಗಳನ್ನುಳ್ಳಗೊಂಡ ನಾಣ್ಯದಾಕಾರದ ಲೋಹದ ಬಿಲ್ಲೆ || te: పిల్లలు బలపంతో రాయడానికి ఉపయోగపడేది",form_similar,,,,
B002789,ಪದರ,పదవ,padara,padava,,kn: ಪದರ ಭಾಗದಲ್ಲಿ ಸೇರಿಕೊಂಡಿರುವ ಯಾವುದಾದರು ವಸ್ತುವಿನ ಬೇರೆಯದಾದ ಪದರ ಅಥವಾ ಪೃಷ್ಠ || te: తొమ్మిదవ స్థానం తర్వాత వచ్చే స్థానం,form_similar,,,,
B002790,ಪದರು,పసరు,padaru,pasaru,,"kn: ಬಟ್ಟೆ,ಚಾಪೆ ಮುಂತಾದವುಗಳನ್ನು ಮಡಿಚಿಡುವುದು || te: ఆకులు, పూలు, పండ్లు మొదలైనవాటిలో ఉండి పిండితే వచ్చునది.",form_similar,,,,
B002791,ಪದರು,పొదరు,padaru,podaru,,"kn: ಬಟ್ಟೆ,ಚಾಪೆ ಮುಂತಾದವುಗಳನ್ನು ಮಡಿಚಿಡುವುದು || te: చిన్న- చిన్న చెట్ల సమూహం",form_similar,,,,
B002792,ಪದವಿ,పదవ,padavi,padava,,"kn: ವೃತ್ತಿಯ ಸ್ವರೂಪವನ್ನು, ಅದರ ಕಾರ್ಯವನ್ನು ಗುರುತಿಸುವ ಶಬ್ದ || te: తొమ్మిదవ స్థానం తర్వాత వచ్చే స్థానం",form_similar,,,,
B002793,ಪದವಿ,పెదవి,padavi,pedavi,,"kn: ವೃತ್ತಿಯ ಸ್ವರೂಪವನ್ನು, ಅದರ ಕಾರ್ಯವನ್ನು ಗುರುತಿಸುವ ಶಬ್ದ || te: మాట్లాడుతున్నప్పుడు నోటికి బయట కదిలే అవయవం",form_similar,,,,
B002794,ಪದ್ಯ,పద్యం,padya,padyaṁ,,"kn: ಭಾಷೆಯೊಂದರ ಮೂಲಕ ಭಾವನೆ ವಸ್ತು, ವಿಷಯ ಇತ್ಯಾದಿಗಳ ಕಲಾತ್ಮಕ ಅಭಿವ್ಯಕ್ತಿ || te: నాలుగు చరణములు గల పాదాలు",form_similar,,,,
B002795,ಪರಚು,పరుచు,paracu,parucu,,kn: ಶರೀರದಲ್ಲಿರುವ ಗಾಯವು ವಾಸಿಯಾದ ನಂತರ ಕೆರೆಯಲ್ಪಡುವ ಪ್ರಕ್ರಿಯೆ || te: ఏదైన మాట లేక పని వలన మానము మరియు ప్రతిష్ఠ తగ్గిపోవుట లేదా ఆత్మాభిమానాన్ని చిన్నబుచ్చు,form_similar,,,,
B002796,ಪರಚು,పఱచు,paracu,paṟacu,,kn: ಶರೀರದಲ್ಲಿರುವ ಗಾಯವು ವಾಸಿಯಾದ ನಂತರ ಕೆರೆಯಲ್ಪಡುವ ಪ್ರಕ್ರಿಯೆ || te: కూర్చోవడానికి నేలమీద చాపను వేయడం.,form_similar,,,,
B002797,ಪರಮ,పరక,parama,paraka,,"kn: ಸಹೃದಯಿ, ಧರ್ಮಿ ಮತ್ತು ಯಾವಾಗಲೂ ಬೇರೆಯರಿಗೆ ಸಹಾಯಮಾಡುವಂತಹ ವ್ಯಕ್ತಿ || te: నేలను శుభ్రం చేసి మూల కూర్చొనేది",form_similar,,,,
B002798,ಪರಮ,పరద,parama,parada,,"kn: ಸಹೃದಯಿ, ಧರ್ಮಿ ಮತ್ತು ಯಾವಾಗಲೂ ಬೇರೆಯರಿಗೆ ಸಹಾಯಮಾಡುವಂತಹ ವ್ಯಕ್ತಿ || te: చీర, మొదలైన వాటితో తల నుండి ముఖాన్ని కనిపించకుండా వేసుకొనేది",form_similar,,,,
B002799,ಪರಮಾರ್ಥ,పరమార్థం.,paramārtha,paramārthaṁ.,,"kn: ಸಹೃದಯಿ, ಧರ್ಮಿ ಮತ್ತು ಯಾವಾಗಲೂ ಬೇರೆಯರಿಗೆ ಸಹಾಯಮಾಡುವಂತಹ ವ್ಯಕ್ತಿ || te: ఒక వస్తువును వాడుకలోనికి తీసుకురావడం.",form_similar,,,,
B002800,ಪರರ,పరక,parara,paraka,,kn: ಹೊರಗಿನವರಿಗೆ ಸಂಬಂದಿಸಿದ್ದು || te: నేలను శుభ్రం చేసి మూల కూర్చొనేది,form_similar,,,,
B002801,ಪರರ,పరద,parara,parada,,"kn: ಹೊರಗಿನವರಿಗೆ ಸಂಬಂದಿಸಿದ್ದು || te: చీర, మొదలైన వాటితో తల నుండి ముఖాన్ని కనిపించకుండా వేసుకొనేది",form_similar,,,,
B002802,ಪರರು,పరచు,pararu,paracu,,kn: ತನ್ನ ಕುಟುಂಬ ಅಥವಾ ಸಮಾಜದಿಂದ ದೂರ ಉಳಿದಿರುವ || te: ఏదేని వస్తువులను పడుకోవడానికి అనుకూలంగా వేసుకోవడం,form_similar,,,,
B002803,ಪರರು,పసరు,pararu,pasaru,,"kn: ತನ್ನ ಕುಟುಂಬ ಅಥವಾ ಸಮಾಜದಿಂದ ದೂರ ಉಳಿದಿರುವ || te: ఆకులు, పూలు, పండ్లు మొదలైనవాటిలో ఉండి పిండితే వచ్చునది.",form_similar,,,,
B002804,ಪರಶು,పరచు,paraśu,paracu,,kn: ಮರ ಮೊದಲಾದವುಗಳನ್ನು ಕಡಿಯುವ ಸಾಧನ || te: ఏదేని వస్తువులను పడుకోవడానికి అనుకూలంగా వేసుకోవడం,form_similar,,,,
B002805,ಪರಾತು,పరాకు,parātu,parāku,,kn: ದೊಡ್ಡ ಪರಾತ ಅಥವಾ ತಟ್ಟೆಯಲ್ಲಿ ಮೀಠಾಯಿಯನ್ನು ತೆಗೆದುಕೊಂದು ತಿರುಗಾಡುತ್ತಾ ಮಾರುವರು || te: భావనలో నిమగ్నమైన స్థితి లేక భావన,form_similar,,,,
B002806,ಪರಾತು,పరాలు,parātu,parālu,,kn: ದೊಡ್ಡ ಪರಾತ ಅಥವಾ ತಟ್ಟೆಯಲ್ಲಿ ಮೀಠಾಯಿಯನ್ನು ತೆಗೆದುಕೊಂದು ತಿರುಗಾಡುತ್ತಾ ಮಾರುವರು || te: భర్త యొక్క పెద్ద అన్నయ్య భార్య,form_similar,,,,
B002807,ಪರಿಶೋಧಕ,పరిశోధన.,pariśōdhaka,pariśōdhana.,,"kn: ಯಾವುದೇ ಹೊಸ ವಸ್ತು, ಸಂಗತಿಯನ್ನು ಸಂಶೋಧನೆಯ ಮೂಲಕ ಬೆಳಕಿಗೆ ತಂದವ || te: తర్క- వితర్కములను నిశ్చితము చేయు క్రియ",form_similar,,,,
B002808,ಪರಿಶೋಧಿಸು,పరిశోధించు,pariśōdhisu,pariśōdhiṁcu,,"kn: ಯಾವುದಾದರು ವಸ್ತು, ವ್ಯಕ್ತಿ ಮೊದಲಾದವುಗಳು ಇಂಥ ಕೆಲಸಕ್ಕೆ ಯೋಗ್ಯವೋ ಇಲ್ಲವೋ ಎಂದು ಪರೀಕ್ಷಿಸುವುದು || te: మాటల్లోపెట్టి లేదా ఏదో ఒక విధంగా ఎదుటి వారి బలాబలాను ముందుగా తెలుసుకోవడం",form_similar,,,,
B002809,ಪರೋಪಕಾರ,పరోపకారము,parōpakāra,parōpakāramu,,kn: ಬೇರೆಯವರಿಗೆ ಮಾಡುವ ಉಪಕಾರ ಅಥವಾ ನೆರವು || te: ఇతరులకు మంచిని చేసే కార్యము లేక భావము,form_similar,,,,
B002810,ಪಸರ,పసరు,pasara,pasaru,,"kn: ಮಾನವನಿಂದ ನಿರ್ಮಿತವಾದ ಆ ಜಾಗದಲ್ಲಿ ಮಾರಾಟಮಾಡುವಂತಹ ವಸ್ತುಗಳು ಇರುತ್ತದೆ ಮತ್ತು ಮಾರಾಟಮಾಡಲಾಗುತ್ತದೆ ಅಥವಾ ಹಣವನ್ನು ಪಡೆದು ಯಾವುದಾದರು ಕೆಲವನ್ನು ಮಾಡಲಾಗುತ್ತದೆ || te: ఆకులు, పూలు, పండ్లు మొదలైనవాటిలో ఉండి పిండితే వచ్చునది.",form_similar,,,,
B002811,ಪಸರ,పెసర,pasara,pesara,,kn: ಮಾನವನಿಂದ ನಿರ್ಮಿತವಾದ ಆ ಜಾಗದಲ್ಲಿ ಮಾರಾಟಮಾಡುವಂತಹ ವಸ್ತುಗಳು ಇರುತ್ತದೆ ಮತ್ತು ಮಾರಾಟಮಾಡಲಾಗುತ್ತದೆ ಅಥವಾ ಹಣವನ್ನು ಪಡೆದು ಯಾವುದಾದರು ಕೆಲವನ್ನು ಮಾಡಲಾಗುತ್ತದೆ || te: పసుపు రంగులో చిన్నగా వుండే పప్పు దినుసులు,form_similar,,,,
B002812,ಪಸಲು,పగలు,pasalu,pagalu,,kn: ಭೂಮಿಯಲ್ಲಿ ಬೆಳೆಯುವ ಬೆಳೆಯ ಒಟ್ಟು ರೂಪ || te: సూర్యుడు ఉదయించిన దగ్గర నుండి అస్తమించేంత వరకు ఉండే సమయం,form_similar,,,,
B002813,ಪಸಲು,పవలు,pasalu,pavalu,,kn: ಭೂಮಿಯಲ್ಲಿ ಬೆಳೆಯುವ ಬೆಳೆಯ ಒಟ್ಟು ರೂಪ || te: సూర్యుడు ఉదయించిన దగ్గర నుండి అస్తమించేంత వరకు ఉండే సమయం,form_similar,,,,
B002814,ಪಸಲು,పసను,pasalu,pasanu,,kn: ಭೂಮಿಯಲ್ಲಿ ಬೆಳೆಯುವ ಬೆಳೆಯ ಒಟ್ಟು ರೂಪ || te: ఒక వస్తువు యొక్క గుణము కళ్ళ ద్వారా తెలియునది.,form_similar,,,,
B002815,ಪಸಲು,పసరు,pasalu,pasaru,,"kn: ಭೂಮಿಯಲ್ಲಿ ಬೆಳೆಯುವ ಬೆಳೆಯ ಒಟ್ಟು ರೂಪ || te: ఆకులు, పూలు, పండ్లు మొదలైనవాటిలో ఉండి పిండితే వచ్చునది.",form_similar,,,,
B002816,ಪಾಂಡು,పాండు.,pāṁḍu,pāṁḍu.,,"kn: ಪ್ರಾಚೀನ ಕಾಲದ ಒಬ್ಬ ರಾಜ || te: కొంత ఎరుపు, కొంత పసుపు రంగుకలిగిన రంగు",form_similar,,,,
B002817,ಪಾಠನ್,పాఠం,pāṭhan,pāṭhaṁ,,"kn: ಪಾಠನ ಜಾತಿಗೆ ಸೇರಿದ ವ್ಯಕ್ತಿ || te: గ్రంధం, పుస్తకం మొదలైన వాటిలో అంశాన్ని చర్చించే అంకం",form_similar,,,,
B002818,ಪಾತಳಿ,పాతాళి,pātaḷi,pātāḷi,,kn: ಪದರ ಭಾಗದಲ್ಲಿ ಸೇರಿಕೊಂಡಿರುವ ಯಾವುದಾದರು ವಸ್ತುವಿನ ಬೇರೆಯದಾದ ಪದರ ಅಥವಾ ಪೃಷ್ಠ || te: జలార్లు చేపలను పట్టుకొవడానికి ఉపయోగించేది,form_similar,,,,
B002819,ಪಾತಾಳ,పాతాళి,pātāḷa,pātāḷi,,kn: ಪುರಾಣದ ಅನುಸಾರ ಪೃಥ್ವಿಯ ಕೆಳಗೆ ಏಳು ಲೋಕದಲ್ಲಿ ತುಂಬಾ ಕೆಳಗಿರುವ ಏಳನೇ ಲೋಕ || te: జలార్లు చేపలను పట్టుకొవడానికి ఉపయోగించేది,form_similar,,,,
B002820,ಪಾತಾಳಲೋಕ,పాతాళలోకం.,pātāḷalōka,pātāḷalōkaṁ.,,kn: ಪುರಾಣದ ಅನುಸಾರ ಪೃಥ್ವಿಯ ಕೆಳಗೆ ಏಳು ಲೋಕದಲ್ಲಿ ತುಂಬಾ ಕೆಳಗಿರುವ ಏಳನೇ ಲೋಕ || te: భూమికి అత్యంత అడుగున వుండే భూమి,form_similar,,,,
B002821,ಪಾತ್ರ,పాత్ర.,pātra,pātra.,,"kn: ನಾಟಕ, ಸಿನಿಮಾ ಇತ್ಯಾದಿಯಲ್ಲಿ ಬರುವ ಪಾತ್ರ || te: ఏదేని అంకిత దృశ్యము, సంఘటన మొదలగువాటి యొక్క ఆధారము.",form_similar,,,,
B002822,ಪಾಪೋಸು,పాపోడు,pāpōsu,pāpōḍu,,kn: ಸುರಕ್ಷತೆಯ ದೃಷ್ಟಿಯಿಂದ ಪಾದಗಳಿಗೆ ಹಾಕಿಕೊಳ್ಳುವಂತಹ ಚರ್ಮ ಮತ್ತು ಮೊದಲಾದವುಗಳಿಂದ ಮಾಡಿರುವಂತಹ ವಸ್ತು ಅದು ಪೂರ್ತಿಯಾಗಿ ಬೆರಳುಗಳನ್ನು ಸಹ ರಕ್ಷಿಸುತ್ತದೆ || te: ఇప్పుడు లేక కొద్ది సమయం ముందు పుట్టినటువంటి.,form_similar,,,,
B002823,ಪಾರಿತೋಷಕ,పారితోషకము,pāritōṣaka,pāritōṣakamu,,kn: ಯಾವುದೋ ಕೆಲಸಕ್ಕೆ ನೀಡುವ ಸನ್ಮಾನ ಪೂರ್ವಕವಾಗಿ ನೀಡುವ ಧನ ಅಥವಾ ದ್ರವ್ಯ || te: ఉద్యోగమునుండి విరమించిన తరువాత ఇచ్చు ధనము.,form_similar,,,,
B002824,ಪಾರ್ಥ,పార్థీ,pārtha,pārthī,,kn: ಪಾಂಡುವಿನ ಮಧ್ಯದ ಮಗ || te: పార్ధకు చెందిన,form_similar,,,,
B002825,ಪಾಲಕ,పలక,pālaka,palaka,,"kn: ಯಾರನ್ನಾದರೂ ಬೆಳೆಸಿ, ಸಾಕುವವನು || te: పిల్లలు బలపంతో రాయడానికి ఉపయోగపడేది",form_similar,,,,
B002826,ಪಾಲಕ,పాలన,pālaka,pālana,,"kn: ಯಾರನ್ನಾದರೂ ಬೆಳೆಸಿ, ಸಾಕುವವನು || te: రాజ్యంలోని అన్ని కార్యాలను ఏర్పాటు చేసి నిర్వహించుట.",form_similar,,,,
B002827,ಪಾಲಕ,పిలక,pālaka,pilaka,,"kn: ಯಾರನ್ನಾದರೂ ಬೆಳೆಸಿ, ಸಾಕುವವನು || te: విత్తనం వేస్తే వచ్చేది",form_similar,,,,
B002828,ಪಾಲನೆ,పాలన,pālane,pālana,,kn: ಯಾರೋ ಒಬ್ಬರ ಹಿಂದೆ ಹಿಂದೆ ನಡೆಯುವ ಕ್ರಿಯೆ || te: రాజ్యంలోని అన్ని కార్యాలను ఏర్పాటు చేసి నిర్వహించుట.,form_similar,,,,
B002829,ಪಿಶಾಚ,పిశాచి,piśāca,piśāci,,"kn: ಧರ್ಮ-ಗ್ರಂಥದಲ್ಲಿ ಆದರೀಣಿಯವಾದ ಆ ದುಷ್ಟ ಸ್ವರೂಪ ಧರ್ಮ ವಿರೋಧಿಯಾದ ಕಾರ್ಯವನ್ನು ಮಾಡುತ್ತದೆ ಹಾಗೂ ದೇವತೆಗಳು, ಋಷಿಗಳು ಮೊದಲಾದವರುಗಳ ಶತ್ರು || te: చచ్చిపోయి పీడించేవి",form_similar,,,,
B002830,ಪೀಚಲು,పీతలు,pīcalu,pītalu,,"kn: ತೆಳ್ಳಕೆ ಮತ್ತು ಸಣ್ಣಕಿರುವ ಮೈಯಿ ಅಥವಾ ವ್ಯಕ್ತಿಯ ಶರೀರ || te: నీళ్ళలో నివసించే చిన్న జంతువు ఎనిమిది కాళ్ళు, రెండుచేతులు వుండేది",form_similar,,,,
B002831,ಪೀಡಕ,పడక,pīḍaka,paḍaka,,kn: ಸದಾ ಕಷ್ಟಕೊಡುವ ಅಥವಾ ಉಪದ್ರವ ಕೊಡುವ ವ್ಯಕ್ತಿ || te: నాలుగు కాళ్ళు వుండి పడుకొవడానికి ఉపయోగపడేది,form_similar,,,,
B002832,ಪೀಡಕ,పిడక,pīḍaka,piḍaka,,kn: ಸದಾ ಕಷ್ಟಕೊಡುವ ಅಥವಾ ಉಪದ್ರವ ಕೊಡುವ ವ್ಯಕ್ತಿ || te: ఆవు పేడతో చేసింది వంట చెరుకుగా ఉపయోగపడుతుంది,form_similar,,,,
B002833,ಪೀಡಕ,పుడక,pīḍaka,puḍaka,,kn: ಸದಾ ಕಷ್ಟಕೊಡುವ ಅಥವಾ ಉಪದ್ರವ ಕೊಡುವ ವ್ಯಕ್ತಿ || te: ముక్కుకు పెట్టుకునే ఆభరణం,form_similar,,,,
B002834,ಪುನರಾವೃತ್ತಿ,పునరావృతం,punarāvr̥tti,punarāvr̥taṁ,,kn: ಮತ್ತೆ-ಮತ್ತೆ ಯಾವುದಾದರೂ ಕೆಲಸದ ಅಥವಾ ಶಬ್ದದ ಬಳಕೆ || te: చెప్పినదానిని మరలా చెప్పడం,form_similar,,,,
B002835,ಪುರಾತತ್ತ್ವಶಾಸ್ತ್ರದ,పురాతత్వశాస్త్రము,purātattvaśāstrada,purātatvaśāstramu,,kn: ಪ್ರಾಕ್ತನಶಾಸ್ತ್ರದ ಅಥವಾ ಪುರಾತತ್ತ್ವ ಶಾಸ್ತ್ರಕ್ಕೆ ಸಂಬಂಧಿಸಿದ || te: ఒక విద్య ఇందులో ప్రాచీన కాలపు మరియు ముఖ్యముగా చారిత్రాత్మక వస్తువుల ఆధారముగా ప్రాచీన అజ్ఞాత ఇతిహాసమును తెలుపునది.,form_similar,,,,
B002836,ಪುರಾತತ್ವಶಾಸ್ತ್ರಜ್ಞ,పురాతత్వశాస్త్రము,purātatvaśāstrajña,purātatvaśāstramu,,kn: ಪುರಾತತ್ವ ವಿಜ್ಞಾನದ ತಜ್ಞ || te: ఒక విద్య ఇందులో ప్రాచీన కాలపు మరియు ముఖ్యముగా చారిత్రాత్మక వస్తువుల ఆధారముగా ప్రాచీన అజ్ఞాత ఇతిహాసమును తెలుపునది.,form_similar,,,,
B002837,ಪುಲೋಮಿ,పులోమా,pulōmi,pulōmā,,kn: ದೇವರಾಜ ಇಂದ್ರನ ಹೆಂಡತಿ || te: భృగు ఋషి యొక్క భార్య,form_similar,,,,
B002838,ಪುಳಕ,పుడక,puḷaka,puḍaka,,"kn: ಮೈಮೇಲಿನ ರೋಮಗಳು ಎದ್ದು ನಿಲ್ಲುವಂತಹ ಪ್ರತಿಕ್ರಿಯೆಯನ್ನು ಕೊಡುವಂತಹ ಸಂತೋಷ, ಆಶ್ಚರ್ಯ ಮತ್ತು ದಿಗ್ಭ್ರಮೆ ಬೆರೆತ ಮನಸ್ಥಿತಿ || te: ముక్కుకు పెట్టుకునే ఆభరణం",form_similar,,,,
B002839,ಪೂರಕ,పరక,pūraka,paraka,,kn: ಯಾರೋ ಒಬ್ಬರ ಜತೆ ಸೇರಿ ಅದನ್ನು ಪೂರ್ಣ ಸ್ವರೂಪಕ್ಕೆ ತರುವ || te: నేలను శుభ్రం చేసి మూల కూర్చొనేది,form_similar,,,,
B002840,ಪೂರ್ವ,పూర్వం,pūrva,pūrvaṁ,,kn: ಸೂರ್ಯ ಉದಯಿಸುವ ದಿಕ್ಕು/ಪೂರ್ವ ದಿಕ್ಕಿನಲ್ಲಿ ಸೂರ್ಯ ಉದಯವಾಗುತ್ತದೆ || te: జరిగిపోయిన కాలం.,form_similar,,,,
B002841,ಪೆಂಡಿ,పెండ్లి,peṁḍi,peṁḍli,,kn: ಹುಲ್ಲಿನ ಚಿಕ್ಕದಾದ ಕಟ್ಟು || te: మత సిద్ధాంతాలనుసరించి లేదా చట్టపరంగా సమాజం సాక్షిగా స్త్రీ_పురుషులను భార్యాభర్తలుగా నిర్ణయించడానికి చేసే వేడుక.,form_similar,,,,
B002842,ಪೆಟ್ಟು,పెట్టు.,peṭṭu,peṭṭu.,,kn: ಯಾವುದೇ ವಸ್ತು ಅಥವಾ ಸಂಗತಿಯಿಂದ ದೇಹಕ್ಕೆ ಅಥವಾ ಮನಸ್ಸಿಗೆ ನೋವಾಗುವಂತೆ ಪರಿಣಾಮ ಬೀರುವುದು || te: తడి వస్తువు యొక్క ముద్దను అంటించడం.,form_similar,,,,
B002843,ಪೆದ್ದ,పెద్ద.,pedda,pedda.,,kn: ಯಾರು ಎಷ್ಟೇ ತಿಳುವಳಿಕೆ ಹೇಳಿದರು ಕೇಳದೆ ಇರುವರೋ ಮತ್ತು ಮೂರ್ಖ ಕೆಲಸವನ್ನು ಮಾಡುತ್ತಿರುವರೋ || te: స్త్రీ సైన్యానికి లేక సమాజానికి అధిపతిరాలుగా ఉండుట,form_similar,,,,
B002844,ಪೆರಚು,పరచు,peracu,paracu,,kn: ಶರೀರ ಅಥವಾ ಶರೀದ ಯಾವುದಾದರು ಅಂಗದಲ್ಲಿ ತುರಿಕೆಯಾಗು || te: ఏదేని వస్తువులను పడుకోవడానికి అనుకూలంగా వేసుకోవడం,form_similar,,,,
B002845,ಪೆರಚು,పెరడు,peracu,peraḍu,,kn: ಶರೀರ ಅಥವಾ ಶರೀದ ಯಾವುದಾದರು ಅಂಗದಲ್ಲಿ ತುರಿಕೆಯಾಗು || te: ఒక స్థానము ఇది ఇంటికి వెనుకలవైపు ఉంటుంది,form_similar,,,,
B002846,ಪೊದರು,పొగరు,podaru,pogaru,,kn: ಕಾಡಿನೊಳಗಿನ ಚಿಕ್ಕ ಚಿಕ್ಕ ಗಿಡ ಗಂಟೆಗಳ ಸಮೂಹ || te: నేనే గొప్పవాడనే భావం,form_similar,,,,
B002847,ಪೊಲೀಸು,పొలుసు,polīsu,polusu,,kn: ಸಾರ್ವಜನಿಕರಿಗೆ ಭದ್ರತೆ ಒದಗಿಸಲು ಸರಕಾರದಿಂದ ನೇಮಿಸಲ್ಪಟ್ಟ ನೌಕರ || te: శాఖహారం కాని ఆహారం,form_similar,,,,
B002848,ಪೊಲೀಸ್_ಸ್ಟೇಷನ್,పోలీస్‍స్టేషన్,polīs_sṭēṣan,pōlīssṭēṣan,,kn: ಆ ಜಾಗದಲ್ಲಿ ಪೊಲೀಸರ ಕೆಲವು ಸಿಪಾಯಿಗಳು ಮತ್ತು ಅವರ ವರಿಷ್ಠ ಅಧಿಕಾರಿಗಳು ಸ್ಥಿರವಾದ ರೂಪದಲ್ಲಿ ಕೆಲಸವನ್ನು ಮಾಡುವ ಮತ್ತು ಅಲ್ಲಿಂದ ಅಕ್ಕ-ಪಕ್ಕದ ಜಾಗಗಳ ರಚನೆ/ವ್ಯವಸ್ಥೆಯಾಗುವುದು || te: నేరస్తులను ఖైదీలుగా వుంచే స్థలం,form_similar,,,,
B002849,ಪೋಕಿನ,పోయిన,pōkina,pōyina,,kn: ಯಾರಿಗೆ ಯಾವುದಾದರು ಮಾತಿನ ಲಾಲಸೆ ಅಥವಾ ಒಲವಿದಿಯೋ || te: గడిచిపోయిన సమయం.,form_similar,,,,
B002850,ಪೋಷಕ,పోషణ,pōṣaka,pōṣaṇa,,"kn: ಯಾರನ್ನಾದರೂ ಬೆಳೆಸಿ, ಸಾಕುವವನು || te: శక్తి నివ్వడం",form_similar,,,,
B002851,ಪೌಂಡು,పండు,pauṁḍu,paṁḍu,,kn: ಅರ್ಧ ಸೇರಿಗೆ ಸರಿಸಮಾನವಾದ ಅಳತೆ || te: తినడానికి చెట్ల నుండి లభించేది,form_similar,,,,
B002852,ಪೌಂಡು,పుండు,pauṁḍu,puṁḍu,,kn: ಅರ್ಧ ಸೇರಿಗೆ ಸರಿಸಮಾನವಾದ ಅಳತೆ || te: గట్టి వస్తువుతో కొట్టడంవలన అయ్యేది,form_similar,,,,
B002853,ಪ್ರತಿ,ప్రత్తి,prati,pratti,,kn: ಹಲವಾರಿನಲ್ಲಿ ಪ್ರತಿ ಒಂದೂ || te: గింజలతో కూడిన పింజ,form_similar,,,,
B002854,ಪ್ರತಿಪಕ್ಷ,ప్రతిపక్షం.,pratipakṣa,pratipakṣaṁ.,,kn: ವಿರೋಧ ಸ್ಥಾನದಲ್ಲಿರುವ ಪಕ್ಷ || te: అధికారం తక్కువ లేక లేకుండుట,form_similar,,,,
B002855,ಪ್ರತಿಪಕ್ಷ,ప్రతిపక్షీయ,pratipakṣa,pratipakṣīya,,kn: ವಿರೋಧ ಸ್ಥಾನದಲ್ಲಿರುವ ಪಕ್ಷ || te: విరోధం కలిగిన వైపు.,form_similar,,,,
B002856,ಪ್ರತಿಬಿಂಬ,ప్రతి_బింబం,pratibiṁba,prati_biṁbaṁ,,"kn: ನೀರು, ಕನ್ನಡಿ ಮುಂತಾದ ಪ್ರತಿಬಿಂಬಕ ಹೊಳಪುಳ್ಳ ವಸ್ತುಗಳಲ್ಲಿ ಕಾಣುವ ವ್ಯಕ್ತಿ ಅಥವಾ ವಸ್ತುಗಳ ತದ್ ರೂಪ || te: ఆకారం,గుణం,విధానం మొదలైన అన్నింటిలోనూ సమానంగా ఉండటం.",form_similar,,,,
B002857,ಪ್ರತಿಯುತ್ತರ,ప్రత్యుత్తరం,pratiyuttara,pratyuttaraṁ,,"kn: ಯಾವುದೇ ಮಾತು, ಕಾರ್ಯ ಇತ್ಯಾದಿಗಳ ಬದಲಾಗಿ ಬೇರೆ ಮಾತು ಕಾರ್ಯ ಮಾಡುವುದು || te: ప్రశ్నకు సరైన పరిణామం వెతకుట.",form_similar,,,,
B002858,ಪ್ರತಿರೋಧ,ప్రతిరోధం.,pratirōdha,pratirōdhaṁ.,,"kn: ಯಾವುದೇ ವಿಷಯದ ಬಗೆಗೆ ಅಸಮ್ಮತಿ ಸೂಚಿಸಿ ಅದನ್ನು ವಿರೋದಿಸುವುದು || te: లెక్కచేయక, ఎదురుతిరిగే పద్ధతి",form_similar,,,,
B002859,ಪ್ರತಿಷ್ಟಾನ,ప్రతిష్టాపన,pratiṣṭāna,pratiṣṭāpana,,"kn: ಸಾಹಿತ್ಯ, ಧರ್ಮ, ಶಿಕ್ಷಣ ಮುಂತಾದವುಗಳ ಉನ್ನತಿಗಾಗಿ ಸ್ಥಾಪಿತಗೊಂಡ ಒಂದು ಸಮೂಹದ ವ್ಯವಸ್ಥೆ || te: దేవతా విగ్రహాలను మంత్రపూర్వకంగా స్థాపించడం లేదా శాశ్వతంగా నిలపడం",form_similar,,,,
B002860,ಪ್ರಭಾವಶೀಲ,ప్రభావహీన,prabhāvaśīla,prabhāvahīna,,kn: ಯಾರೋ ಒಬ್ಬರ ಜರ್ಬು ಅಥವಾ ಪ್ರಭಾವ ಬಿರುವ || te: ప్రభావం లేని,form_similar,,,,
B002861,ಪ್ರಭು,ప్రభ,prabhu,prabha,,kn: ಯಾವುದೇ ದೇಶದ ಪ್ರಧಾನ ಶಾಸಕ ಮತ್ತು ಸ್ವಾಮಿ || te: శివుడి యొక్క భార్య,form_similar,,,,
B002862,ಪ್ರಭೆ,ప్రభ,prabhe,prabha,,kn: ಆ ಶಕ್ತಿ ಅಥವಾ ತತ್ವದ ಯೋಗದಿಂದ ವಸ್ತು ಇತ್ಯಾದಿಗಳ ರೂಪ ಕಣ್ಣಿಗೆ ಕಾಣಿಸುವುದು || te: శివుడి యొక్క భార్య,form_similar,,,,
B002863,ಪ್ರಾಜ್ಞ,ప్రజ్ఞ,prājña,prajña,,kn: ತುಂಬಾ ಬುದ್ಧಿವಂತಿಕೆ ಇರುವವ || te: మెదడు పదునుగా పని చేయడం,form_similar,,,,
B002864,ಪ್ರಾಣಿ,పారాణి,prāṇi,pārāṇi,,"kn: ಸಸ್ತನಿ, ಮೀನು, ಹಕ್ಕಿಗಳಲ್ಲದ ಮನುಷ್ಯೇತರ ಜೀವಿ || te: సౌభాగ్యవతులైన స్త్రీల పాదాలకు రాసే కుంకుమతో కూడిన అలంకరణ",form_similar,,,,
B002865,ಪ್ರಾಸ,పేరాస,prāsa,pērāsa,,kn: ಪದ್ಯದ ಅಂತಿಮ ಅಕ್ಷರದ ಧ್ವನಿ ಸಂಬಂಧ ಏಕತೆ ಅಥವಾ ಮಿಲನ/ಪದ್ಯದ ನಿಯತಸ್ಥಳಗಳಲ್ಲಿ ಬರುವ ನಿಯತಾಕ್ಷರ || te: ఎక్కువ ఆశ కల్గివుండటం,form_similar,,,,
B002866,ಫಲ,ఫలం,phala,phalaṁ,,kn: ಯಾವುದೇ ಕಾಯಿಯ ಮಾಗಿದ ರೂಪ ಅಥವಾ ಬೀಜವು ತನ್ನ ವಂಶೋತ್ಪತ್ತಿ ಮಾಡುವಷ್ಟು ಸಶಕ್ತವಾದಾಗ ಅದನ್ನು ಸುತ್ತಿಕೊಂಡ ತೊಗಟೆಯ ಭಾಗ ಮೆತ್ತಗಾಗುವ ಕಾಯಿ || te: ఒక వస్తువును వాడుకలోనికి తీసుకురావడం.,form_similar,,,,
B002867,ಫ್ರಾಂಸ್,ఫ్రాన్స్,phrāṁs,phrāns,,kn: ಫ್ರಾಂಸ್ ಗೆ ಸಂಬಂಧಿಸಿದ ಅಥವಾ ಫ್ರಾಂಸ್ ನ || te: పశ్చిమ యూరప్‍లో ఉండే ఒక దేశం,form_similar,,,,
B002868,ಫ್ರೇಮ್,ఫ్రేము,phrēm,phrēmu,,"kn: ಚಿತ್ರ ಅಥವಾ ಪೋಟೋಗಳಿಗೆ ಅದರ ಸುತ್ತಲೂ ಕಟ್ಟುವ ಕಟ್ಟು || te: పటం, కళ్ళజోడులోని అద్దం సరిగా ఉండడానికి ఆధారం",form_similar,,,,
B002869,ಬಜಾರು,బజారి,bajāru,bajāri,,kn: ಆ ಜಾಗ ವಿವಿಧ ತರಹದ ಸಕರುಗಳನ್ನು ಮಾರುವ ಸ್ಥಳ || te: ఎక్కువగా మాట్లాడువారు.,form_similar,,,,
B002870,ಬಜಾರು,బేజారు,bajāru,bējāru,,kn: ಆ ಜಾಗ ವಿವಿಧ ತರಹದ ಸಕರುಗಳನ್ನು ಮಾರುವ ಸ್ಥಳ || te: మనస్సు కలతగా ఉండుట.,form_similar,,,,
B002871,ಬಜಾರ್,బజారి,bajār,bajāri,,kn: ಆ ಜಾಗ ವಿವಿಧ ತರಹದ ಸಕರುಗಳನ್ನು ಮಾರುವ ಸ್ಥಳ || te: ఎక్కువగా మాట్లాడువారు.,form_similar,,,,
B002872,ಬಟನು,బటన్,baṭanu,baṭan,,kn: ಬಟ್ಟೆಗಳಿಗೆ ಹಾಕುವ ಒಂದು ಪ್ರಕಾರದ ವಸ್ತು || te: చొక్కాకు ఉండే గుండ్రని వస్తువు.,form_similar,,,,
B002873,ಬಡಾಯಿ,బకాయి,baḍāyi,bakāyi,,kn: ತನ್ನನ್ನು ತಾನೇ ಹೊಗಳಿಕೊಳ್ಳುವ ಕ್ರಿಯೆ || te: ఇతరుల దగ్గర తీసుకొను డబ్బు.,form_similar,,,,
B002874,ಬಡಿಗೆ,బడితె,baḍige,baḍite,,kn: ಲೋಹ ಅಥವಾ ದೊಣ್ಣೆ ಉದ್ದವಾಗಿದ್ದು  ಮತ್ತು ಸ್ವಲ್ಪ ದುಂಡಾಗಿ ಕಾಣುವ ದೊಡ್ಡ ತುಂಡು || te: ఉపాధ్యాయులు విద్యార్థులను దండించడానికి ఉపయోగించే కర్ర,form_similar,,,,
B002875,ಬಡಿತ,బడితె,baḍita,baḍite,,kn: ಹೊಡೆಯುವ ಕ್ರಿಯೆ || te: ఉపాధ్యాయులు విద్యార్థులను దండించడానికి ఉపయోగించే కర్ర,form_similar,,,,
B002876,ಬದಲಿ,బదిలి,badali,badili,,kn: ಮುಂದಿರುವ ಹಲವಾರು ಮಾರ್ಗಗಳಲ್ಲಿ ಸೂಕ್ತವಾದುದನ್ನು ಆರಿಸಿಕೊಳ್ಳುವುದು || te: ఒక వ్యక్తి యొక్క ఆస్తి ఇతరులకు ప్రాప్తించడం,form_similar,,,,
B002877,ಬದುಕು,బరుకు,baduku,baruku,,kn: ವ್ಯಕ್ತಿಯೊಬ್ಬ ತನ್ನ ಹುಟ್ಟುಸಾವಿನ ನಡುವಿನ ಕಾಲಾವಧಿಯಲ್ಲಿ ಸಮಾಜದೊಳಗೆ ಇರುವ ಪ್ರಕ್ರಿಯೆ || te: మలిన వస్తువును లేదా వస్తువుపైన ఉన్న మలినాన్ని వేరుచేయడం,form_similar,,,,
B002878,ಬದುವು,బటువు,baduvu,baṭuvu,,kn: ನೀರು ಹರಿಸುವದನ್ನು ತಡೆಗಟ್ಟಲು ಮಾಡಿರುವ ಸೀಮೆ ಅಥವಾ ಬಾಂದು || te: చేతి వ్రేళ్లకు ధరించే ఆభరణాలు,form_similar,,,,
B002879,ಬದುವು,బరువు,baduvu,baruvu,,kn: ನೀರು ಹರಿಸುವದನ್ನು ತಡೆಗಟ್ಟಲು ಮಾಡಿರುವ ಸೀಮೆ ಅಥವಾ ಬಾಂದು || te: మోత,form_similar,,,,
B002880,ಬದುವು,బలువు,baduvu,baluvu,,kn: ನೀರು ಹರಿಸುವದನ್ನು ತಡೆಗಟ್ಟಲು ಮಾಡಿರುವ ಸೀಮೆ ಅಥವಾ ಬಾಂದು || te: బలిష్టంగా తయారవటం,form_similar,,,,
B002881,ಬಯಸಿ,బయటి,bayasi,bayaṭi,,kn: ನಮ್ಮ ಇಚ್ಚೆ || te: బాహ్య సంబంధమైనవి,form_similar,,,,
B002882,ಬರುವ,బరువు,baruva,baruvu,,kn: ಮುಂಬರಲಿರುವ ದಿನಗಳನ್ನು ಸೂಚಿಸುವುದು || te: మోత,form_similar,,,,
B002883,ಬರ್ಫ,బర్ఫి,barpha,barphi,,"kn: ಮೆಷೀನು ಮೊದಲಾದ ಕೃತಕ ಉಪಕರಣದ ಉಪಯೋಗದಿಂದ ಅಥವಾ ಪ್ರಾಕೃತಿಕವಾದ ರೂಪದಲ್ಲಿ ಒಂದು ಕಡೆ ಘನೀಕರಿಸಿರುವ ನೀರು || te: పాలు, పండ్ల రసాలతో చేసే ఒక రకమైన మిఠాయి",form_similar,,,,
B002884,ಬರ್ಫ,బర్ఫీ,barpha,barphī,,kn: ಮೆಷೀನು ಮೊದಲಾದ ಕೃತಕ ಉಪಕರಣದ ಉಪಯೋಗದಿಂದ ಅಥವಾ ಪ್ರಾಕೃತಿಕವಾದ ರೂಪದಲ್ಲಿ ಒಂದು ಕಡೆ ಘನೀಕರಿಸಿರುವ ನೀರು || te: ఒక రకమైన మిఠాయి చక్కెర కొబ్బరి కలిపి వుండేది,form_similar,,,,
B002885,ಬರ್ಫ್,బర్ఫి,barph,barphi,,"kn: ಆವಿಯ ಅಣುಗಳ ಪದರುಗಳು ವಾತಾವರಣ ಶೀತಲತೆ ಕಾರಣ ಮತ್ತು ಅದು ಮೇಲಿನಿಂದ ಕೆಳಗೆ ಬೀಳುತ್ತದೆ || te: పాలు, పండ్ల రసాలతో చేసే ఒక రకమైన మిఠాయి",form_similar,,,,
B002886,ಬರ್ಫ್,బర్ఫీ,barph,barphī,,kn: ಆವಿಯ ಅಣುಗಳ ಪದರುಗಳು ವಾತಾವರಣ ಶೀತಲತೆ ಕಾರಣ ಮತ್ತು ಅದು ಮೇಲಿನಿಂದ ಕೆಳಗೆ ಬೀಳುತ್ತದೆ || te: ఒక రకమైన మిఠాయి చక్కెర కొబ్బరి కలిపి వుండేది,form_similar,,,,
B002887,ಬಳುಕು,బతుకు,baḷuku,batuku,,kn: ಅಭಿಮಾನಪೂರ್ವಕವಾಗಿ ನೀವು ಒಯ್ಯಾರವನ್ನು ತೋರಿಸುವ ಕ್ರಿಯೆ ಅಥವಾ ಭಾವ || te: జీవించి ఉండటానికి ఆవశ్యకమైన భావన,form_similar,,,,
B002888,ಬಳುಕು,బరుకు,baḷuku,baruku,,kn: ಅಭಿಮಾನಪೂರ್ವಕವಾಗಿ ನೀವು ಒಯ್ಯಾರವನ್ನು ತೋರಿಸುವ ಕ್ರಿಯೆ ಅಥವಾ ಭಾವ || te: మలిన వస్తువును లేదా వస్తువుపైన ఉన్న మలినాన్ని వేరుచేయడం,form_similar,,,,
B002889,ಬಸ್ಸು,బస్సు.,bassu,bassu.,,kn: ಪ್ರಯಾಣಿಕರನ್ನು ಒಂದು ಸ್ಥಾನದಿಂದ ಇನ್ನೊಂದು ಸ್ಥಾನಕ್ಕೆ ಕರೆದುಕೊಂಡು ಹೋಗುವ ದೊಡ್ಡ ಆಕಾರದ ಮೋಟಾರು ಗಾಡಿ || te: వస్తువులు లేక మనుషులను ఒకచోటి నుండి ఇంకోచోటికి చేరవేసే వాహనం,form_similar,,,,
B002890,ಬಾಂಬು,బాంబు.,bāṁbu,bāṁbu.,,kn: ಯಾರೋ ಒಬ್ಬರನ್ನು ಸಾಯಿಸಲು ಅವರ ಮೇಲೆ ಸ್ಪೋಟಕ ವಸ್ತುಗಳನ್ನು ಎಸೆದು ಅವರನ್ನು ಕೊಲ್ಲುವುದು || te: విపరీత ఘటనలకు దారితీసే వేడి వస్తువు.,form_similar,,,,
B002891,ಬಾಜಾರು,బేజారు,bājāru,bējāru,,"kn: ಯಾವುದಾದರು ನಿಶ್ಚಯಿಸಿದ ಸಮಯ, ತಿಥಿ, ವಾರ ಅಥವಾ ಸಂದರ್ಭದಲ್ಲಿ ಮಳಿಗೆ ತೆಗೆಯುವ ಕ್ರಿಯೆ || te: మనస్సు కలతగా ఉండుట.",form_similar,,,,
B002892,ಬಾಡದ,బెడద,bāḍada,beḍada,,kn: ಯಾವುದು ಬಾಡಿಲ್ಲವೋ ಅಥವಾ ಕೊಳೆತ್ತಿಲ್ಲವೋ || te: నిందనీయమైన మాటలు,form_similar,,,,
B002893,ಬಾಡಿದ,బూడిద,bāḍida,būḍida,,"kn: ಮುಖದಲ್ಲಿ ಬೇಸರ, ನಿರುತ್ಸಾಹ, ದಣಿವು ಕಾಂತಿಹೀನತೆಯನ್ನು ತೋರುವ ಭಾವ || te: ఏదైనా ఒక వస్తువు కాలిపోయిన తరువాత చివరకు మిగిలేది.",form_similar,,,,
B002894,ಬಾದ್ಷಾ,బాదుషా,bādṣā,bāduṣā,,kn: ಮೊಗಲ್ ರಾಜ || te: మైదాతో చేసే ఒక తియ్యని పదార్ధం,form_similar,,,,
B002895,ಬಾದ್ಷಾ,బాద్‍షా.,bādṣā,bādṣā.,,kn: ಮೊಗಲ್ ರಾಜ || te: రాజు చిత్రం కలిగిన పేకముక్క,form_similar,,,,
B002896,ಬಾಪೂಜಿ,బాపూజీ,bāpūji,bāpūjī,,kn: ಭಾರತದ ರಾಷ್ಟ್ರಪಿತಾರವರು ಭಾರತವನ್ನು ಸ್ವತಂತ್ರಗೊಳಿಸುವುದಕ್ಕಾಗಿ ಮಹತ್ವಪೂರ್ಣವಾದ ಪಾತ್ರವನ್ನು ವಹಿಸಿದ್ದಾರೆ || te: పిల్లవాడి తండ్రి,form_similar,,,,
B002897,ಬಾಬರ್,బార్బర్,bābar,bārbar,,kn: ಮೊಗಲ ಶಾಸಕ ಬಾಬರ್ ಅಥವಾ ಅದಕ್ಕೆ ಸಂಬಂಧಿಸಿದ || te: క్షవరం చేసే వారు,form_similar,,,,
B002898,ಬಾರದ,బురద,bārada,burada,,"kn: ಯಾವುದೇ ವಸ್ತು ಸಂಗತಿಯು ಪ್ರಾಪ್ತವಾಗದೇ ಇರುವುದು ಅಥವಾ ಸಿಗದೇ ಇರುವುದು || te: నీటిలో కలిసిఉన్న ధూళి, దుమ్ము, మట్టి మొదలైనవి",form_similar,,,,
B002899,ಬಾಲಕ,బాలిక,bālaka,bālika,,"kn: ಕಡಿಮೆ ವಯಸ್ಸಿನ ಪುರುಷ, ವಿಶೇಷಕರವಾಗಿ ಅವಿವಾಹಿತ || te: చిన్న వయస్సులో ఉన్న అమ్మాయిలు",form_similar,,,,
B002900,ಬಾಲಿಶ,బాలిక,bāliśa,bālika,,kn: ಮಕ್ಕಳ ಹಾಗೆ || te: చిన్న వయస్సులో ఉన్న అమ్మాయిలు,form_similar,,,,
B002901,ಬಾಲಿಷ,బాలిక,bāliṣa,bālika,,kn: ಚಿಕ್ಕ ಮಕ್ಕಳ ಸ್ವಭಾವಕ್ಕನುಗುಣವಾದ || te: చిన్న వయస్సులో ఉన్న అమ్మాయిలు,form_similar,,,,
B002902,ಬಿಂಕ,బింకం,biṁka,biṁkaṁ,,kn: ಸುಳ್ಳು-ಸುಳ್ಳೇ ಏನನ್ನಾದರೂ ಬೇಡವೆನ್ನುವ ಅಥವಾ ತನ್ನ ನಾಜೂಕುತನವನ್ನು ತೋರಿಸುವಂಥ ಸ್ತ್ರೀಯರ ವೈಯಾರಗಳು || te: నేనే గొప్పవాడనే భావం,form_similar,,,,
B002903,ಬಿಕರಿ,బికారి,bikari,bikāri,,kn: ದುಡ್ಡು ಅಥವಾ ಹಣವನ್ನು ತೆಗೆದುಕೊಂಡು ಸಾಮಾನನ್ನು ಕೊಡುವ ಕ್ರಿಯೆ || te: డబ్బులేని వాడు,form_similar,,,,
B002904,ಬಿಡಾರ,బిడారు,biḍāra,biḍāru,,kn: ಯಾವುದೋ ಒಂದು ವಿಶೇಷ ಕೆಲಸಕ್ಕಾಗಿ ಕೆಲವರು ಒಟ್ಟಾಗಿ ಅಥವಾ ಒಂದಾಗಿ ಅಥವಾ ಒಂದೇ ಸ್ಥಳದಲ್ಲಿ ಇರುವರು || te: ప్రాణులు నివసించు ప్రదేశం.,form_similar,,,,
B002905,ಬಿಡುವು,బిగువు,biḍuvu,biguvu,,kn: ಯಾವುದಾದರೂ ಕೆಲಸ ಕಾರ್ಯಗಳನ್ನು ಮಾಡುವ ನಿರ್ದಿಷ್ಠ ಸಮಯ || te: బిగిసే క్రియ లేక భావము,form_similar,,,,
B002906,ಬಿಡುಸು,బిరుసు,biḍusu,birusu,,kn: ಬಂಧನ ಅಥವಾ ಗೊಂದಲದಿಂದ ಹೊರಗೆ ಬರುವ ಪ್ರಕ್ರಿಯೆ || te: నేనే గొప్పవాడనే భావం,form_similar,,,,
B002907,ಬಿದುರು,బెదురు,biduru,beduru,,"kn: ನೆಟ್ಟಗೆ ಉದ್ದವಾಗಿ, ಮೆಳೆಯಾಗಿ ಬೆಳೆಯುವ ಸಸ್ಯ ಮತ್ತು ಅದನ್ನು ದೊಡ್ಡ ಬುಟ್ಟಿ, ಮಕ್ಕರಿಗಳನ್ನು ಮಾಡಲು ಬಳಸುತ್ತಾರೆ || te: జరగబోవు కీడు తెలిసినప్పుడు మనస్సులో కలిగే భావన.",form_similar,,,,
B002908,ಬಿರುಕು,బరుకు,biruku,baruku,,kn: ಚಟ್ ಚಟ್ ಸಪ್ಪಳ ಮಾಡುತ್ತ ಮುರಿಯುವ ಅಥವಾ ಬಿರುಕುಬಿಡುವ ಕ್ರಿಯೆ || te: మలిన వస్తువును లేదా వస్తువుపైన ఉన్న మలినాన్ని వేరుచేయడం,form_similar,,,,
B002909,ಬಿರುಕು,బిరుదు,biruku,birudu,,kn: ಚಟ್ ಚಟ್ ಸಪ್ಪಳ ಮಾಡುತ್ತ ಮುರಿಯುವ ಅಥವಾ ಬಿರುಕುಬಿಡುವ ಕ್ರಿಯೆ || te: గౌరవాన్ని సూచించుటకు ఉపయోగించు శబ్ధం. దీనిని ఏదో ఒక పేరుతో పిలవబడుతుంది.,form_similar,,,,
B002910,ಬಿರುಕು,బిరుసు,biruku,birusu,,kn: ಚಟ್ ಚಟ್ ಸಪ್ಪಳ ಮಾಡುತ್ತ ಮುರಿಯುವ ಅಥವಾ ಬಿರುಕುಬಿಡುವ ಕ್ರಿಯೆ || te: నేనే గొప్పవాడనే భావం,form_similar,,,,
B002911,ಬಿರುದು,బిరుసు,birudu,birusu,,kn: ಖ್ಯಾತರಾಗುವ ಸ್ಥಿತಿ ಅಥವಾ ಭಾವನೆ || te: నేనే గొప్పవాడనే భావం,form_similar,,,,
B002912,ಬಿರುಸು,బిరుదు,birusu,birudu,,kn: ಕಠಿಣತೆಯನ್ನು ಹೊಂದುವ ಅವಸ್ಥೆ ಅಥವಾ ಭಾವ || te: గౌరవాన్ని సూచించుటకు ఉపయోగించు శబ్ధం. దీనిని ఏదో ఒక పేరుతో పిలవబడుతుంది.,form_similar,,,,
B002913,ಬಿಲ್ಲು,బిల్లు.,billu,billu.,,"kn: ಬಿದಿರು ಅಥವಾ ಲೋಹದ ಕಡ್ಡಿಯನ್ನು ಸ್ವಲ್ಪ ಬಗ್ಗಿಸಿ ಅದರ ಎರಡು ತುದಿಗೆ ದಾರವನ್ನು ಕಟ್ಟಿ ಮಾಡಿರುವ ಒಂದು ಅಸ್ತ್ರ, ಅದರಿಂದ ಬಾಣವನ್ನು ಬಿಡುವರು || te: ఏదేని ఒక విషయాన్ని చట్టం ముందు ప్రవేశపెట్టే పద్ధతి లేక రసీదులాంటిది.",form_similar,,,,
B002914,ಬಿಹಾರಿ,బికారి,bihāri,bikāri,,kn: ಬಿಹಾರ ರಾಜ್ಯದಲ್ಲಿ ವಾಸ ಮಾಡುವ ವ್ಯಕ್ತಿ || te: డబ్బులేని వాడు,form_similar,,,,
B002915,ಬುಡದ,బుడగ,buḍada,buḍaga,,kn: ತಳದ ಅಥವಾ ಕೆಳಭಾಗಕ್ಕೆ ಸಂಬಂಧವನ್ನು ಹೊಂದಿರುವಂತಹ || te: గోళాకృతిలో ఉండి లోపల గాలితో నిండి ఉన్న నీటి బుడ్డ,form_similar,,,,
B002916,ಬುಡದ,బుడప,buḍada,buḍapa,,kn: ತಳದ ಅಥವಾ ಕೆಳಭಾಗಕ್ಕೆ ಸಂಬಂಧವನ್ನು ಹೊಂದಿರುವಂತಹ || te: శరీరంలో మాంసము ఒక చోట చేరి గడ్డవలె ఏర్పడినది,form_similar,,,,
B002917,ಬುಡದ,బురద,buḍada,burada,,"kn: ತಳದ ಅಥವಾ ಕೆಳಭಾಗಕ್ಕೆ ಸಂಬಂಧವನ್ನು ಹೊಂದಿರುವಂತಹ || te: నీటిలో కలిసిఉన్న ధూళి, దుమ్ము, మట్టి మొదలైనవి",form_similar,,,,
B002918,ಬುಡದ,బెడద,buḍada,beḍada,,kn: ತಳದ ಅಥವಾ ಕೆಳಭಾಗಕ್ಕೆ ಸಂಬಂಧವನ್ನು ಹೊಂದಿರುವಂತಹ || te: నిందనీయమైన మాటలు,form_similar,,,,
B002919,ಬುದ್ಧ,బుద్ధి,buddha,buddhi,,kn: ಬೌದ್ಧ ಧರ್ಮವನ್ನು ಸ್ಥಾಪಿಸಿದ ಜಾಗತಿಕ ಮಹಾನ್ ಧರ್ಮ ಪ್ರವರ್ಥಕ || te: వివేకం కలిగి ఉండుట.,form_similar,,,,
B002920,ಬುದ್ಧಿ,బుద్ది,buddhi,buddi,,kn: ಬುದ್ಧಿ/ಜ್ಞಾನವನ್ನು ನೀಡುವ ವೃತ್ತಿ ಅಥವಾ ಶಕ್ತಿ || te: తెలివైనవాడికి ఉండేది,form_similar,,,,
B002921,ಬುದ್ಧಿವಂತ,బుద్థివంతం,buddhivaṁta,budthivaṁtaṁ,,kn: ತುಂಬಾ ಬುದ್ಧಿವಂತಿಕೆ ಇರುವವ || te: తెలివితోకూడిన భావం,form_similar,,,,
B002922,ಬುರಮ,బురద,burama,burada,,"kn: ಮರವನ್ನು ತೂತು ಮಾಡಿ ಕೊರೆಯುವ ಉಪಕರಣ || te: నీటిలో కలిసిఉన్న ధూళి, దుమ్ము, మట్టి మొదలైనవి",form_similar,,,,
B002923,ಬುರಮ,భ్రమ,burama,bhrama,,kn: ಮರವನ್ನು ತೂತು ಮಾಡಿ ಕೊರೆಯುವ ಉಪಕರಣ || te: లేనిది ఉన్నదనుకోవడం,form_similar,,,,
B002924,ಬುರುಜು,బురుగు,buruju,burugu,,kn: ಅರ್ಧ ಗೋಳಾಕಾರದ ಗೋಪುರ || te: సబ్బురుద్దినప్పుడు వచ్చేది,form_similar,,,,
B002925,ಬೆದರು,బెదురు,bedaru,beduru,,kn: ವಿಪ್ಪತ್ತು ಅಥವಾ ಅನಿಷ್ಟ ಭಯದಿಂದ ಮನಸ್ಸಿನಲ್ಲಿ ಉತ್ಪತ್ತಿಯಾಗುವ ಮನಸ್ಸಿನ ಬದಲಾವಣೆ ಅಥವಾ ಭಾವ || te: జరగబోవు కీడు తెలిసినప్పుడు మనస్సులో కలిగే భావన.,form_similar,,,,
B002926,ಬೆನಿನ,బెనిని,benina,benini,,kn: ಪಶ್ಚಿಮ ಆಫ್ರಿಕಾದ ಒಂದು ದೇಶ || te: బెనిన్ కు చెందిన,form_similar,,,,
B002927,ಬೆರಗು,బెరడు,beragu,beraḍu,,"kn: ಮನಸ್ಸಿನ ಭಾವನೆಯಲ್ಲಿ ಯಾವುದೇ  ಹೊಸ ವಿಚಿತ್ರ ಅಥವಾ ಅಸಾಧಾರಣ ಮಾತನ್ನು ನೋಡಿದಾಗ, ಕೇಳಿದಾಗ ಅಥವಾ ಧ್ಯಾನ ಮಾಡುವಾಗ ಬರುವುದು || te: కేవలం కాలడం ద్వారా తయారుచేసిన వస్తువు",form_similar,,,,
B002928,ಬೆರಳು,బెరడు,beraḷu,beraḍu,,kn: ಕೈನ ಒಂದು ಬೆರಳಿನಿಂದ ಹಿಡಿದು ಇನ್ನೊಂದು ಬೆರಳಿನ ತನಕ ಇರುವ  ವಿಸ್ತಾರ || te: కేవలం కాలడం ద్వారా తయారుచేసిన వస్తువు,form_similar,,,,
B002929,ಬೆರಸು,బెరడు,berasu,beraḍu,,kn: ಮಿಶ್ರಣ ಅಥವಾ ಮಿಶ್ರಣ ಮಾಡುವ ಕ್ರಿಯೆ || te: కేవలం కాలడం ద్వారా తయారుచేసిన వస్తువు,form_similar,,,,
B002930,ಬೆಳದ,బెడద,beḷada,beḍada,,kn: ಪೂರ್ಣವಾಗಿ ವಿಕಸಿತವಾದ || te: నిందనీయమైన మాటలు,form_similar,,,,
B002931,ಬೇಜಾನು,బేజారు,bējānu,bējāru,,kn: ಯಾವುದೋ ಒಂದು ನಿಶ್ಚಿತ ತಾಪಮಾನದಿಂದ ಹೆಚ್ಚಾಗಿ ಸಾಂದ್ರವಾಗಿರುವ ಅಥವಾ ಅದರಲ್ಲಿ ಇನ್ನು ಹೆಚ್ಚು ಬೆರಸಲು ಸಾಧ್ಯವಾಗದ || te: మనస్సు కలతగా ఉండుట.,form_similar,,,,
B002932,ಬೇಜಾರು,బజారు,bējāru,bajāru,,kn: ಬೇಸರ ಪಡುವ ಅಥವಾ ಯಾವುದೇ ಕೆಲಸದಲ್ಲಿ ಮನಸ್ಸು ಮಾಡದೆ ಇರುವ ಅವಸ್ಥೆ ಅಥವಾ ಭಾವನೆ || te: తూకం ద్వారా విశేషమైన వస్తువు అమ్మడం,form_similar,,,,
B002933,ಬೇಡದ,బెడద,bēḍada,beḍada,,kn: ಯಾರಿಂದ ಅಥವಾ ಯಾವುದಾದರೊಂದರಿಂದ ಅಪೇಕ್ಷೆಯಿಲ್ಲದಂತಹ || te: నిందనీయమైన మాటలు,form_similar,,,,
B002934,ಬೇಡಿದ,బూడిద,bēḍida,būḍida,,kn: ಅಂಗಲಾಚಿ ಮತ್ತು ದೀನತೆಯಿಂದ ಬೇಡುವಂತಹ || te: ఏదైనా ఒక వస్తువు కాలిపోయిన తరువాత చివరకు మిగిలేది.,form_similar,,,,
B002935,ಬೇಸರ,బేసరి,bēsara,bēsari,,kn: ಬೇಸರ ಪಡುವ ಅಥವಾ ಯಾವುದೇ ಕೆಲಸದಲ್ಲಿ ಮನಸ್ಸು ಮಾಡದೆ ಇರುವ ಅವಸ್ಥೆ ಅಥವಾ ಭಾವನೆ || te: ముక్కుకు పెట్టుకొనే అభరణం,form_similar,,,,
B002936,ಬೈಂಗು,బంగు,baiṁgu,baṁgu,,kn: ಆ ಸಮಯ ದಿನದ ಅಂತ್ಯ ಮತ್ತು ರಾತ್ರಿಯ ಆರಂಭವಾಗಿರುತ್ತದೆ || te: ఒకరకమైన ఆకు దీనిని సేవిస్తే మత్తు కలుగుతుంది,form_similar,,,,
B002937,ಬೊಟ್ಟು,బొట్టు.,boṭṭu,boṭṭu.,,"kn: ಚಂದನ, ಕೇಸರಿ ಮೊದಲಾದವುಗಳನ್ನು ಹಣೆ, ತೋಳುಗಳ ಮೇಲೆ ಇಡುವ ಚಿಹ್ನೆ || te: వాక్యం చివర పెట్టెది",form_similar,,,,
B002938,ಬೊಮ್ಮನ್,బొమ్మ,bomman,bomma,,kn: ಬ್ರಹ್ಮಣರನ್ನು ಕುರಿತು ಬಳಸುವ ನಿಂದಾರ್ಥಿ ಶಬ್ದ || te: మట్టితో తయారుచేసిన ఆకృతులు,form_similar,,,,
B002939,ಬೊಮ್ಮನ್,బొమ్మ.,bomman,bomma.,,kn: ಬ್ರಹ್ಮಣರನ್ನು ಕುರಿತು ಬಳಸುವ ನಿಂದಾರ್ಥಿ ಶಬ್ದ || te: అది ఒక వస్తువు. దీనిలో ఏవ్వరివైన చిత్రములను ఉంచి గోడకు తగిలిస్తారు.,form_similar,,,,
B002940,ಬ್ರಹ್ಮಚಾರಿ,బ్రహ్మచారిణి,brahmacāri,brahmacāriṇi,,kn: ಸ್ವಯಂಪೂರ್ವಕವಾಗಿ ಬ್ರಹ್ಮಚರ್ಯವನ್ನು ಪಾಲನೆಮಾಡುವವನು || te: శివుడి యొక్క భార్య,form_similar,,,,
B002941,ಬ್ರಹ್ಮಚಾರಿ,బ్రహ్మచారిని,brahmacāri,brahmacārini,,kn: ಸ್ವಯಂಪೂರ್ವಕವಾಗಿ ಬ್ರಹ್ಮಚರ್ಯವನ್ನು ಪಾಲನೆಮಾಡುವವನು || te: బ్రహ్మచర్యం పాటించే స్త్రీ,form_similar,,,,
B002942,ಬ್ರಹ್ಮಚಾರಿಣಿ,బ్రహ్మచారి.,brahmacāriṇi,brahmacāri.,,kn: ಬ್ರಹ್ಮಚರ್ಯ ವ್ರತವನ್ನು ಪಾಲನೆ ಮಾಡುವಂತಹ ಸ್ತ್ರೀ || te: వివాహము జరగ కుండా ఉండు పురుషుడు.,form_similar,,,,
B002943,ಬ್ರಹ್ಮಪುತ್ರ,బ్రహ్మపుత్రి.,brahmaputra,brahmaputri.,,kn: ಭಾರತದ ಒಂದು ನದಿಯು ಮಾನಸಸರೋವರದಿಂದ ಹೊರಟು ಹಿಮಾಲಯದ ಪೂರ್ವ ಭಾಗಕ್ಕೆ ಬಂದು ನಂತರ ಅಲ್ಲಿಂದ ಭಾರತಕ್ಕೆ ಬರುವುದು || te: పంజాబ్ లోని  ఒక ప్రాచీన నది.,form_similar,,,,
B002944,ಬ್ರಹ್ಮಪುರಿ,బ్రహ్మపుత్రి.,brahmapuri,brahmaputri.,,kn: ಪುರಾಣದ ಅನುಸಾರವಾಗಿ ಬ್ರಹ್ಮದೇವನ ನಗರ ಅಥವಾ ಬ್ರಹ್ಮದೇವರ ವಾಸಸ್ಥಾನ || te: పంజాబ్ లోని  ఒక ప్రాచీన నది.,form_similar,,,,
B002945,ಬ್ರಹ್ಮಿ,బ్రహ్మ,brahmi,brahma,,kn: ಪತ್ರೆಗಳ ಹಾಗೆ ತೆಳು ಎಲೆಗಳನ್ನು ಹೊಂದಿರುವ ಒಂದು ಗಿಡವು ಔಷದಿಯ ರೂಪದಲ್ಲಿ ಬಳಕೆ ಮಾಡುತ್ತಾರೆ || te: హిందు ధర్మం ప్రకారం సృష్టికర్త,form_similar,,,,
B002946,ಬ್ರಾಂದಿ,బ్రాంతి,brāṁdi,brāṁti,,kn: ಒಂದು ಬಗೆಯ ವಿದೇಶಿ ಮಧ್ಯ || te: మాయలో పడటం,form_similar,,,,
B002947,ಭಕ್ತ,భర్త,bhakta,bharta,,kn: ದೇವಿ-ದೇವರು ಅಥವಾ ಈಶ್ವರನ ಮೇಲೆ ಪ್ರತಿಯೊಬ್ಬರು ಹೊಂದಿರುವಂತಹ ವಿಶೇಷ ಪ್ರೇಮ || te: అగ్ని సాక్షిగా తాళి కట్టినవాడు.,form_similar,,,,
B002948,ಭಕ್ತೆ,భక్తి,bhakte,bhakti,,kn: ಒಬ್ಬ ಹೆಂಗಸು ಈಶ್ವರ ಅಥವಾ ದೇವತೆಗಳ ಆರಾಧಿಸುವಳು ಅಥವಾ ಪೂಜೆಮಾಡುವವಳು || te: దేవదేవతలు లేదా ఈశ్వరునిపై విశిష్టమైన ప్రేమ,form_similar,,,,
B002949,ಭಗೀರಥದ,భగీరథ,bhagīrathada,bhagīratha,,kn: ರಾಜ ಭಗೀರಥನ ತಪ್ಪಸ್ಸಿನ ಸಮಾನ ತುಂಬಾ ದೊಡ್ಡದಾದ ಅಥವಾ ವಿಶಾಲವಾದ || te: శివుని జఠాలం నుంచి భూమిపైకి వచ్చిన నది దీనిని చాలా పుణ్యనదిగా భావిస్తారు.,form_similar,,,,
B002950,ಭಟ್ಟಿ,బట్టి,bhaṭṭi,baṭṭi,,"kn: ಇಟ್ಟಿಗೆ ಮುಂತಾದವುಗಳನ್ನು ಸುಡಲು ತಯಾರಿಸಿದ ದೊಡ್ಡದಾದ ಒಲೆ || te: పప్పు దినుసులను కొనడం, అమ్మడం జరుగు ప్రదేశము",form_similar,,,,
B002951,ಭತ್ತ,భర్త,bhatta,bharta,,kn: ಒಂದು ಗಿಡ ಅದರ ಬೀಜದಿಂದ ಅಕ್ಕಿಯು ಹೊರಬರುತ್ತದೆ || te: అగ్ని సాక్షిగా తాళి కట్టినవాడు.,form_similar,,,,
B002952,ಭಯ,భవ్య,bhaya,bhavya,,kn: ಅನಿಷ್ಟ ಆಗುವುದರಿಂದ ಮನಸ್ಸಿನಲ್ಲಿ ಮೂಡುವ ಕಲ್ಪನೆ || te: శివుడి యొక్క భార్య,form_similar,,,,
B002953,ಭರ್ಯ,భర్త,bharya,bharta,,kn: ರಾಜನ ಹೆಂಡತಿ || te: అగ్ని సాక్షిగా తాళి కట్టినవాడు.,form_similar,,,,
B002954,ಭರ್ಯ,భవ్య,bharya,bhavya,,kn: ರಾಜನ ಹೆಂಡತಿ || te: శివుడి యొక్క భార్య,form_similar,,,,
B002955,ಭರ್ಯ,భార్య,bharya,bhārya,,kn: ರಾಜನ ಹೆಂಡತಿ || te: వివాహమైన స్త్రీ.,form_similar,,,,
B002956,ಭಾಗ್ಯ,భార్య,bhāgya,bhārya,,kn: ವ್ಯಕ್ತಿಯ ಹಿತಾಸಕ್ತಿಯ ಮೇಲೆ ಪ್ರಭಾವ ಬೀರುವ ಆಕಸ್ಮಿಕ ಘಟನೆಗಳು || te: వివాహమైన స్త్రీ.,form_similar,,,,
B002957,ಭಾಜ್ಯ,భార్య,bhājya,bhārya,,kn: ಒಂದು ಸಂಖ್ಯೆಯನ್ನು ಮತ್ತೊಂದು ಸಂಖ್ಯೆಯಿಂದ ಭಾಗಿಸುವುದು || te: వివాహమైన స్త్రీ.,form_similar,,,,
B002958,ಭಾರ,భార్య,bhāra,bhārya,,"kn: ಯಾವುದೇ ಸಂಗತಿಯ ಅನಗತ್ಯ ಹೊಣೆ, ಖರ್ಚು, ಅಥವಾ ಹೊಣೆಯನ್ನು ಹೋರುವಿಕೆ ಅಥವಾ ನಿಭಾಯಿಸುವಿಕೆ || te: వివాహమైన స్త్రీ.",form_similar,,,,
B002959,ಭಾರೀ,బీహారీ,bhārī,bīhārī,,kn: ಪ್ರಮಾಣದಲ್ಲಿ ಹೆಚ್ಚಾಗಿರುವುದು || te: బీహారుకు సంబంధించిన,form_similar,,,,
B002960,ಭಾಷ್ಟ,భాష,bhāṣṭa,bhāṣa,,kn: ನೀರು ಕುದಿಯುವಾಗ ಬಹಳ ಚಿಕ್ಕ-ಚಿಕ್ಕ ಜಲಕಣಗಳು ಆವಿಯ ರೂಪದಲ್ಲಿ ಮೇಲ ಹೋಗುವುದನ್ನು ನೋಡಬಹುದು || te: ఒక భాషను గుర్తించడానికి ఉపయోగించే సాధనం,form_similar,,,,
B002961,ಭಾಷ್ಯ,భార్య,bhāṣya,bhārya,,kn: ಜಟಿಲವಾದದ್ದನ್ನು ಅರ್ಥೈಸಿಕೊಳ್ಳಲು ನೀಡುವ ಸ್ಪಷ್ಟೀಕರಣ ಅಥವಾ ಸರಳವಾದ ವಿವರಣೆ || te: వివాహమైన స్త్రీ.,form_similar,,,,
B002962,ಭಾಷ್ಯ,భాష,bhāṣya,bhāṣa,,kn: ಜಟಿಲವಾದದ್ದನ್ನು ಅರ್ಥೈಸಿಕೊಳ್ಳಲು ನೀಡುವ ಸ್ಪಷ್ಟೀಕರಣ ಅಥವಾ ಸರಳವಾದ ವಿವರಣೆ || te: ఒక భాషను గుర్తించడానికి ఉపయోగించే సాధనం,form_similar,,,,
B002963,ಭಿಕ್ಷಾ_ಪಾತ್ರೆ,భిక్షాపాత్ర,bhikṣā_pātre,bhikṣāpātra,,kn: ತೆಂಗಿನ ಬರುಡೆ/ಚಿಪ್ಪನ್ನು ಫಕೀರ ಭಿಕ್ಷೆ ಬೇಡಲು ಇಟ್ಟುಕೊಂಡಿದ್ದಾನೆ || te: గిన్నె ఆకారంలోని మట్టి పాత్ర,form_similar,,,,
B002964,ಭೀಮ,భీష్మ,bhīma,bhīṣma,,kn: ಯುದೀಷ್ಟರನ ಚಿಕ್ಕ ತಮ್ಮನು ಅರ್ಜುನನಿಗಿಂತ ದೊಡ್ಡವನಾಗಿದ್ದನು || te: గంగకు పుట్టిన రాజ్జు యొక్క సంతానం,form_similar,,,,
B002965,ಭೂವಿಜ್ಞಾನದ,భూవిజ్ఞానం,bhūvijñānada,bhūvijñānaṁ,,kn: ಭೂವಿಜ್ಞಾನ ಅಥವಾ ಭೂವಿಜ್ಞಾನಕ್ಕೆ ಸಂಬಂಧಿಸಿದ || te: పుడమిని గురించి తెలియజేసేది,form_similar,,,,
B002966,ಭೇದ,భేదం,bhēda,bhēdaṁ,,"kn: ಔಚಿತ್ಯ ಅಥವಾ ನ್ಯಾಯದ ವಿಚಾರವನ್ನು ಬಿಟ್ಟು ಯಾವುದಾದರು ಒಂದು ಪಕ್ಷದ ಅನುರೂಪವಾದ ಪ್ರವೃತ್ತಿ ಅಥವಾ ಸಹಾನುಭೂತಿ ಮತ್ತು ಆ ಪಕ್ಷದ ಸಮರ್ಥನೆಯನ್ನು ನೀಡುವ ಕ್ರಿಯೆ ಅಥವಾ ಭಾವ || te: మాటలో, పనిలో, ఆలోచనలలో ఏకాభిప్రాయం లేని భావన",form_similar,,,,
B002967,ಭೋಗ,భోగం,bhōga,bhōgaṁ,,kn: ಯಾವುದೇ ವಸ್ತುವನ್ನು ಅನುಭವಿಸುವುದರಿಂದ ಆಗುವ ಸಂತೋಷ ಅಥವಾ ಖುಷಿಯ ಅನುಭವ || te: సుఖ-దుఃఖాలను మొదలైఅన అనుభూతితో పొందే భావన,form_similar,,,,
B002968,ಮಂತ್ರ,మంత్రి,maṁtra,maṁtri,,kn: ಯಾರಿಗಾದರೂ ಕೆಟ್ಟದ್ದನ್ನು ಮಾಡಲು ಅಥವಾ ದೈವೀ ಪೀಡೆ/ತಡೆ ದೂರಮಾಡುವುದಕ್ಕಾಗಿ ಪ್ರಯೋಗಮಾಡುವ ಯಾವುದಾದರು ಅಲೋಕಿಕವಾದ ಶಕ್ತಿ ಅಥವಾ ಭೂತ-ಪ್ರೇತಗಳ ಮೇಲೆ ವಿಶ್ವಾಸವನ್ನಿಟ್ಟು ಮಾಡಲಾಗುತ್ತದೆ/ಮಾಡುವ ಪೂಜೆ || te: ఏదో ఒక విభాగానికి కేటాయించబడిన ప్రజానాయకుడు,form_similar,,,,
B002969,ಮಂತ್ರಿ,మైత్రి,maṁtri,maitri,,"kn: ಯಾವುದಾದರು ವಿದ್ಯಾಲಯ ಅಥವಾ ದೊಡ್ಡ ವಿದ್ಯಾಲಯಗಳಲ್ಲಿ ಸರ್ವಪ್ರಧಾನವಾದ ಅಧಿಕಾರಿಣಿ ಅವರ ಅಧೀನದಲ್ಲಿ ಅಧ್ಯಾಪಕ ಅಥವಾ ಅಧ್ಯಾಪಕಿಯರು ಕೆಲಸವನ್ನು ಮಾಡುತ್ತಾರೆ || te: చిన్న, పెద్ద తేడా లేకుండా ప్రతి హృదయంలోనూ ఇతరులపై కలిగే భావన",form_similar,,,,
B002970,ಮಕಾಉ,మకాము,makāu,makāmu,,kn: ಜನವಾದಿ ಚೀನಾ ಗಣರಾಜ್ಯದ ಆಗ್ನೇಯ ದಿಕ್ಕಿರುವ ಒಂದು ವಿಶೇಷ ಆಡಳಿತ ಕ್ಷೇತ್ರದ ಹೆಸರು || te: తాత్కాలికంగా నివ్స్సించడానికి ఏర్పాటు చేసిన మకాము,form_similar,,,,
B002971,ಮಗುಚು,మడుచు,magucu,maḍucu,,kn: ಯಾವುದೋ ವಸ್ತುಗಳನ್ನು ಬುಡಮೇಲು ಮಾಡುವ || te: ఏదేని వస్తువు మొదలైనవాటి ఆకారాన్ని మార్చుట.,form_similar,,,,
B002972,ಮಗುರೀ,మగురా,magurī,magurā,,kn: ಈ ಮೀನಿನ ದವಡೆಯ ಎರಡೂ ಕಡೆ ಒಂದೊಂದು ಮುಳ್ಳುಗಳಿರುತ್ತವೆ || te: మగురీచేపలలో మగచేప,form_similar,,,,
B002973,ಮಡದಿ,మఱది,maḍadi,maṟadi,,kn: ಯಾರಾದರೂ ವಿವಾಹವಾದಂತಹ ಮಹಿಳೆ || te: భర్త యొక్క తమ్ముడు,form_similar,,,,
B002974,ಮಡಿಚು,మడచు,maḍicu,maḍacu,,"kn: ಸುಕ್ಕು ಗಟ್ಟಿಸುವಂತಹ || te: బట్టలు, కాగితాలు మొదలైనవాటిని పొరలుగా పెట్టుట.",form_similar,,,,
B002975,ಮಡಿಚು,మడుచు,maḍicu,maḍucu,,kn: ಸುಕ್ಕು ಗಟ್ಟಿಸುವಂತಹ || te: ఏదేని వస్తువు మొదలైనవాటి ఆకారాన్ని మార్చుట.,form_similar,,,,
B002976,ಮಡಿದ,మడిమ,maḍida,maḍima,,kn: ಯಾವುದು ಸತ್ತು ಹೋಗಿದೆಯೋ || te: పాదం వెనుక భాగం,form_similar,,,,
B002977,ಮಡಿಲು,మైలు,maḍilu,mailu,,kn: ನಿಂತಿರುವ ಮನುಷ್ಯನ ವಕ್ಷಸ್ಥಳ ಮತ್ತು ಸೊಂಟದ ಕೇಳಗಿನ ಸ್ಥಾನದಲ್ಲಿ ಮಗುವನ್ನು ಕೂರಿಸಿಕೊಂಡು ಸಮಾಧಾನ ಅಥವಾ ಸಂಬಾಲಿಸಲಾಗುತ್ತದೆ || te: ఐదువేల రెండు వందల ఎనవై అడుగుల దూరం,form_similar,,,,
B002978,ಮಡುವು,మడుగు,maḍuvu,maḍugu,,kn: ನದಿ ಮೊದಲಾದವುಗಳ ಸ್ಥಾನದ ಅಕ್ಕ-ಪಕ್ಕದ ಜಾಗದಲ್ಲಿ ನೀರು ಅಧಿಕವಾಗಿರುವುದು || te: చిన్నని జలాశయము.,form_similar,,,,
B002979,ಮಡುವು,మడుచు,maḍuvu,maḍucu,,kn: ನದಿ ಮೊದಲಾದವುಗಳ ಸ್ಥಾನದ ಅಕ್ಕ-ಪಕ್ಕದ ಜಾಗದಲ್ಲಿ ನೀರು ಅಧಿಕವಾಗಿರುವುದು || te: ఏదేని వస్తువు మొదలైనవాటి ఆకారాన్ని మార్చుట.,form_similar,,,,
B002980,ಮಡುವು,మణువు,maḍuvu,maṇuvu,,kn: ನದಿ ಮೊದಲಾದವುಗಳ ಸ್ಥಾನದ ಅಕ್ಕ-ಪಕ್ಕದ ಜಾಗದಲ್ಲಿ ನೀರು ಅಧಿಕವಾಗಿರುವುದು || te: నలభై సేర్ల బరువు గల కొలత,form_similar,,,,
B002981,ಮತಾವಲಂಬಿ,మౌనావలంబి,matāvalaṁbi,maunāvalaṁbi,,kn: ಅವರು ಯಾವ ಧರ್ಮವನ್ನು ನಂಬುತ್ತಾರೆ || te: మౌనవ్రతం చేసేవాడు,form_similar,,,,
B002982,ಮದುರ,మదురా,madura,madurā,,kn: ಭೂಮಿಯ ಸುತ್ತಾ ಸುತ್ತುವ ಒಂದು ಗ್ರಹ || te: ఋషులు చెయ్యికి కట్టుకొనే ఆభరణం,form_similar,,,,
B002983,ಮದ್ಯ,మద్యం,madya,madyaṁ,,kn: ಹೆಂಡ ಅಥವಾ ಮದ್ಯ ಕುಡಿಯುವ ದುರಭ್ಯಾಸ || te: మత్తి కలిగించే పానీయం,form_similar,,,,
B002984,ಮದ್ಯ,మధ్య,madya,madhya,,kn: ಹೆಂಡ ಅಥವಾ ಮದ್ಯ ಕುಡಿಯುವ ದುರಭ್ಯಾಸ || te: రెండింటీ అంచుల మధ్య భాగం.,form_similar,,,,
B002985,ಮನೋರಂಜಕ,మనోరంజనం,manōraṁjaka,manōraṁjanaṁ,,kn: ಪೂರ್ತಿ ಮನಸ್ಸನ್ನು ರಂಜಿಸುವಂತಹ ಗುಣವುಳ್ಳದ್ದು || te: మనస్సుకు సంతోషాన్ని కలిగించే పని.,form_similar,,,,
B002986,ಮಯೂರಿ,మయురి,mayūri,mayuri,,kn: ಹೆಣ್ಣು ನವಿಲು || te: నాట్యం చేసే పక్షి,form_similar,,,,
B002987,ಮರಣ,మరక,maraṇa,maraka,,kn: ಶರೀರದಿಂದ ಪ್ರಾಣ ಹೋದ ನಂತರದ ಅವಸ್ಥೆ || te: ఏదైన ద్రవ పదార్ధం చల్లినపుడు పడే చుక్క,form_similar,,,,
B002988,ಮರದ,మరక,marada,maraka,,kn: ಮರದಿಂದ ಮಾಡಿದ || te: ఏదైన ద్రవ పదార్ధం చల్లినపుడు పడే చుక్క,form_similar,,,,
B002989,ಮರುಕ,మరక,maruka,maraka,,kn: ಇನೊಬ್ಬರ ದುಃಖವನ್ನು ನೋಡಿ ಮನಸಿನಲ್ಲಿ ಅನುಕಂಪ ಹುಟ್ಟುವುದು || te: ఏదైన ద్రవ పదార్ధం చల్లినపుడు పడే చుక్క,form_similar,,,,
B002990,ಮರುಕ,మరొక,maruka,maroka,,kn: ಇನೊಬ್ಬರ ದುಃಖವನ್ನು ನೋಡಿ ಮನಸಿನಲ್ಲಿ ಅನುಕಂಪ ಹುಟ್ಟುವುದು || te: దానిని విడిచి మరొకరు లేదా ఇతరులు,form_similar,,,,
B002991,ಮರುಗು,మడుగు,marugu,maḍugu,,kn: ತಮ್ಮ ತಪ್ಪು ಅರಿವಾದಾಗ ಮನಸ್ಸಿನಲ್ಲಿ ಆಗುವಂತಹ ದುಃಖ ಅಥವಾ ಪರಿತಾಪ ಮತ್ತು ಆ ಭಾವನೆಗಳು ಮಿಶ್ರವಾದಂತಹ ಮನಸ್ಥಿತಿಯ ಹೆಸರು || te: చిన్నని జలాశయము.,form_similar,,,,
B002992,ಮರುಗು,మరుడు,marugu,maruḍu,,kn: ತಮ್ಮ ತಪ್ಪು ಅರಿವಾದಾಗ ಮನಸ್ಸಿನಲ್ಲಿ ಆಗುವಂತಹ ದುಃಖ ಅಥವಾ ಪರಿತಾಪ ಮತ್ತು ಆ ಭಾವನೆಗಳು ಮಿಶ್ರವಾದಂತಹ ಮನಸ್ಥಿತಿಯ ಹೆಸರು || te: కామ రూపంలో ఉండే దేవుడు,form_similar,,,,
B002993,ಮರುಗು,మురుగు,marugu,murugu,,kn: ತಮ್ಮ ತಪ್ಪು ಅರಿವಾದಾಗ ಮನಸ್ಸಿನಲ್ಲಿ ಆಗುವಂತಹ ದುಃಖ ಅಥವಾ ಪರಿತಾಪ ಮತ್ತು ಆ ಭಾವನೆಗಳು ಮಿಶ್ರವಾದಂತಹ ಮನಸ್ಥಿತಿಯ ಹೆಸರು || te: చెడిపోవడం,form_similar,,,,
B002994,ಮರುಗು,మెరుగు,marugu,merugu,,kn: ತಮ್ಮ ತಪ್ಪು ಅರಿವಾದಾಗ ಮನಸ್ಸಿನಲ್ಲಿ ಆಗುವಂತಹ ದುಃಖ ಅಥವಾ ಪರಿತಾಪ ಮತ್ತು ಆ ಭಾವನೆಗಳು ಮಿಶ್ರವಾದಂತಹ ಮನಸ್ಥಿತಿಯ ಹೆಸರು || te: వస్తువులు మెరవడానికి వాటిపైన వేసే మృదువైన లేపనం,form_similar,,,,
B002995,ಮರುಗು,మొరుగు,marugu,morugu,,kn: ತಮ್ಮ ತಪ್ಪು ಅರಿವಾದಾಗ ಮನಸ್ಸಿನಲ್ಲಿ ಆಗುವಂತಹ ದುಃಖ ಅಥವಾ ಪರಿತಾಪ ಮತ್ತು ಆ ಭಾವನೆಗಳು ಮಿಶ್ರವಾದಂತಹ ಮನಸ್ಥಿತಿಯ ಹೆಸರು || te: కుక్క యొక్క అరుపు,form_similar,,,,
B002996,ಮಲಗು,మెలగు,malagu,melagu,,kn: ಮಲಗಿ ಶರೀರ ಮತ್ತು ಮಸ್ತಕಕ್ಕೆ ವಿಶ್ರಾಂತಿಯನ್ನು ನೀಡುವ ನಿದ್ರೆಯ ಅವಸ್ಥೆ || te: మనస్సులోని మాటను సైగల ద్వారా తెలియచేయుట,form_similar,,,,
B002997,ಮಲಮು,మతము,malamu,matamu,,kn: ಗಾಯದ ಮೇಲೆ ಲೇಪಿಸುವ ಉತ್ತಮ ರೀತಿಯ ರಾಸಾಯನಿಕ ಆಧಾರದ ಮೇಲೆ ಮಾಡಿರುವಂತಹ ಜಿಡ್ಡು ಪದಾರ್ಥ || te: ఏదైన మతమును అనుసరించువారు.,form_similar,,,,
B002998,ಮಲಿನ,మలిని,malina,malini,,kn: ಯಾವುದು ಸ್ವಚ್ಚವಲ್ಲವೋ ಅಥವಾ ಅದರಲ್ಲಿ ದೋಷವಿರುವುದೋ || te: ఆడపిల్లలు పన్నెండు లేదా పదమూడు సంవత్సరాలకు అయ్యేది,form_similar,,,,
B002999,ಮಲಿನ,మలిస,malina,malisa,,kn: ಯಾವುದು ಸ್ವಚ್ಚವಲ್ಲವೋ ಅಥವಾ ಅದರಲ್ಲಿ ದೋಷವಿರುವುದೋ || te: కంసాలి యొక్క ఉపకరణం అది ఉలిలాగే ఉంటుంది,form_similar,,,,
